game,turn,seat,blanks,rack_tiles,ref_wall_1788520311,ref_cpu_1788520311,ref_wall_1788520312,ref_cpu_1788520312,ref_wall_1788520313,ref_cpu_1788520313,ref_wall_1788520313,ref_cpu_1788520313,ref_wall_1788520314,ref_cpu_1788520314,sub_wall_1788519445,sub_cpu_1788519445,sub_wall_1788519448,sub_cpu_1788519448,sub_wall_1788519452,sub_cpu_1788519452,sub_wall_1788519455,sub_cpu_1788519455,sub_wall_1788519458,sub_cpu_1788519458,ref_runs,ref_min_wall_ms,ref_stalls_dropped,ref_mean_wall_ms,ref_mean_cpu_ms,sub_runs,sub_min_wall_ms,sub_stalls_dropped,sub_mean_wall_ms,sub_mean_cpu_ms,ratio_mean_wall
0,0,0,1,7,17.5360,16.5653,17.5967,16.2508,16.5009,15.2436,16.3595,15.1122,16.8278,15.6278,29.0287,29.0327,72.6174,72.6380,31.4555,31.5040,30.1363,30.1583,29.2444,29.2965,5,16.3595,0,16.9642,15.7599,5,29.0287,0,38.4965,38.5259,2.2693
0,1,1,0,7,1.3534,1.2672,0.9540,0.8787,1.2884,1.1800,0.8294,0.7613,0.8260,0.7542,1.5351,1.5341,1.6566,1.6500,1.8305,1.8190,1.5813,1.5783,1.5893,0.7042,5,0.8260,0,1.0502,0.9683,5,1.5351,0,1.6386,1.4571,1.5602
0,10,0,0,7,0.2481,0.2268,0.2745,0.2503,0.5074,0.4630,0.2614,0.2338,0.2376,0.2117,0.5254,0.5271,0.4334,0.4314,0.5123,0.5135,0.4507,0.4475,0.4553,0.4538,5,0.2376,0,0.3058,0.2771,5,0.4334,0,0.4754,0.4747,1.5547
0,11,1,0,7,0.3884,0.3602,0.4209,0.3834,0.4397,0.4013,0.4045,0.3642,0.3759,0.3429,0.8476,0.8216,0.7405,0.7395,0.8090,0.7881,0.8038,0.8021,0.7422,0.7415,5,0.3759,0,0.4059,0.3704,5,0.7405,0,0.7886,0.7786,1.9430
0,12,0,1,7,2.3234,2.1635,2.3094,2.1174,2.3622,2.1634,2.2631,2.0723,2.2879,2.0842,5.3189,5.3156,4.9843,4.9840,5.2217,5.2124,4.8938,4.8801,4.8353,4.8324,5,2.2631,0,2.3092,2.1202,5,4.8353,0,5.0508,5.0449,2.1873
0,13,1,0,7,0.3974,0.3653,0.3933,0.3537,0.4064,0.3661,0.3501,0.3150,0.4190,0.3820,0.6862,0.6867,0.7081,0.7085,0.7107,0.7031,0.7468,0.7465,0.7212,0.7116,5,0.3501,0,0.3932,0.3564,5,0.6862,0,0.7146,0.7113,1.8172
0,14,0,0,7,0.3641,0.3401,0.3548,0.3178,0.3651,0.3291,0.3184,0.2849,0.3448,0.3131,0.6168,0.6171,0.5998,0.6004,48.8157,48.7629,0.5992,0.5960,0.5754,0.5743,5,0.3184,0,0.3494,0.3170,5,0.5754,1,0.5978,0.5969,1.7107
0,15,1,0,7,0.2804,0.2575,0.2812,0.2538,0.2823,0.2546,0.2719,0.2451,0.2478,0.2310,0.4716,0.4718,0.5105,0.5071,0.6016,0.6033,0.4788,0.4765,0.4358,0.4356,5,0.2478,0,0.2727,0.2484,5,0.4358,0,0.4997,0.4989,1.8321
0,16,0,0,7,0.3357,0.3146,0.3573,0.3234,0.3623,0.3245,0.3487,0.3155,0.3158,0.2871,0.6421,0.6381,0.6448,0.6460,0.7348,0.7315,0.6295,0.6251,0.6292,0.6274,5,0.3158,0,0.3440,0.3130,5,0.6292,0,0.6561,0.6536,1.9074
0,17,1,0,7,0.2476,0.2169,0.2397,0.2136,0.2743,0.2472,0.2304,0.2064,0.1986,0.1768,0.3799,0.3800,0.3352,0.3351,0.4028,0.3993,0.3970,0.3944,0.3306,0.3297,5,0.1986,0,0.2381,0.2122,5,0.3306,0,0.3691,0.3677,1.5501
0,18,0,0,7,0.4188,0.3922,0.3995,0.3627,0.4286,0.3874,0.3832,0.3522,0.3884,0.3527,0.7661,0.7659,0.7508,0.7513,0.8745,0.8695,0.9345,0.9337,0.7828,0.7842,5,0.3832,0,0.4037,0.3694,5,0.7508,0,0.8217,0.8209,2.0355
0,19,1,0,7,0.3200,0.2966,0.2812,0.2545,0.3187,0.2879,0.2793,0.2531,0.2769,0.2502,0.6123,0.6131,0.5293,0.5283,0.6451,0.6418,0.6280,0.5644,0.5264,0.5211,5,0.2769,0,0.2952,0.2685,5,0.5264,0,0.5882,0.5737,1.9925
0,2,0,0,7,1.1013,1.0284,1.2657,1.1551,1.7677,1.6177,1.0673,0.9821,1.0902,1.0015,2.1668,2.1597,2.4273,2.4201,2.4464,2.4358,2.2982,2.2950,51.4274,52.3901,5,1.0673,0,1.2584,1.1570,5,2.1668,1,2.3347,2.3277,1.8552
0,20,0,0,7,0.3820,0.2889,0.2259,0.2038,0.2379,0.2185,0.2223,0.2001,0.2264,0.2041,0.4177,0.4183,0.4370,0.4363,0.5151,0.4470,0.4707,0.4672,0.4448,0.4452,5,0.2223,0,0.2589,0.2231,5,0.4177,0,0.4571,0.4428,1.7654
0,21,1,0,7,0.6700,0.6383,0.3176,0.2864,0.2392,0.2159,0.2724,0.2534,0.3063,0.2968,0.5352,0.5360,52.6612,0.4923,0.4685,0.4646,0.4749,0.4699,0.4399,0.4390,5,0.2392,0,0.3611,0.3382,5,0.4399,1,0.4796,0.4774,1.3282
0,22,0,0,7,0.2847,0.2574,0.3130,0.2686,0.2276,0.2054,0.2573,0.2306,0.2290,0.2049,0.4264,0.4263,0.4609,0.4591,0.5388,0.5298,0.4852,0.4798,0.4392,0.4375,5,0.2276,0,0.2623,0.2334,5,0.4264,0,0.4701,0.4665,1.7921
0,23,1,0,7,0.3397,0.3108,0.3027,0.2690,0.4849,0.4125,0.2849,0.2581,0.2876,0.2604,0.6379,0.6384,0.6810,0.6775,0.6880,0.6853,0.5705,0.5666,0.5389,0.5380,5,0.2849,0,0.3400,0.3022,5,0.5389,0,0.6233,0.6212,1.8333
0,24,0,0,7,0.2180,0.1995,0.2348,0.1955,0.2206,0.1991,0.1980,0.1780,0.2012,0.1809,0.3648,0.3650,0.3723,0.3682,0.4511,0.4412,0.4056,0.4024,0.3590,0.3579,5,0.1980,0,0.2145,0.1906,5,0.3590,0,0.3906,0.3869,1.8206
0,25,1,0,7,0.2053,0.1881,0.2210,0.1969,0.2107,0.1897,0.2096,0.1821,0.2013,0.1807,0.4462,0.4466,0.4605,0.4532,0.4711,0.4702,0.3810,0.3759,0.3791,0.3789,5,0.2013,0,0.2096,0.1875,5,0.3791,0,0.4276,0.4250,2.0402
0,26,0,0,7,0.1920,0.1755,0.1996,0.1793,0.1912,0.1712,0.1881,0.1703,0.1886,0.1692,0.3066,0.3059,0.3312,0.3314,0.3764,0.3659,0.4107,0.3887,0.3213,0.3197,5,0.1881,0,0.1919,0.1731,5,0.3066,0,0.3492,0.3423,1.8199
0,27,1,0,7,0.1988,0.1821,0.1992,0.1792,0.2128,0.1917,0.1956,0.1742,0.2903,0.2627,0.3781,0.3630,0.3502,0.3433,0.3743,0.3702,0.4077,0.4058,0.3691,0.3678,5,0.1956,0,0.2193,0.1980,5,0.3502,0,0.3759,0.3700,1.7137
0,28,0,0,7,0.2308,0.2116,0.2377,0.2147,0.2690,0.2293,0.2227,0.2012,0.2325,0.2091,0.5053,0.5058,0.4546,0.4554,0.5514,0.5483,0.5401,0.5370,0.4108,0.4100,5,0.2227,0,0.2385,0.2132,5,0.4108,0,0.4924,0.4913,2.0644
0,29,1,0,7,0.1964,0.1775,0.1951,0.1751,0.2332,0.2148,0.1885,0.1693,0.1971,0.1780,0.3514,0.3511,0.3383,0.3377,0.3639,0.3604,0.3615,0.3582,0.3297,0.3285,5,0.1885,0,0.2021,0.1829,5,0.3297,0,0.3490,0.3472,1.7270
0,3,1,0,7,0.9616,0.8885,0.9394,0.8578,0.9688,0.8865,0.9413,0.8492,0.9259,0.8363,1.7982,1.7947,2.0039,1.9962,1.9452,1.9353,54.1847,54.1819,2.0295,2.0225,5,0.9259,0,0.9474,0.8637,5,1.7982,1,1.9442,1.9372,2.0521
0,30,0,0,7,0.1777,0.1615,0.1712,0.1531,0.1999,0.1802,0.1635,0.1464,0.1660,0.1497,0.2959,0.0527,0.2746,0.2742,0.4105,0.4086,0.3114,0.2961,0.3085,0.3089,5,0.1635,0,0.1757,0.1582,5,0.2746,0,0.3202,0.2681,1.8227
0,31,1,0,7,0.1851,0.1690,0.1873,0.1661,0.3276,0.2519,0.1837,0.1586,0.1806,0.1632,0.3271,0.3269,0.3485,0.3487,0.4312,0.4279,0.3701,0.3679,0.3091,0.3077,5,0.1806,0,0.2129,0.1818,5,0.3091,0,0.3572,0.3558,1.6781
0,32,0,0,7,0.1562,0.1420,0.1574,0.1408,0.2367,0.2126,0.1575,0.1401,0.1534,0.1459,0.2619,0.2428,0.2443,0.2449,0.2876,0.2776,0.3188,0.3162,0.2403,0.2397,5,0.1534,0,0.1722,0.1563,5,0.2403,0,0.2706,0.2642,1.5709
0,33,1,0,7,0.2029,0.1860,0.2031,0.1830,0.3065,0.2759,0.2011,0.1794,0.2180,0.1846,0.3171,0.3170,0.3510,0.3517,0.5380,0.5346,0.3662,0.3621,0.3670,0.3654,5,0.2011,0,0.2263,0.2018,5,0.3171,0,0.3879,0.3862,1.7138
0,34,0,0,7,0.2078,0.2223,0.1752,0.1570,0.2584,0.2317,0.3735,0.3365,0.1820,0.1602,0.3391,0.3358,0.3408,0.3272,0.3073,0.3031,0.3339,0.3321,0.2790,0.2785,5,0.1752,0,0.2394,0.2215,5,0.2790,0,0.3200,0.3153,1.3369
0,35,1,0,7,0.2695,0.2476,0.2693,0.2428,0.3148,0.2749,0.2803,0.2524,0.2617,0.2378,0.4937,0.4941,0.4906,0.4891,0.6392,0.6383,0.5397,0.5369,0.4784,0.4771,5,0.2617,0,0.2791,0.2511,5,0.4784,0,0.5283,0.5271,1.8928
0,36,0,0,7,0.2771,0.2204,0.2488,0.2226,0.2643,0.2390,0.2539,0.2292,0.2408,0.2183,0.5389,0.5383,0.4773,0.4777,0.5754,0.5321,0.5285,0.5263,0.4754,0.4758,5,0.2408,0,0.2570,0.2259,5,0.4754,0,0.5191,0.5100,2.0200
0,37,1,0,7,0.4500,0.4169,0.4441,0.4018,0.4531,0.4101,0.5581,0.5107,0.8323,0.7615,1.0062,1.0055,0.9250,0.9242,1.0642,1.0254,1.0578,1.0296,0.9124,0.9129,5,0.4441,0,0.5475,0.5002,5,0.9124,0,0.9931,0.9795,1.8139
0,38,0,0,7,0.3132,0.2887,0.3002,0.2699,0.3341,0.2841,0.3309,0.2973,0.4974,0.4231,0.5581,0.5591,0.5512,0.5501,0.6463,0.6148,0.5719,0.5676,0.5492,0.5485,5,0.3002,0,0.3552,0.3126,5,0.5492,0,0.5753,0.5680,1.6199
0,39,1,0,4,0.1905,0.1719,0.1897,0.1719,0.4159,0.3707,0.2112,0.1827,0.2149,0.1903,0.4066,0.4069,0.4221,0.4102,0.3806,0.3784,0.4048,0.4022,0.3441,0.3446,5,0.1897,0,0.2444,0.2175,5,0.3441,0,0.3916,0.3885,1.6022
0,4,0,0,7,0.4439,0.4070,0.3860,0.3458,0.5193,0.4769,0.4416,0.4014,0.4247,0.3854,0.6863,0.6870,0.7214,0.7168,0.8280,0.7844,0.7773,0.7670,0.8379,0.8394,5,0.3860,0,0.4431,0.4033,5,0.6863,0,0.7702,0.7589,1.7382
0,40,0,0,3,0.1481,0.1339,0.1731,0.1542,0.2399,0.2098,0.1541,0.1379,0.1653,0.1442,0.2124,0.2110,0.2193,0.2195,0.3006,0.2835,0.2430,0.2395,0.2170,0.2170,5,0.1481,0,0.1761,0.1560,5,0.2124,0,0.2385,0.2341,1.3541
0,41,1,0,3,0.1459,0.1324,0.1479,0.1324,0.1636,0.1432,0.2447,0.2195,0.1610,0.1471,0.2143,0.1952,0.2159,0.2156,0.2439,0.2391,0.2374,0.2337,0.2193,0.2191,5,0.1459,0,0.1726,0.1549,5,0.2143,0,0.2262,0.2205,1.3102
0,42,0,0,2,0.1341,0.1213,0.1409,0.1256,0.1378,0.1224,0.2070,0.1860,0.1345,0.1207,0.1754,0.1748,0.1919,0.1913,0.2123,0.2092,0.2524,0.2479,0.2149,0.2069,5,0.1341,0,0.1509,0.1352,5,0.1754,0,0.2094,0.2060,1.3879
0,43,1,0,2,0.1459,0.1323,0.1464,0.1305,0.1475,0.1316,0.1610,0.1445,0.1475,0.1322,0.2753,0.2757,0.2941,0.2913,0.2746,0.2720,0.3622,0.3592,0.2882,0.2926,5,0.1459,0,0.1497,0.1342,5,0.2746,0,0.2989,0.2982,1.9971
0,44,0,0,1,0.1217,0.1096,0.1624,0.1441,0.1305,0.1135,0.1250,0.1088,0.1216,0.1087,0.1571,0.1528,0.1789,0.1789,0.2044,0.1927,0.1953,0.1917,0.1694,0.1730,5,0.1216,0,0.1322,0.1169,5,0.1571,0,0.1810,0.1778,1.3689
0,5,1,0,7,0.5990,0.5628,0.5023,0.4578,0.5455,0.4963,0.5598,0.5073,0.5347,0.4886,50.1850,50.1903,1.0657,1.0664,1.2973,1.2884,1.4338,1.4248,1.1039,1.0989,5,0.5023,0,0.5483,0.5026,5,1.0657,1,1.2252,1.2196,2.2347
0,6,0,0,7,0.3918,0.3579,0.3700,0.3364,0.6013,0.5698,0.3703,0.3334,0.3903,0.3602,0.9228,0.8990,0.7460,0.7397,0.9081,0.8590,0.7242,0.7212,0.7858,0.7865,5,0.3700,0,0.4247,0.3915,5,0.7242,0,0.8174,0.8011,1.9244
0,7,1,0,7,0.4576,0.4242,0.8829,0.8116,0.5507,0.5030,0.4339,0.3948,0.4571,0.4150,1.0003,1.0020,0.8929,0.8939,1.2276,1.2185,0.9583,0.9543,1.0511,1.0485,5,0.4339,0,0.5564,0.5097,5,0.8929,0,1.0260,1.0234,1.8439
0,8,0,0,7,0.2897,0.2671,0.4803,0.4306,0.4029,0.3644,0.2690,0.2417,0.2760,0.2505,0.5250,0.5251,0.4871,0.4865,0.5556,0.5496,0.5533,0.5506,0.4946,0.4930,5,0.2690,0,0.3436,0.3109,5,0.4871,0,0.5231,0.5210,1.5226
0,9,1,0,7,0.3962,0.3644,0.5962,0.5296,0.4700,0.4227,0.5656,0.5123,0.3937,0.3582,0.8326,0.7979,0.7944,0.7948,0.9477,0.9412,0.8165,0.8149,0.8477,0.8475,5,0.3937,0,0.4843,0.4374,5,0.7944,0,0.8478,0.8393,1.7504
1,0,0,0,7,0.4200,0.3840,0.3807,0.3535,0.2566,0.2296,0.3337,0.2970,0.2691,0.2461,0.4439,0.4445,0.4221,0.4216,0.4547,0.4462,0.4702,0.4685,0.4643,0.4631,5,0.2566,0,0.3320,0.3020,5,0.4221,0,0.4510,0.4488,1.3585
1,1,1,0,7,1.4610,1.3569,1.4720,1.3415,1.4459,1.3233,1.7760,1.6268,1.4356,1.3109,3.2704,3.2683,3.1152,3.1124,3.0140,3.0031,3.0661,3.0594,3.1416,3.1391,5,1.4356,0,1.5181,1.3919,5,3.0140,0,3.1215,3.1165,2.0562
1,10,0,0,7,0.5734,0.5329,0.6296,0.5736,0.6642,0.6033,0.6566,0.5992,0.5846,0.5292,1.2779,1.2793,1.2309,1.2309,1.2614,1.2554,1.3417,1.3356,1.2332,1.2325,5,0.5734,0,0.6217,0.5676,5,1.2309,0,1.2690,1.2667,2.0413
1,11,1,0,7,0.2227,0.2035,0.2338,0.2090,0.2564,0.2338,0.2433,0.2156,0.2271,0.2039,0.4982,0.4977,0.4282,0.4268,0.4597,0.4586,0.4370,0.4328,0.4396,0.4398,5,0.2227,0,0.2367,0.2132,5,0.4282,0,0.4525,0.4511,1.9122
1,12,0,0,7,0.6094,0.5662,0.6197,0.5648,0.5900,0.5386,0.5855,0.5262,0.5884,0.5376,1.2037,1.2050,1.1439,1.1445,1.3378,1.3357,1.1837,1.1811,1.2039,1.2045,5,0.5855,0,0.5986,0.5467,5,1.1439,0,1.2146,1.2142,2.0291
1,13,1,0,7,0.4463,0.4133,0.4663,0.4205,0.4883,0.4432,0.5144,0.4683,0.4473,0.4092,0.9700,0.9710,0.9271,0.9278,1.0035,1.0009,0.9536,0.9450,0.9805,0.9809,5,0.4463,0,0.4725,0.4309,5,0.9271,0,0.9669,0.9651,2.0463
1,14,0,0,7,0.5228,0.4855,0.5430,0.4977,0.5293,0.4598,0.5443,0.4847,0.4934,0.4489,1.0760,1.0767,1.0845,1.0823,1.1467,1.1451,1.1118,1.1103,57.3148,57.3155,5,0.4934,0,0.5266,0.4753,5,1.0760,1,1.1048,1.1036,2.0981
1,15,1,0,7,0.4298,0.3981,0.4259,0.3870,0.4366,0.3931,0.4751,0.4312,0.4166,0.3794,0.9119,0.9126,0.8720,0.8736,0.9301,0.9284,2.5787,2.5720,0.9671,0.9664,5,0.4166,0,0.4368,0.3978,5,0.8720,0,1.2520,1.2506,2.8662
1,16,0,0,7,0.4103,0.3796,0.4232,0.3839,0.4246,0.3856,0.4833,0.4426,0.4162,0.3787,0.9226,0.9235,0.8619,0.8616,0.9507,0.9492,53.1506,53.1261,0.9327,0.9306,5,0.4103,0,0.4315,0.3941,5,0.8619,1,0.9170,0.9162,2.1250
1,17,1,1,7,4.5119,4.2081,3.9798,3.6362,4.0186,3.6762,4.7764,4.3689,4.0453,3.6391,61.2696,61.2677,8.8386,8.8416,9.0221,8.9548,9.1591,9.1357,9.1363,9.1336,5,3.9798,0,4.2664,3.9057,5,8.8386,1,9.0390,9.0164,2.1187
1,18,0,1,7,2.2149,2.0674,1.5840,1.4465,1.5779,1.4498,1.9695,1.8028,2.0703,1.8986,3.5903,3.5825,4.5336,4.5296,59.0438,58.9979,3.6606,3.6490,3.6302,3.6273,5,1.5779,0,1.8833,1.7330,5,3.5903,1,3.8537,3.8471,2.0462
1,19,1,0,7,0.5378,0.4972,0.5617,0.5087,0.4669,0.4229,0.7528,0.6791,0.7014,0.6095,0.9201,0.9202,1.0419,1.0435,1.0720,1.0630,1.0941,1.0390,1.1086,1.1015,5,0.4669,0,0.6041,0.5435,5,0.9201,0,1.0473,1.0334,1.7337
1,2,0,0,7,0.4732,0.4359,0.4836,0.4318,0.4017,0.3647,0.4683,0.4212,0.4842,0.4387,0.8193,0.8177,0.8594,0.8595,0.8083,0.8000,0.8515,0.8445,0.8351,0.8311,5,0.4017,0,0.4622,0.4185,5,0.8083,0,0.8347,0.8306,1.8060
1,20,0,0,7,0.3344,0.3086,0.3311,0.2994,0.3147,0.2819,0.3902,0.3526,0.6049,0.5266,0.5606,0.5612,0.6355,0.6549,0.6423,0.6323,0.6811,0.6725,0.6573,0.6587,5,0.3147,0,0.3951,0.3538,5,0.5606,0,0.6354,0.6359,1.6083
1,21,1,0,7,0.6029,0.5609,0.3311,0.2952,0.3171,0.2866,0.3744,0.3386,0.5007,0.4301,0.5836,0.5847,0.6020,0.6003,0.6803,0.6489,0.6068,0.5972,0.5319,0.5311,5,0.3171,0,0.4252,0.3823,5,0.5319,0,0.6009,0.5924,1.4131
1,22,0,0,7,0.3517,0.3222,0.2870,0.2568,0.3119,0.2785,0.2761,0.2477,0.3825,0.3241,0.4311,0.4308,0.4960,0.4964,0.5109,0.5053,0.5530,0.5508,0.5407,0.5411,5,0.2761,0,0.3218,0.2859,5,0.4311,0,0.5063,0.5049,1.5733
1,23,1,0,7,0.2861,0.2646,0.2925,0.2711,0.5929,0.4748,0.3377,0.3352,0.4103,0.3547,0.5790,0.5795,0.5903,0.5881,0.6002,0.5924,0.6386,0.6346,0.5187,0.5181,5,0.2861,0,0.3839,0.3401,5,0.5187,0,0.5854,0.5825,1.5248
1,24,0,0,7,0.2912,0.2640,0.2370,0.2135,0.3392,0.2887,0.2445,0.2201,0.2980,0.2524,0.4068,0.4060,0.4712,0.4722,0.4578,0.4537,0.7925,0.5314,0.4655,0.4653,5,0.2370,0,0.2820,0.2477,5,0.4068,0,0.5188,0.4657,1.8397
1,25,1,0,7,0.2694,0.2477,0.3158,0.2688,0.4877,0.4397,0.2659,0.2401,0.2809,0.2662,0.4629,0.4620,0.5333,0.5312,0.5212,0.5182,0.5468,0.5397,0.4603,0.4592,5,0.2659,0,0.3239,0.2925,5,0.4603,0,0.5049,0.5021,1.5586
1,26,0,0,7,0.2322,0.2147,0.2563,0.2244,0.2589,0.2330,0.2459,0.2199,0.2380,0.2147,0.4036,0.3996,0.4566,0.4573,0.4371,0.4334,0.5634,0.5415,0.4508,0.4508,5,0.2322,0,0.2463,0.2213,5,0.4036,0,0.4623,0.4565,1.8773
1,27,1,0,7,0.1870,0.2071,0.1914,0.1702,0.2009,0.1773,0.1946,0.1729,0.1891,0.1698,0.2884,0.2881,0.3074,0.3070,0.3284,0.3249,0.3655,0.3572,0.3077,0.3070,5,0.1870,0,0.1926,0.1795,5,0.2884,0,0.3195,0.3168,1.6588
1,28,0,0,7,0.1690,0.1549,0.1709,0.1532,0.1734,0.1563,0.1746,0.1565,0.1957,0.1754,0.2809,0.2926,0.2775,0.2769,0.3333,0.3308,0.2992,0.2977,0.2810,0.2796,5,0.1690,0,0.1767,0.1593,5,0.2775,0,0.2944,0.2955,1.6658
1,29,1,0,7,0.2538,0.2351,0.2219,0.2000,0.2232,0.2021,0.2259,0.2038,0.3254,0.2921,0.3776,0.3718,0.4259,0.4261,0.3977,0.3946,0.4741,0.4725,0.4214,0.4213,5,0.2219,0,0.2500,0.2266,5,0.3776,0,0.4193,0.4173,1.6771
1,3,1,0,7,0.8293,0.7733,0.9040,0.8292,1.2181,1.1132,0.8422,0.7673,0.8471,0.7822,1.8945,1.8939,1.8812,1.8786,1.7916,1.7863,1.7570,1.7536,1.8629,1.8609,5,0.8293,0,0.9281,0.8530,5,1.7570,0,1.8374,1.8347,1.9797
1,30,0,0,7,0.2492,0.2265,0.2280,0.2070,0.2295,0.2094,0.2485,0.2226,0.2904,0.2592,0.3829,0.3827,54.8080,0.4894,0.4394,0.4495,0.4284,0.4243,0.4001,0.3990,5,0.2280,0,0.2491,0.2249,5,0.3829,1,0.4127,0.4139,1.6566
1,31,1,0,7,0.3029,0.2807,0.3792,0.3465,0.2826,0.2564,0.4904,0.4462,0.2866,0.2595,0.5097,0.5110,0.6646,0.6614,0.5260,0.5222,0.6513,0.6120,0.5349,0.5350,5,0.2826,0,0.3483,0.3179,5,0.5097,0,0.5773,0.5683,1.6573
1,32,0,0,4,0.1552,0.1408,0.2199,0.1923,0.1796,0.1617,0.1633,0.1444,0.1592,0.1429,0.2169,0.2165,0.3019,0.2957,0.2594,0.2550,0.2809,0.2709,0.2347,0.2335,5,0.1552,0,0.1754,0.1564,5,0.2169,0,0.2588,0.2543,1.4749
1,33,1,0,3,0.1471,0.1333,0.1984,0.1441,0.1487,0.1337,0.1508,0.1348,0.1668,0.1490,0.2011,0.2009,0.2544,0.2838,0.3393,0.3378,0.2430,0.2391,0.2199,0.2190,5,0.1471,0,0.1624,0.1390,5,0.2011,0,0.2515,0.2561,1.5493
1,34,0,0,3,0.1338,0.1210,0.2248,0.1788,0.1365,0.1226,0.1370,0.1218,0.1406,0.1232,0.1892,0.1891,0.2363,0.2357,0.2242,0.2182,0.2637,0.2590,0.1956,0.1949,5,0.1338,0,0.1545,0.1335,5,0.1892,0,0.2218,0.2194,1.4352
1,35,1,0,2,0.1303,0.1154,0.1710,0.1479,0.1450,0.1303,0.1330,0.1182,0.1328,0.1181,0.1847,0.1815,0.2579,0.2552,0.1969,0.1937,0.1980,0.1951,0.2157,0.2193,5,0.1303,0,0.1424,0.1260,5,0.1847,0,0.2106,0.2090,1.4790
1,4,0,0,7,0.3278,0.2901,0.2917,0.2684,0.5326,0.4834,0.2905,0.2610,0.2835,0.2548,0.5734,0.5719,0.5828,0.5846,0.5363,0.5328,0.6727,0.6696,0.5361,0.5370,5,0.2835,0,0.3452,0.3115,5,0.5361,0,0.5803,0.5792,1.6808
1,5,1,0,7,0.4668,0.4398,0.4184,0.3802,0.5197,0.4666,0.4473,0.4083,0.4137,0.3770,0.8298,0.8308,0.8121,0.8107,0.8078,0.8043,0.8481,0.8446,0.8597,0.8743,5,0.4137,0,0.4532,0.4144,5,0.8078,0,0.8315,0.8329,1.8348
1,6,0,0,7,0.2989,0.2759,0.3069,0.2776,0.3667,0.3312,0.3084,0.2792,0.3037,0.2758,0.5853,0.5772,0.6306,0.6305,0.6124,0.6094,0.6146,0.6118,0.6091,0.6071,5,0.2989,0,0.3169,0.2879,5,0.5853,0,0.6104,0.6072,1.9260
1,7,1,0,7,0.3252,0.3124,0.4979,0.4573,0.3874,0.3456,0.3114,0.2800,0.3090,0.2902,0.6696,0.6691,0.6225,0.6233,0.6362,0.6334,0.6214,0.6175,0.6201,0.6205,5,0.3090,0,0.3662,0.3371,5,0.6201,0,0.6340,0.6328,1.7313
1,8,0,0,7,0.3315,0.3055,0.3739,0.3282,0.3696,0.3322,0.4540,0.4102,0.3477,0.3145,0.6221,0.6221,0.6424,0.6418,0.6757,0.6728,0.6931,0.6908,0.7299,0.7268,5,0.3315,0,0.3753,0.3381,5,0.6221,0,0.6726,0.6709,1.7921
1,9,1,0,7,0.2572,0.2366,0.2776,0.2496,0.2737,0.2484,0.3670,0.3196,0.2614,0.2371,0.5708,0.5437,0.5222,0.5222,0.5316,0.5285,0.5119,0.5067,0.4901,0.4895,5,0.2572,0,0.2874,0.2583,5,0.4901,0,0.5253,0.5181,1.8280
10,0,0,0,7,0.5823,0.5410,0.5407,0.4938,0.6599,0.5865,0.5448,0.4968,0.6042,0.5407,1.1514,1.1469,1.1272,1.1283,1.3406,1.3372,1.2614,1.2598,1.2475,1.2504,5,0.5407,0,0.5864,0.5318,5,1.1272,0,1.2256,1.2245,2.0901
10,1,1,0,7,1.0274,0.9464,1.0819,0.9835,1.8037,1.6574,1.1437,1.0403,1.0071,0.9149,2.1279,2.1268,2.1284,2.1268,2.1444,2.1445,2.3203,2.3156,4.2402,4.2368,5,1.0071,0,1.2128,1.1085,5,2.1279,0,2.5922,2.5901,2.1375
10,10,0,0,7,0.4987,0.4625,0.5086,0.4644,0.5672,0.5163,0.5371,0.0750,0.5167,0.4745,1.0385,1.0382,1.2057,1.2026,1.0472,1.0475,1.0179,1.0193,1.4158,1.3694,5,0.4987,0,0.5257,0.3985,5,1.0179,0,1.1450,1.1354,2.1783
10,11,1,0,7,0.6561,0.6040,0.6903,0.6273,0.6495,0.5925,1.0900,1.6261,0.6813,0.6207,1.3772,1.3765,1.3796,1.3809,1.4941,1.4866,1.3480,1.3497,1.4697,1.4683,5,0.6495,0,0.7534,0.8141,5,1.3480,0,1.4137,1.4124,1.8764
10,12,0,0,7,0.8432,0.7844,0.7845,0.7157,0.8232,0.7480,0.8510,0.7675,0.8368,0.7618,1.6568,1.6563,1.8401,1.8384,1.7917,1.7884,1.9180,1.9113,1.8630,1.8617,5,0.7845,0,0.8277,0.7555,5,1.6568,0,1.8139,1.8112,2.1914
10,13,1,0,7,0.3794,0.3508,0.3842,0.3377,0.4080,0.3602,0.3776,0.3423,0.3726,0.3397,0.7634,0.7634,0.8150,0.8150,0.8934,0.8865,0.8138,0.8149,0.8491,0.8500,5,0.3726,0,0.3844,0.3461,5,0.7634,0,0.8269,0.8260,2.1515
10,14,0,0,7,0.3070,0.2808,0.3212,0.2852,0.3490,0.3192,0.3113,0.2802,0.3124,0.2810,0.6065,0.6072,0.5940,0.5947,0.6206,0.6216,0.5869,0.5597,0.7789,0.7808,5,0.3070,0,0.3202,0.2893,5,0.5869,0,0.6374,0.6328,1.9907
10,15,1,0,7,0.1577,0.1440,0.1614,0.1447,0.1958,0.1773,0.1690,0.1476,0.1632,0.1457,0.2521,0.2514,0.2855,0.2851,0.2581,0.2571,0.2907,0.2875,0.2451,0.2445,5,0.1577,0,0.1694,0.1519,5,0.2451,0,0.2663,0.2651,1.5718
10,16,0,0,7,0.4349,0.1796,0.1554,0.1389,0.1799,0.1635,0.1600,0.1412,0.1563,0.1389,0.2420,0.2411,0.2404,0.2395,0.2447,0.2439,0.2328,0.2317,0.2312,0.2303,5,0.1554,0,0.2173,0.1524,5,0.2312,0,0.2382,0.2373,1.0963
10,17,1,0,7,0.2140,0.1865,0.1374,0.1224,0.1785,0.1469,0.1366,0.1218,0.1393,0.1241,0.2087,0.2077,0.2036,0.2034,0.2193,0.2184,0.1952,0.1952,0.2416,0.2407,5,0.1366,0,0.1612,0.1403,5,0.1952,0,0.2137,0.2131,1.3259
10,18,0,0,7,0.2347,0.2143,0.1501,0.1344,0.2932,0.2591,0.1488,0.1328,0.1511,0.1344,0.2963,0.2959,0.2696,0.2686,0.2730,0.2729,0.2497,0.2286,0.3436,0.3209,5,0.1488,0,0.1956,0.1750,5,0.2497,0,0.2864,0.2774,1.4646
10,19,1,0,7,0.2068,0.1859,0.1336,0.1194,0.2026,0.1791,0.1338,0.1190,0.1366,0.1217,0.2378,0.2377,0.1993,0.1990,0.1953,0.1951,0.2312,0.2197,0.1904,0.1886,5,0.1336,0,0.1627,0.1450,5,0.1904,0,0.2108,0.2080,1.2958
10,2,0,0,7,0.3984,0.3681,0.5741,0.4976,0.3923,0.3550,0.3712,0.3338,0.3756,0.3382,0.6257,0.6256,0.6263,0.6272,0.5887,0.5877,0.6012,0.6020,0.6299,0.6319,5,0.3712,0,0.4223,0.3785,5,0.5887,0,0.6144,0.6149,1.4547
10,20,0,0,7,0.1904,0.1699,0.1468,0.1308,0.1532,0.1360,0.1473,0.1313,0.1547,0.1335,0.2836,0.2824,0.2337,0.2335,0.2308,0.2300,0.2168,0.2193,0.2219,0.2206,5,0.1468,0,0.1585,0.1403,5,0.2168,0,0.2374,0.2372,1.4977
10,21,1,0,7,0.1583,0.1465,0.1370,0.1201,0.1368,0.1219,0.1353,0.1182,0.1378,0.1208,0.2038,0.2035,0.2004,0.2000,0.2007,0.1999,0.1824,0.1845,0.2594,0.2590,5,0.1353,0,0.1410,0.1255,5,0.1824,0,0.2093,0.2094,1.4843
10,3,1,1,7,3.9283,3.6723,3.8495,3.5163,3.6517,3.3366,3.5309,3.2305,4.2305,3.8946,7.7260,7.7175,7.5609,7.5591,7.8073,7.8024,8.0609,8.0569,7.8551,7.8493,5,3.5309,0,3.8382,3.5301,5,7.5609,0,7.8020,7.7970,2.0327
10,4,0,0,7,0.4052,0.3718,0.5677,0.3707,0.4202,0.3770,0.4011,0.3625,0.6241,0.5590,0.6882,0.6874,0.7208,0.7210,0.7414,0.7426,0.7039,0.7059,0.7853,0.7869,5,0.4011,0,0.4837,0.4082,5,0.6882,0,0.7279,0.7288,1.5050
10,5,1,0,7,0.4370,0.4004,0.5718,0.5223,0.4227,0.3854,0.4361,0.3948,0.4034,0.3666,0.7733,0.7726,0.7669,0.4531,0.7778,0.7781,0.7477,0.7465,0.7853,0.7794,5,0.4034,0,0.4542,0.4139,5,0.7477,0,0.7702,0.7059,1.6957
10,6,0,0,7,0.2993,0.2763,0.3453,0.2913,0.3009,0.2720,0.3289,0.2970,0.3038,0.2756,0.5747,0.5753,56.1710,56.5497,0.5452,0.5451,0.5582,0.5591,0.7070,0.7087,5,0.2993,0,0.3156,0.2824,5,0.5452,1,0.5963,0.5971,1.8891
10,7,1,0,7,0.5695,0.5282,0.6016,0.5479,0.6143,0.5588,0.5764,0.5213,0.6128,0.5492,1.2612,1.2602,1.2196,1.2208,1.2696,1.2693,1.1639,1.1645,1.2026,1.2037,5,0.5695,0,0.5949,0.5411,5,1.1639,0,1.2234,1.2237,2.0564
10,8,0,0,7,0.3341,0.2914,0.2873,0.2537,0.2690,0.2436,0.2682,0.2365,0.3298,0.2982,0.4702,0.4696,0.5126,0.5130,0.4917,0.4914,0.4829,0.4848,0.6049,0.6062,5,0.2682,0,0.2977,0.2647,5,0.4702,0,0.5125,0.5130,1.7215
10,9,1,0,7,0.4181,0.3900,0.4012,0.3620,0.3953,0.3591,0.3881,0.3530,0.4379,0.3973,0.7862,0.7882,0.8221,0.8231,0.7914,0.7915,0.8066,0.8212,0.7330,0.7333,5,0.3881,0,0.4081,0.3723,5,0.7330,0,0.7879,0.7915,1.9305
11,0,0,0,7,0.4219,0.3840,0.3587,0.3240,0.3497,0.3108,0.3674,0.3163,0.3419,0.3103,0.6584,0.6583,0.6876,0.6883,0.6672,0.6428,0.8341,0.7273,0.6678,0.6377,5,0.3419,0,0.3679,0.3291,5,0.6584,0,0.7030,0.6709,1.9108
11,1,1,0,7,0.6660,0.6194,0.5712,0.5202,0.6036,0.5391,1.1584,0.9468,0.6062,0.5370,1.1531,1.1531,1.1660,1.1659,1.1601,1.1600,57.4146,57.3520,1.2836,1.2819,5,0.5712,0,0.7211,0.6325,5,1.1531,1,1.1907,1.1902,1.6513
11,10,0,0,7,0.2023,0.1800,0.2299,0.2068,0.2338,0.2150,0.2326,0.2077,0.2370,0.2143,0.3495,0.3502,0.3177,0.3174,54.5925,55.3888,0.3133,0.3145,0.5027,0.4965,5,0.2023,0,0.2271,0.2048,5,0.3133,1,0.3708,0.3697,1.6326
11,11,1,1,7,0.8699,0.8100,0.9139,0.8400,0.9969,0.9068,0.9174,0.8418,0.9793,0.8803,56.0707,56.0456,1.9335,1.9331,1.9919,1.9860,2.2072,2.1994,2.0661,2.0590,5,0.8699,0,0.9355,0.8558,5,1.9335,1,2.0497,2.0444,2.1910
11,12,0,0,7,0.2456,0.2106,0.2207,0.1930,0.2197,0.1935,0.1997,0.1779,0.2684,0.2395,0.3481,0.3376,0.3555,0.3547,0.3442,0.3389,0.3440,0.3415,0.3601,0.3612,5,0.1997,0,0.2308,0.2029,5,0.3440,0,0.3504,0.3468,1.5180
11,13,1,0,7,0.3260,0.2943,0.3103,0.2859,0.2738,0.2496,0.2684,0.2426,0.4423,0.4023,0.4992,0.5139,0.4771,0.4766,0.5350,0.5306,0.4934,0.4944,0.5824,0.5799,5,0.2684,0,0.3242,0.2949,5,0.4771,0,0.5174,0.5191,1.5962
11,14,0,0,7,0.3593,0.3238,0.3413,0.3113,0.3051,0.2766,0.3000,0.2711,0.4649,0.4060,0.5540,0.5525,0.5900,0.5911,0.5599,0.5588,0.5733,0.5663,0.5857,0.5823,5,0.3000,0,0.3541,0.3178,5,0.5540,0,0.5726,0.5702,1.6169
11,15,1,0,7,0.5465,0.5087,0.5724,0.4819,0.4567,0.4157,0.6431,0.5874,0.5025,0.4492,0.9105,0.9098,0.8847,0.8711,0.9137,0.9127,0.8794,0.8761,1.0087,0.9971,5,0.4567,0,0.5442,0.4886,5,0.8794,0,0.9194,0.9134,1.6893
11,16,0,0,7,0.2427,0.2211,0.3114,0.2668,0.2202,0.1993,0.2300,0.2064,0.2248,0.1999,0.3340,0.3331,0.3341,0.3339,0.3909,0.3870,0.3490,0.3498,0.4251,0.3809,5,0.2202,0,0.2458,0.2187,5,0.3340,0,0.3666,0.3569,1.4914
11,17,1,0,7,0.2989,0.2753,0.3924,0.3532,0.4446,0.3988,0.2862,0.2589,0.2734,0.2482,0.5095,0.5091,0.4694,0.4688,0.4787,0.4774,0.6074,0.5438,0.4911,0.4908,5,0.2734,0,0.3391,0.3069,5,0.4694,0,0.5112,0.4980,1.5076
11,18,0,0,7,0.1879,0.1714,0.2360,0.2153,0.1662,0.1476,0.1551,0.1385,0.1679,0.1494,0.2256,0.2250,0.2626,0.2634,0.2403,0.2396,0.2444,0.2504,0.2905,0.2888,5,0.1551,0,0.1826,0.1644,5,0.2256,0,0.2527,0.2534,1.3836
11,19,1,0,7,0.1896,0.1778,0.2632,0.2344,0.1763,0.1581,0.1777,0.1589,0.2532,0.2482,0.2698,0.2685,0.2742,0.2737,0.3057,0.3054,0.2600,0.2590,0.2593,0.2568,5,0.1763,0,0.2120,0.1955,5,0.2593,0,0.2738,0.2727,1.2915
11,2,0,0,7,0.4493,0.4162,0.5077,0.4625,0.4839,0.4417,0.6686,0.6044,0.4524,0.4096,0.8962,0.8966,0.9002,0.9001,0.8956,0.8957,0.9248,0.9197,1.0306,0.9786,5,0.4493,0,0.5124,0.4669,5,0.8956,0,0.9295,0.9181,1.8140
11,20,0,0,7,0.1614,0.1353,0.2330,0.1941,0.1471,0.1312,0.1683,0.1343,0.1665,0.1453,0.2601,0.2607,0.2170,0.2167,0.2189,0.2186,0.2010,0.2003,0.2366,0.2363,5,0.1471,0,0.1753,0.1480,5,0.2010,0,0.2267,0.2265,1.2936
11,21,1,0,7,0.1822,0.1667,0.2697,0.2362,0.2017,0.1735,0.1862,0.1653,0.2123,0.1884,0.3138,0.3135,0.3237,0.3236,0.3168,0.3164,0.2945,0.2940,0.2961,0.2868,5,0.1822,0,0.2104,0.1860,5,0.2945,0,0.3090,0.3069,1.4684
11,22,0,0,7,0.1395,0.1250,0.1862,0.1670,0.1462,0.1299,0.1388,0.1240,0.1647,0.1407,0.1922,0.1917,0.2197,0.2206,0.2266,0.2254,0.2024,0.2024,0.2603,0.2589,5,0.1388,0,0.1551,0.1373,5,0.1922,0,0.2202,0.2198,1.4202
11,23,1,0,7,0.1346,0.1221,0.1783,0.1604,0.1386,0.1237,0.1378,0.1228,0.1559,0.1389,0.1980,0.1974,0.2023,0.2023,0.1996,0.1993,0.1937,0.1925,0.1945,0.1920,5,0.1346,0,0.1490,0.1336,5,0.1937,0,0.1976,0.1967,1.3260
11,24,0,0,7,0.1157,0.1047,0.1901,0.1673,0.1171,0.1038,0.1202,0.1065,0.1503,0.1360,0.2011,0.2014,0.1582,0.1579,0.1524,0.1521,0.1428,0.1426,0.1670,0.1700,5,0.1157,0,0.1387,0.1237,5,0.1428,0,0.1643,0.1648,1.1847
11,25,1,0,7,0.1326,0.1201,0.1520,0.1343,0.1350,0.1199,0.1348,0.1199,0.1425,0.1262,0.2154,0.2150,0.2132,0.2131,0.2033,0.2024,0.1886,0.1879,0.1895,0.1876,5,0.1326,0,0.1394,0.1241,5,0.1886,0,0.2020,0.2012,1.4493
11,26,0,0,7,0.1142,0.1028,0.1363,0.1189,0.1155,0.1021,0.1152,0.1022,0.1257,0.1096,0.1676,0.1706,0.1789,0.1931,0.1664,0.1662,0.1370,0.1391,0.1422,0.1408,5,0.1142,0,0.1214,0.1071,5,0.1370,0,0.1584,0.1620,1.3052
11,27,1,0,7,0.1322,0.1198,0.1476,0.1386,0.1349,0.1201,0.1337,0.1192,0.1619,0.1446,0.2318,0.2308,0.2595,0.2536,0.2466,0.2604,0.2106,0.2134,0.2609,0.2597,5,0.1322,0,0.1421,0.1285,5,0.2106,0,0.2419,0.2436,1.7027
11,28,0,0,7,0.1164,0.1034,0.1164,0.1024,0.1186,0.1048,0.1167,0.1010,0.1297,0.1138,0.1665,0.1700,0.1671,0.1706,0.1662,0.1695,0.1368,0.1390,0.1429,0.1403,5,0.1164,0,0.1196,0.1051,5,0.1368,0,0.1559,0.1579,1.3039
11,3,1,0,7,0.9630,0.8964,0.9479,0.8575,0.9342,0.8601,1.0297,0.9413,0.9966,0.8945,1.9389,1.9373,1.9599,1.9590,1.9639,1.9613,2.0173,1.9839,2.1313,2.0751,5,0.9342,0,0.9743,0.8900,5,1.9389,0,2.0023,1.9833,2.0551
11,4,0,0,7,0.5193,0.4806,0.3917,0.3560,0.3783,0.3431,0.4278,0.3856,0.3851,0.3326,0.6989,0.6988,0.7040,0.7048,0.7106,0.7105,0.7250,0.7261,0.9009,0.8984,5,0.3783,0,0.4204,0.3796,5,0.6989,0,0.7479,0.7477,1.7788
11,5,1,1,7,4.4192,4.1287,4.2906,3.9320,4.5355,4.1551,4.0294,3.6814,4.3389,3.9711,8.8713,8.8578,8.6673,8.6654,8.8091,8.7998,9.0979,9.0939,55.0941,55.0485,5,4.0294,0,4.3227,3.9737,5,8.6673,1,8.8614,8.8542,2.0500
11,6,0,0,7,0.5204,0.4667,0.4417,0.4012,0.5780,0.5300,0.4485,0.4018,0.5590,0.5060,0.7886,0.7839,0.7938,0.7939,0.7674,0.7670,0.7908,0.7925,0.8253,0.8226,5,0.4417,0,0.5095,0.4611,5,0.7674,0,0.7932,0.7920,1.5567
11,7,1,0,7,0.7779,0.7163,0.3661,0.3338,0.4189,0.3804,0.3684,0.3363,0.4143,0.3658,0.6070,0.6028,0.6429,0.6438,0.6267,0.6252,0.6190,0.6143,0.6497,0.6496,5,0.3661,0,0.4691,0.4265,5,0.6070,0,0.6291,0.6271,1.3409
11,8,0,0,7,0.5148,0.4891,0.3693,0.3386,0.7149,0.6580,0.3597,0.3273,0.3572,0.3293,0.6099,0.6059,0.5754,0.5748,0.6137,0.6137,0.5839,0.5848,0.6537,0.6470,5,0.3572,0,0.4632,0.4285,5,0.5754,0,0.6073,0.6052,1.3112
11,9,1,1,7,1.1600,1.0629,1.2157,1.1141,1.5054,1.3640,1.6459,1.5039,1.4818,1.3522,2.4853,2.4840,2.5127,2.5117,2.5720,1.8020,2.5375,2.5293,2.7880,2.7803,5,1.1600,0,1.4018,1.2794,5,2.4853,0,2.5791,2.4215,1.8399
12,0,0,0,7,0.3250,0.3007,0.3391,0.3076,0.3684,0.3278,0.4965,0.4508,0.6181,0.5649,0.6404,0.6545,0.6654,0.6664,0.6360,0.6342,0.6341,0.6339,0.6101,0.6098,5,0.3250,0,0.4294,0.3904,5,0.6101,0,0.6372,0.6398,1.4839
12,1,1,0,7,0.7712,0.7139,0.8273,0.7565,0.8077,0.7277,1.1196,1.0171,1.2694,1.1643,1.6395,1.6384,1.5995,1.5999,1.6458,1.6441,1.6178,1.6139,2.0519,2.0426,5,0.7712,0,0.9590,0.8759,5,1.5995,0,1.7109,1.7078,1.7840
12,10,0,0,7,0.2518,0.2291,0.2349,0.2091,0.2393,0.2138,0.3762,0.3003,0.2990,0.2724,0.4407,0.4405,0.4049,0.4051,0.4068,0.4061,0.3866,0.3860,0.4595,0.4480,5,0.2349,0,0.2802,0.2449,5,0.3866,0,0.4197,0.4171,1.4976
12,11,1,0,7,0.2065,0.1899,0.2070,0.1862,0.2402,0.1994,0.2748,0.2152,0.2345,0.2145,0.3541,0.3533,0.3869,0.3878,0.3540,0.3524,0.3419,0.3412,0.5103,0.5257,5,0.2065,0,0.2326,0.2010,5,0.3419,0,0.3894,0.3921,1.6743
12,12,0,0,7,0.2153,0.1976,0.3451,0.3042,0.2355,0.2119,0.4209,0.3796,0.2502,0.2263,0.4119,0.4129,0.3712,0.3718,0.4167,0.4172,0.3859,0.3868,0.5253,0.5207,5,0.2153,0,0.2934,0.2639,5,0.3712,0,0.4222,0.4219,1.4390
12,13,1,0,7,0.2211,0.2031,0.2581,0.2372,0.2465,0.2231,0.2605,0.2292,0.2285,0.2060,0.3928,0.3925,0.4235,0.4288,0.3991,0.3984,0.3750,0.3750,0.4478,0.4587,5,0.2211,0,0.2429,0.2197,5,0.3750,0,0.4076,0.4107,1.6779
12,14,0,0,7,0.1612,0.1469,0.1721,0.1544,0.1734,0.1529,0.1782,0.1599,0.1653,0.1479,0.2541,0.2540,0.2559,0.2548,0.2661,0.2652,0.2446,0.2430,0.2492,0.2467,5,0.1612,0,0.1700,0.1524,5,0.2446,0,0.2540,0.2527,1.4936
12,15,1,0,7,0.1879,0.1760,0.1907,0.1711,0.2021,0.1788,0.1905,0.1677,0.1871,0.1684,0.3455,0.3460,0.3070,0.3070,0.3387,0.3386,0.4314,0.4330,0.4848,0.4092,5,0.1871,0,0.1917,0.1724,5,0.3070,0,0.3815,0.3668,1.9904
12,16,0,0,7,0.1696,0.1689,0.1604,0.1435,0.1590,0.1426,0.1676,0.1500,0.1595,0.1424,0.2399,0.2396,0.2344,0.2345,0.2360,0.2360,0.2271,0.2268,0.3134,0.3123,5,0.1590,0,0.1632,0.1495,5,0.2271,0,0.2502,0.2498,1.5327
12,17,1,0,7,0.2009,0.1845,0.2736,0.2484,0.3090,0.1866,0.2174,0.1880,0.2482,0.2290,0.3421,0.3414,0.3860,0.3858,0.4032,0.4032,0.3243,0.3239,0.3787,0.3695,5,0.2009,0,0.2498,0.2073,5,0.3243,0,0.3669,0.3648,1.4685
12,18,0,0,7,0.1847,0.1687,0.2250,0.2026,0.2641,0.2144,0.1891,0.1700,0.2825,0.2540,0.3320,0.3107,0.3161,0.3156,0.3471,0.3461,0.3737,0.3749,0.3322,0.3303,5,0.1847,0,0.2291,0.2019,5,0.3161,0,0.3402,0.3355,1.4852
12,19,1,1,7,0.7336,0.6824,0.7723,0.6986,1.4679,1.3076,0.7264,0.6612,1.1245,1.0225,1.6486,1.6483,1.6269,1.6263,1.6001,1.5999,1.5849,1.5782,1.7540,1.7419,5,0.7264,0,0.9649,0.8745,5,1.5849,0,1.6429,1.6389,1.7026
12,2,0,0,7,0.4583,0.4251,0.3154,0.2831,0.3468,0.3119,0.3849,0.3494,0.6004,0.5127,0.5436,0.5426,0.5864,0.5871,0.5829,0.5831,0.7139,0.5579,0.6798,0.6307,5,0.3154,0,0.4212,0.3764,5,0.5436,0,0.6213,0.5803,1.4753
12,20,0,0,7,0.1683,0.1508,0.1939,0.1810,0.2594,0.2223,0.1692,0.1513,0.1732,0.1530,0.3015,0.2999,0.2651,0.2645,0.3657,0.3690,0.2838,0.2847,0.2598,0.2755,5,0.1683,0,0.1928,0.1717,5,0.2598,0,0.2952,0.2987,1.5310
12,21,1,0,7,0.1461,0.1331,0.1573,0.1413,0.1842,0.1644,0.1515,0.1334,0.1506,0.1344,0.2215,0.2211,0.2208,0.2205,0.2276,0.2262,0.2125,0.2119,0.2096,0.2081,5,0.1461,0,0.1579,0.1413,5,0.2096,0,0.2184,0.2176,1.3828
12,22,0,0,7,0.1770,0.1617,0.2009,0.1802,0.2228,0.2132,0.2087,0.1883,0.1810,0.1620,0.2913,0.2909,0.3276,0.3286,0.2975,0.2964,0.2911,0.2870,0.2892,0.2837,5,0.1770,0,0.1981,0.1811,5,0.2892,0,0.2993,0.2973,1.5112
12,23,1,0,7,0.1475,0.1339,0.1511,0.1348,0.1694,0.1513,0.1638,0.1447,0.1498,0.1344,0.2151,0.2146,0.2193,0.2189,0.2323,0.2461,0.2069,0.2070,0.3162,0.3138,5,0.1475,0,0.1563,0.1398,5,0.2069,0,0.2380,0.2401,1.5223
12,24,0,0,7,0.2041,0.1870,0.2075,0.1866,0.2227,0.2000,0.2096,0.1888,0.3029,0.2621,0.3871,0.3876,0.3521,0.3516,0.3501,0.3492,0.4449,0.4353,0.3356,0.3343,5,0.2041,0,0.2294,0.2049,5,0.3356,0,0.3740,0.3716,1.6304
12,25,1,0,7,0.1834,0.1677,0.1896,0.1665,0.1933,0.1736,0.1888,0.1691,0.2267,0.2095,0.3065,0.3052,0.3162,0.3152,0.3056,0.3049,0.3049,0.3003,0.3496,0.3405,5,0.1834,0,0.1964,0.1773,5,0.3049,0,0.3166,0.3132,1.6121
12,26,0,0,7,0.1614,0.1471,0.1638,0.1462,0.1996,0.1768,0.1622,0.1463,0.2884,0.2498,0.2543,0.2540,0.2741,0.2735,0.2654,0.2643,0.2470,0.2473,0.3537,0.3540,5,0.1614,0,0.1951,0.1732,5,0.2470,0,0.2789,0.2786,1.4297
12,27,1,0,7,0.1701,0.1545,0.1721,0.1551,0.2056,0.1866,0.1727,0.1546,0.4256,0.3992,0.2965,0.3130,0.2805,0.2801,0.3033,0.3028,0.3022,0.3019,0.3319,0.3308,5,0.1701,0,0.2292,0.2100,5,0.2805,0,0.3029,0.3057,1.3214
12,28,0,0,7,0.1723,0.1572,0.1748,0.1567,0.2035,0.1798,0.1784,0.1587,0.1916,0.1720,0.2845,0.2828,0.2834,0.2835,0.2870,0.2864,0.3182,0.3188,0.3282,0.2910,5,0.1723,0,0.1841,0.1649,5,0.2834,0,0.3003,0.2925,1.6308
12,29,1,0,7,0.1485,0.1349,0.1524,0.1337,0.1608,0.1431,0.1570,0.1402,0.1602,0.1429,0.2389,0.2378,0.2742,0.2747,0.2360,0.2354,0.2300,0.2294,0.3798,0.3796,5,0.1485,0,0.1558,0.1390,5,0.2300,0,0.2718,0.2714,1.7446
12,3,1,0,7,0.5169,0.4703,0.3624,0.3287,0.3923,0.3558,0.3634,0.3267,0.5949,0.5410,0.6840,0.6831,0.6362,0.6373,0.6490,0.6476,0.6402,0.6357,0.7299,0.7210,5,0.3624,0,0.4460,0.4045,5,0.6362,0,0.6679,0.6649,1.4975
12,30,0,0,7,0.1491,0.1354,0.1518,0.1357,0.1609,0.1419,0.3021,0.2765,0.2501,0.2206,0.2349,0.2343,0.2376,0.2376,0.2787,0.2793,0.2264,0.2285,0.3054,0.2964,5,0.1491,0,0.2028,0.1820,5,0.2264,0,0.2566,0.2552,1.2653
12,31,1,0,7,0.1428,0.1293,0.1428,0.1275,0.1475,0.1311,0.1601,0.1361,0.3639,0.3157,0.2712,0.2719,0.2303,0.2296,0.2329,0.2324,0.2292,0.2075,0.2619,0.2278,5,0.1428,0,0.1914,0.1679,5,0.2292,0,0.2451,0.2338,1.2804
12,32,0,0,7,0.1225,0.1107,0.1237,0.1096,0.1453,0.1294,0.1271,0.1176,0.2180,0.1909,0.1869,0.1871,0.1853,0.1852,0.1897,0.1893,0.1914,0.2438,0.2555,0.2442,5,0.1225,0,0.1473,0.1316,5,0.1853,0,0.2018,0.2099,1.3695
12,33,1,0,7,0.1393,0.1264,0.1413,0.1257,0.2401,0.1618,0.1421,0.1264,0.2091,0.1867,0.2588,0.2584,0.2984,0.3027,0.2605,0.2601,0.2066,0.2090,0.2182,0.2160,5,0.1393,0,0.1744,0.1454,5,0.2066,0,0.2485,0.2492,1.4250
12,34,0,0,7,0.1181,0.1063,0.1209,0.1071,0.2151,0.1956,0.1211,0.1072,0.1344,0.1198,0.1633,0.1627,0.1906,0.1940,0.1942,0.1714,0.1525,0.1546,0.1595,0.1591,5,0.1181,0,0.1419,0.1272,5,0.1525,0,0.1720,0.1684,1.2121
12,35,1,0,7,0.1479,0.1336,0.1402,0.1251,0.1458,0.1298,0.1440,0.1264,0.1638,0.1337,0.2342,0.2333,0.2676,0.2673,0.2223,0.2217,57.2825,0.2546,0.2468,0.2470,5,0.1402,0,0.1483,0.1297,5,0.2223,1,0.2427,0.2423,1.6363
12,36,0,0,7,0.2250,0.2007,0.1206,0.1067,0.1223,0.1084,0.1202,0.1065,0.1767,0.1402,0.1863,0.1665,0.1621,0.1620,0.1684,0.1677,0.2672,0.2504,0.1560,0.1550,5,0.1202,0,0.1530,0.1325,5,0.1560,0,0.1880,0.1803,1.2291
12,4,0,0,7,0.2096,0.1966,0.1773,0.1588,0.2172,0.1948,0.1780,0.1599,0.3069,0.2712,0.2792,0.2789,0.3794,0.3785,0.3235,0.3240,0.3648,0.3622,0.2908,0.2914,5,0.1773,0,0.2178,0.1963,5,0.2792,0,0.3275,0.3270,1.5039
12,5,1,0,7,0.4487,0.4158,0.4859,0.4260,0.4521,0.4159,0.4526,0.4061,0.5045,0.4608,0.8595,0.8593,0.8617,0.8629,0.8303,0.8297,0.8395,0.8358,0.8825,0.8839,5,0.4487,0,0.4688,0.4249,5,0.8303,0,0.8547,0.8543,1.8233
12,6,0,0,7,0.5231,0.4843,0.5320,0.4813,0.5225,0.4743,0.5652,0.5127,0.5317,0.4841,1.0549,1.0546,1.0613,1.0619,1.0735,1.0720,1.0385,1.0347,1.0794,1.0813,5,0.5225,0,0.5349,0.4873,5,1.0385,0,1.0615,1.0609,1.9845
12,7,1,0,7,0.2214,0.1955,0.2149,0.1933,0.2170,0.1957,0.2515,0.2248,0.2448,0.2109,0.4083,0.4077,0.3707,0.3705,0.3682,0.3672,0.3606,0.3571,0.3781,0.3622,5,0.2149,0,0.2299,0.2040,5,0.3606,0,0.3772,0.3729,1.6405
12,8,0,0,7,0.2161,0.1981,0.2186,0.1966,0.2248,0.2032,0.2319,0.2156,0.2541,0.2318,0.4789,0.4752,56.5076,56.4914,0.3713,0.3706,0.3589,0.3582,0.4884,0.4894,5,0.2161,0,0.2291,0.2091,5,0.3589,1,0.4244,0.4234,1.8524
12,9,1,1,7,0.5621,0.5219,0.5955,0.5445,0.6333,0.5780,0.6412,0.5423,0.6116,0.5566,1.2516,1.2515,1.3003,1.3027,1.2625,1.2755,1.2363,1.2366,1.3426,1.3442,5,0.5621,0,0.6087,0.5487,5,1.2363,0,1.2787,1.2821,2.1005
13,0,0,1,7,7.4880,6.9485,7.6260,6.9881,8.0913,7.4255,7.5663,6.9303,7.5738,6.9413,15.8599,15.8510,15.8002,15.7945,16.0065,16.0034,18.0964,18.0630,71.6459,71.6403,5,7.4880,0,7.6691,7.0467,5,15.8002,1,16.4408,16.4280,2.1438
13,1,1,0,7,1.1302,1.0441,1.0317,0.9477,1.0246,0.9368,0.9668,0.8706,1.0016,0.9099,1.9750,1.9906,2.0024,2.0017,59.1946,59.1977,2.2648,2.2546,1.9805,1.9789,5,0.9668,0,1.0310,0.9418,5,1.9750,1,2.0557,2.0564,1.9939
13,10,0,0,7,0.3308,0.3049,0.2973,0.2693,0.5044,0.4510,0.3409,0.3096,0.6117,0.5193,0.5469,0.5458,0.5853,0.5861,0.5588,0.5575,0.5329,0.5330,0.5603,0.5612,5,0.2973,0,0.4170,0.3708,5,0.5329,0,0.5568,0.5567,1.3353
13,11,1,0,7,0.2717,0.2490,0.2194,0.1973,0.3470,0.3133,0.2231,0.2009,0.2740,0.2471,0.4114,0.4121,0.3803,0.3796,0.4665,0.4638,0.4895,0.4743,0.3587,0.3577,5,0.2194,0,0.2670,0.2415,5,0.3587,0,0.4213,0.4175,1.5776
13,12,0,0,7,0.2340,0.2148,0.1999,0.1795,0.2139,0.1890,0.2080,0.1839,0.2082,0.1874,0.3402,0.3393,0.3479,0.3382,0.3431,0.3422,0.3249,0.3246,0.3314,0.3210,5,0.1999,0,0.2128,0.1909,5,0.3249,0,0.3375,0.3331,1.5860
13,13,1,0,7,0.2909,0.2718,0.2530,0.2278,0.2707,0.2451,0.2580,0.2335,0.2568,0.2318,0.4596,0.4585,0.4650,0.4447,0.5043,0.5044,0.5556,0.5540,0.4468,0.4472,5,0.2530,0,0.2659,0.2420,5,0.4468,0,0.4863,0.4818,1.8289
13,14,0,0,7,0.1870,0.1714,0.1958,0.1687,0.2104,0.1903,0.1903,0.1711,0.2811,0.2422,0.3350,0.3354,0.3090,0.3083,0.3148,0.3139,0.3132,0.3135,0.2889,0.2882,5,0.1870,0,0.2129,0.1887,5,0.2889,0,0.3122,0.3119,1.4662
13,15,1,0,7,0.2375,0.2183,0.2396,0.2160,0.3179,0.2815,0.2872,0.2599,0.4607,0.4164,0.4260,0.4250,0.4592,0.4600,0.4452,0.4432,0.4522,0.4516,0.8313,0.8318,5,0.2375,0,0.3086,0.2784,5,0.4260,0,0.5228,0.5223,1.6941
13,16,0,0,7,0.3731,0.3447,0.3719,0.3376,0.4146,0.3769,0.3743,0.3414,0.4679,0.4220,0.7339,0.7339,0.7131,0.7127,0.7130,0.7115,0.7458,0.7464,0.7231,0.7185,5,0.3719,0,0.4004,0.3645,5,0.7130,0,0.7258,0.7246,1.8128
13,17,1,0,7,0.2818,0.2607,0.2708,0.2453,0.2972,0.2642,0.2946,0.2625,0.3400,0.2912,0.4989,0.4980,0.5127,0.5126,0.5271,0.5272,0.6109,0.6120,0.4686,0.4688,5,0.2708,0,0.2969,0.2648,5,0.4686,0,0.5236,0.5237,1.7638
13,18,0,0,7,0.4336,0.4008,0.4610,0.4191,0.6621,0.6062,0.4390,0.3991,0.4695,0.4232,0.8863,0.8849,0.9047,0.9055,0.9021,0.9024,0.9854,0.9869,1.0328,1.0344,5,0.4336,0,0.4930,0.4497,5,0.8863,0,0.9423,0.9428,1.9111
13,19,1,0,7,0.2357,0.2165,0.2423,0.2177,0.2459,0.2217,0.2385,0.2164,0.4384,0.3929,0.4769,0.4760,0.4330,0.4325,0.4397,0.4385,0.4180,0.4183,0.4495,0.4496,5,0.2357,0,0.2802,0.2530,5,0.4180,0,0.4434,0.4430,1.5827
13,2,0,0,7,0.9220,0.8644,0.8507,0.7886,0.8868,0.7846,1.0482,0.9504,0.8558,0.7867,58.8433,58.8440,1.7816,1.7809,1.9520,1.9508,2.0053,2.0162,1.9475,1.8732,5,0.8507,0,0.9127,0.8349,5,1.7816,1,1.9216,1.9053,2.1054
13,20,0,0,7,0.4605,0.4227,0.2712,0.2452,0.2641,0.2239,0.2414,0.2175,0.4681,0.4247,0.4336,0.4327,0.4684,0.2227,0.4722,0.4727,0.5627,0.5639,0.4128,0.4125,5,0.2414,0,0.3411,0.3068,5,0.4128,0,0.4699,0.4209,1.3779
13,21,1,0,7,0.2611,0.2421,0.2254,0.2031,0.2318,0.2070,0.2436,0.2179,0.3556,0.3208,0.4325,0.4328,57.1569,57.4632,0.3972,0.3980,0.3812,0.3814,0.4133,0.4144,5,0.2254,0,0.2635,0.2382,5,0.3812,1,0.4061,0.4067,1.5410
13,22,0,0,7,0.2727,0.2507,0.2673,0.2414,0.2743,0.2480,0.2688,0.2411,0.2808,0.2519,0.4924,0.4910,0.5607,0.5605,0.5054,0.5322,0.6203,0.6216,0.5538,0.5548,5,0.2673,0,0.2728,0.2466,5,0.4924,0,0.5465,0.5520,2.0035
13,23,1,0,7,0.2447,0.2195,0.1996,0.1794,0.2027,0.1822,0.1989,0.1790,0.2119,0.1900,0.3724,0.3734,0.3478,0.3472,0.3458,0.3447,0.3276,0.3278,0.3331,0.3311,5,0.1989,0,0.2116,0.1900,5,0.3276,0,0.3453,0.3448,1.6324
13,24,0,1,7,0.7603,0.6949,0.7401,0.6691,0.7548,0.6869,0.7362,0.6733,0.7310,0.6673,1.6260,1.6260,1.6886,1.6867,1.6682,1.6671,2.8935,2.8903,1.8401,1.8062,5,0.7310,0,0.7445,0.6783,5,1.6260,0,1.9433,1.9353,2.6103
13,25,1,0,7,0.2440,0.2222,0.2359,0.2119,0.2108,0.1864,0.2178,0.1942,0.2070,0.1840,0.3840,0.3851,0.3527,0.3521,0.3554,0.3546,0.3780,0.3778,0.4952,0.4926,5,0.2070,0,0.2231,0.1997,5,0.3527,0,0.3931,0.3924,1.7618
13,26,0,0,7,0.3957,0.3641,0.2795,0.2523,0.2263,0.2071,0.2266,0.2025,0.2294,0.2055,0.4032,0.4028,0.4062,0.4053,0.4064,0.4053,0.4758,0.4774,0.4713,0.4557,5,0.2263,0,0.2715,0.2463,5,0.4032,0,0.4326,0.4293,1.5933
13,27,1,0,7,0.2376,0.2184,0.2345,0.2093,0.2028,0.2071,0.1983,0.1782,0.2037,0.1824,0.3342,0.3339,0.3773,0.3780,0.3802,0.3806,0.3252,0.3252,0.4800,0.4455,5,0.1983,0,0.2154,0.1991,5,0.3252,0,0.3794,0.3726,1.7614
13,28,0,0,7,0.2664,0.2492,0.2450,0.2201,0.2382,0.2147,0.2461,0.2223,0.2139,0.1929,0.4159,0.4162,0.3863,0.3854,0.4609,0.4575,0.4297,0.4587,0.3746,0.3726,5,0.2139,0,0.2419,0.2198,5,0.3746,0,0.4135,0.4181,1.7092
13,29,1,0,7,0.2014,0.1840,0.1857,0.1659,0.1863,0.1673,0.3916,0.2661,0.1874,0.1683,0.3085,0.3079,0.3214,0.3213,0.3617,0.3622,0.3207,0.3211,0.3738,0.4095,5,0.1857,0,0.2305,0.1903,5,0.3085,0,0.3372,0.3444,1.4631
13,3,1,0,7,0.7990,0.7397,0.6848,0.6146,0.9886,0.8778,0.6896,0.6171,0.6949,0.6353,1.3954,1.3948,1.3631,1.3636,1.5170,1.5153,1.6208,1.5070,1.3689,1.3649,5,0.6848,0,0.7714,0.6969,5,1.3631,0,1.4530,1.4291,1.8837
13,30,0,0,7,0.2102,0.1935,0.2090,0.1883,0.3584,0.3150,0.2967,0.2714,0.2112,0.1901,0.3787,0.3772,0.3971,0.3967,0.5370,0.5344,0.3581,0.3577,0.3624,0.3974,5,0.2090,0,0.2571,0.2317,5,0.3581,0,0.4067,0.4127,1.5817
13,31,1,0,7,0.1701,0.1554,0.1689,0.1510,0.2212,0.1960,0.1800,0.1593,0.1813,0.1540,0.2939,0.2935,0.2717,0.2713,2.0072,2.0093,0.3619,0.3755,0.3000,0.2978,5,0.1689,0,0.1843,0.1631,5,0.2717,1,0.3069,0.3095,1.6651
13,32,0,0,7,0.2048,0.1881,0.2240,0.2042,0.2123,0.1934,0.2125,0.1911,0.2163,0.1947,0.3600,0.3592,0.3954,0.3944,0.4344,0.4365,0.3488,0.3487,0.4466,0.4247,5,0.2048,0,0.2140,0.1943,5,0.3488,0,0.3970,0.3927,1.8555
13,33,1,0,7,0.1894,0.1733,0.2042,0.1707,0.1917,0.1720,0.2035,0.1831,0.2307,0.2089,0.3496,0.3483,0.3243,0.3241,0.3362,0.3352,0.3095,0.3091,0.3518,0.3511,5,0.1894,0,0.2039,0.1816,5,0.3095,0,0.3343,0.3336,1.6394
13,34,0,0,7,0.2901,0.2578,0.3122,0.2528,0.2688,0.2429,0.2711,0.2445,0.2716,0.2457,0.4884,0.4876,0.4909,0.4897,0.5284,0.5230,0.6217,0.6232,0.6229,0.6249,5,0.2688,0,0.2828,0.2487,5,0.4884,0,0.5505,0.5497,1.9467
13,35,1,0,6,0.2070,0.1972,0.1661,0.1486,0.1678,0.1502,0.1979,0.1769,0.1687,0.1507,0.2635,0.2630,0.3038,0.3046,0.2985,0.2985,0.2553,0.2553,0.2521,0.2521,5,0.1661,0,0.1815,0.1647,5,0.2521,0,0.2746,0.2747,1.5132
13,36,0,0,5,0.2107,0.1929,0.1789,0.1606,0.1918,0.1691,0.2138,0.2044,0.1811,0.1623,0.3357,0.3366,0.2990,0.2989,0.3059,0.3049,0.2869,0.2861,0.3162,0.3144,5,0.1789,0,0.1953,0.1779,5,0.2869,0,0.3087,0.3082,1.5812
13,37,1,0,5,0.1820,0.1658,0.1464,0.1325,0.1596,0.1410,0.1879,0.1663,0.1517,0.1336,0.2255,0.2251,0.2140,0.2131,0.2192,0.2185,0.3182,0.3181,0.2559,0.2444,5,0.1464,0,0.1655,0.1478,5,0.2140,0,0.2466,0.2438,1.4896
13,38,0,0,4,0.2264,0.2073,0.1909,0.1714,0.1950,0.1755,0.2756,0.2490,0.2185,0.1967,0.3252,0.3242,0.3367,0.3230,0.4287,0.4294,0.2975,0.2970,0.3157,0.3116,5,0.1909,0,0.2213,0.2000,5,0.2975,0,0.3408,0.3370,1.5399
13,39,1,0,4,0.1756,0.1595,0.1423,0.1248,0.1429,0.1274,0.1801,0.1611,0.1583,0.1304,0.1940,0.1931,0.1950,0.1941,0.2102,0.2097,0.1850,0.1843,0.1866,0.1858,5,0.1423,0,0.1598,0.1406,5,0.1850,0,0.1942,0.1934,1.2147
13,4,0,0,7,0.7158,0.6656,0.6651,0.6089,1.0881,0.9831,0.7000,0.6370,0.6531,0.5932,1.3110,1.3113,1.3359,1.3370,1.3786,1.3755,1.4387,1.4272,1.4240,1.4159,5,0.6531,0,0.7644,0.6976,5,1.3110,0,1.3776,1.3734,1.8022
13,40,0,0,2,0.1379,0.1208,0.1107,0.0982,0.1126,0.0995,0.1618,0.1609,0.1131,0.1004,0.1755,0.1769,0.1361,0.1358,0.1579,0.1572,0.1328,0.1319,0.1277,0.1272,5,0.1107,0,0.1272,0.1160,5,0.1277,0,0.1460,0.1458,1.1476
13,41,1,0,2,0.1068,0.0954,0.0957,0.0839,0.0967,0.0850,0.1099,0.1031,0.1152,0.1023,0.1055,0.1054,0.1003,0.1003,0.1012,0.1043,0.1073,0.1063,0.0896,0.0889,5,0.0957,0,0.1049,0.0939,5,0.0896,0,0.1008,0.1010,0.9611
13,42,0,0,2,0.1077,0.0969,0.1093,0.0965,0.1105,0.0977,0.1110,0.0983,0.1470,0.1142,0.1526,0.1526,0.1400,0.1398,0.1463,0.1490,0.1864,0.1701,0.1376,0.1374,5,0.1077,0,0.1171,0.1007,5,0.1376,0,0.1526,0.1498,1.3030
13,43,1,0,2,0.0937,0.0836,0.0951,0.0835,0.0954,0.0835,0.0959,0.0843,0.0996,0.0874,0.0975,0.1008,0.0971,0.1004,0.1387,0.1418,0.0887,0.0910,0.1405,0.1439,5,0.0937,0,0.0959,0.0845,5,0.0887,0,0.1125,0.1156,1.1726
13,44,0,0,2,0.1080,0.0967,0.1091,0.0960,0.1099,0.0975,0.1239,0.1085,0.1124,0.0990,0.1438,0.1469,0.1504,0.1499,0.1478,0.1510,0.1202,0.1227,0.1290,0.1269,5,0.1080,0,0.1127,0.0995,5,0.1202,0,0.1382,0.1395,1.2271
13,45,1,0,2,0.0942,0.0838,0.0947,0.0830,0.0971,0.0834,0.0965,0.0841,0.1375,0.1058,0.0956,0.0988,0.1181,0.1333,0.0973,0.0999,0.0853,0.0874,0.0860,0.0885,5,0.0942,0,0.1040,0.0880,5,0.0853,0,0.0965,0.1016,0.9275
13,5,1,0,7,0.5498,0.1473,0.5393,0.4948,0.5713,0.5228,0.5998,0.5499,0.5254,0.4798,1.0712,1.0712,1.0700,1.0710,1.1393,1.1369,1.1684,1.1670,1.0557,1.0566,5,0.5254,0,0.5571,0.4389,5,1.0557,0,1.1009,1.1005,1.9761
13,6,0,0,7,1.1926,1.1120,1.1214,1.0252,1.0660,0.9767,0.9621,0.8616,0.9194,0.8382,1.9567,1.9553,2.0219,2.0149,2.0585,2.0558,2.1535,2.1504,1.9423,1.9405,5,0.9194,0,1.0523,0.9627,5,1.9423,0,2.0266,2.0234,1.9259
13,7,1,0,7,0.3242,0.2955,0.3111,0.2790,0.3643,0.3305,0.3188,0.2686,0.2858,0.2579,0.5339,0.5344,0.4928,0.4939,0.6119,0.6100,0.6418,0.6367,0.4884,0.4878,5,0.2858,0,0.3208,0.2863,5,0.4884,0,0.5538,0.5526,1.7260
13,8,0,0,7,0.3116,0.2779,0.3100,0.2825,0.5218,0.4481,0.2771,0.2488,0.4904,0.4169,0.4752,0.4745,0.5194,0.5200,0.4825,0.4814,0.4953,0.4964,0.4859,0.4867,5,0.2771,0,0.3822,0.3348,5,0.4752,0,0.4917,0.4918,1.2865
13,9,1,0,7,0.2584,0.2375,0.2574,0.2295,0.3757,0.3342,0.2657,0.2229,0.3722,0.3337,0.4188,0.4195,0.3841,0.3834,0.4816,0.4794,0.5129,0.4900,0.4115,0.4118,5,0.2574,0,0.3059,0.2716,5,0.3841,0,0.4418,0.4368,1.4443
14,0,0,0,7,1.3001,1.2058,1.1988,1.0970,1.6574,1.5072,1.2898,1.1707,1.2610,1.1474,3.0898,3.0889,2.6519,2.6511,2.7102,2.6858,2.7383,2.6835,2.9051,2.8818,5,1.1988,0,1.3414,1.2256,5,2.6519,0,2.8191,2.7982,2.1015
14,1,1,0,7,0.4276,0.3953,0.4964,0.4405,0.4330,0.3924,0.4466,0.4014,0.4231,0.3785,0.7862,0.7863,0.7919,0.7924,0.7742,0.7743,49.8530,49.8563,0.7830,0.7811,5,0.4231,0,0.4453,0.4016,5,0.7742,1,0.7838,0.7835,1.7601
14,10,0,0,7,0.4293,0.3897,0.2661,0.2403,0.2648,0.2391,0.3007,0.2717,0.3003,0.2695,0.5085,0.5079,0.5160,0.5163,0.4927,0.4922,0.5592,0.5594,0.5991,0.6005,5,0.2648,0,0.3122,0.2821,5,0.4927,0,0.5351,0.5353,1.7137
14,11,1,0,7,0.4242,0.3892,0.2729,0.2465,0.5189,0.2928,0.2849,0.2637,0.2935,0.2644,0.5052,0.5045,0.5007,0.5001,0.5138,0.5295,0.5043,0.5006,0.5658,0.5463,5,0.2729,0,0.3589,0.2913,5,0.5007,0,0.5180,0.5162,1.4433
14,12,0,0,7,0.5279,0.4817,0.5433,0.4978,0.5005,0.4511,0.4370,0.3985,0.4493,0.4086,0.8849,0.8843,0.8977,0.8976,1.0253,1.0169,0.9722,0.9743,1.0485,1.0491,5,0.4370,0,0.4916,0.4475,5,0.8849,0,0.9657,0.9644,1.9644
14,13,1,0,7,0.3833,0.3545,0.7471,0.6836,0.4117,0.3777,0.3998,0.3611,0.4625,0.4675,0.7720,0.7718,0.7744,0.7747,0.9596,0.9578,0.8090,0.8088,0.8200,0.8203,5,0.3833,0,0.4809,0.4489,5,0.7720,0,0.8270,0.8267,1.7198
14,14,0,0,7,0.3407,0.3150,0.3888,0.3481,0.4085,0.3723,0.3470,0.3130,0.4433,0.4008,0.6935,0.6938,0.6975,0.6979,0.7173,0.7184,0.7998,0.8021,53.8360,0.7722,5,0.3407,0,0.3857,0.3498,5,0.6935,1,0.7270,0.7280,1.8851
14,15,1,2,7,2.8305,2.6356,2.2232,2.0306,2.3041,2.1068,2.3104,2.1126,2.3979,2.1963,4.7989,4.7970,4.8179,4.8165,60.1187,60.1169,5.7607,5.7816,4.9151,4.9056,5,2.2232,0,2.4132,2.2164,5,4.7989,1,5.0732,5.0752,2.1022
14,16,0,0,7,0.4247,0.3938,0.7500,0.6572,0.4138,0.3734,0.4190,0.3665,0.6290,0.5728,0.6668,0.6651,0.6657,0.6651,0.7069,0.7064,0.6724,0.6699,0.7513,0.7430,5,0.4138,0,0.5273,0.4727,5,0.6657,0,0.6926,0.6899,1.3135
14,17,1,1,7,1.3224,1.2338,1.4095,1.2450,1.7231,1.5778,1.3417,1.2339,1.3930,1.2725,59.0960,59.0860,2.9405,2.9400,3.0348,3.0077,3.4815,3.5044,3.4385,2.9193,5,1.3224,0,1.4379,1.3126,5,2.9405,1,3.2238,3.0928,2.2420
14,18,0,0,7,0.6172,0.5713,0.9166,0.8220,1.0609,0.9773,0.6399,0.5822,0.6916,0.6263,1.3244,1.3234,1.3194,1.3189,1.3406,1.3435,1.3982,1.3952,1.8344,1.4179,5,0.6172,0,0.7852,0.7158,5,1.3194,0,1.4434,1.3598,1.8382
14,19,1,0,7,0.4451,0.4063,0.4780,0.4158,0.7666,0.6922,0.4608,0.4195,0.4737,0.4302,0.8465,0.8622,0.8322,0.8319,1.0398,1.0392,0.9613,0.9591,0.9598,0.9452,5,0.4451,0,0.5248,0.4728,5,0.8322,0,0.9279,0.9275,1.7680
14,2,0,0,7,0.6355,0.5966,0.6949,0.6281,1.0546,0.9655,0.6582,0.6062,0.6507,0.5894,1.3212,1.3210,1.3171,1.3173,1.3676,1.3669,1.3884,1.3908,1.4633,1.4571,5,0.6355,0,0.7388,0.6772,5,1.3171,0,1.3715,1.3706,1.8565
14,20,0,0,7,0.6493,0.6172,0.4256,0.3697,0.4250,0.3800,0.3698,0.3450,0.4611,0.4200,0.7034,0.7016,0.7456,0.7454,0.8883,0.8904,0.8263,0.8231,0.7397,0.7365,5,0.3698,0,0.4662,0.4264,5,0.7034,0,0.7807,0.7794,1.6747
14,21,1,0,7,0.3543,0.3328,0.5570,0.5029,0.4086,0.3643,0.8410,0.7743,0.3818,0.3440,0.6960,0.6952,0.7003,0.7013,0.8104,0.7946,0.6860,0.6868,0.6954,0.6914,5,0.3543,0,0.5085,0.4637,5,0.6860,0,0.7176,0.7139,1.4111
14,22,0,0,7,0.3158,0.2905,0.7260,0.6557,0.3786,0.3450,0.8344,0.7530,0.4154,0.3768,0.6363,0.6371,0.6111,0.6105,0.6112,0.6069,0.6085,0.6008,0.6006,0.5936,5,0.3158,0,0.5340,0.4842,5,0.6006,0,0.6135,0.6098,1.1489
14,23,1,0,7,0.2454,0.2261,0.3310,0.2997,0.3465,0.3039,0.4306,0.3858,0.3014,0.2675,0.4556,0.4546,0.4728,0.4491,0.5665,0.5661,0.5627,0.5461,0.9351,0.9330,5,0.2454,0,0.3310,0.2966,5,0.4556,0,0.5985,0.5898,1.8084
14,24,0,0,7,0.3772,0.3485,0.5379,0.4718,0.6411,0.5471,0.6434,0.5909,0.4156,0.3844,0.7922,0.7919,0.7930,0.7935,0.8001,0.8002,0.7855,0.7821,0.8560,0.8417,5,0.3772,0,0.5230,0.4685,5,0.7855,0,0.8054,0.8019,1.5398
14,25,1,0,7,0.2851,0.2621,0.3132,0.3063,0.3092,0.2781,0.3936,0.3567,0.2615,0.2344,0.4361,0.4354,62.8010,0.5041,0.4860,0.4731,0.4780,0.4764,0.4692,0.4678,5,0.2615,0,0.3125,0.2875,5,0.4361,1,0.4673,0.4632,1.4953
14,26,0,0,7,0.3505,0.3245,0.4160,0.3717,0.4278,0.3832,0.5505,0.4955,0.3609,0.3278,0.7396,0.7396,0.8393,0.7951,0.8954,0.8828,0.7758,0.7726,0.7095,0.7027,5,0.3505,0,0.4211,0.3805,5,0.7095,0,0.7919,0.7786,1.8804
14,27,1,0,7,0.2764,0.2547,0.2793,0.2526,0.2661,0.2404,0.2573,0.2310,0.2537,0.2270,0.4966,0.4978,0.5102,0.5055,0.6481,0.6360,0.4440,0.4445,0.4837,0.4837,5,0.2537,0,0.2666,0.2411,5,0.4440,0,0.5165,0.5135,1.9377
14,28,0,0,7,0.3736,0.3326,0.3797,0.3390,0.3816,0.3459,0.3591,0.3272,0.3562,0.3245,0.6908,0.6896,0.7989,0.7957,0.8377,0.8288,0.7820,0.7827,0.7133,0.7135,5,0.3562,0,0.3700,0.3338,5,0.6908,0,0.7645,0.7621,2.0661
14,29,1,0,7,0.2313,0.2218,0.2211,0.1972,0.2212,0.1990,0.2558,0.2187,0.2196,0.1955,0.4147,0.4149,0.3784,0.3748,0.4759,0.4645,0.3924,0.3929,0.4664,0.4590,5,0.2196,0,0.2298,0.2064,5,0.3784,0,0.4256,0.4212,1.8519
14,3,1,0,7,0.4417,0.4092,0.5233,0.4868,0.6812,0.6112,0.4470,0.4060,0.4923,0.4438,0.8774,0.8553,0.9027,0.9034,1.0183,1.0194,0.9478,0.9485,0.9983,0.9916,5,0.4417,0,0.5171,0.4714,5,0.8774,0,0.9489,0.9436,1.8350
14,30,0,0,7,0.3253,0.3001,0.2976,0.2690,0.3004,0.2726,0.3353,0.3092,0.2934,0.2657,0.5539,0.5515,0.6397,0.6396,0.6744,0.6724,0.5869,0.5871,1.9009,1.8982,5,0.2934,0,0.3104,0.2833,5,0.5539,1,0.6137,0.6126,1.9772
14,31,1,0,7,0.2414,0.2213,0.2207,0.1988,0.2283,0.2005,0.2378,0.2131,0.2091,0.1880,0.4037,0.4039,0.3656,0.3656,0.3732,0.3723,0.3706,0.3687,0.4106,0.4073,5,0.2091,0,0.2275,0.2043,5,0.3656,0,0.3847,0.3836,1.6915
14,32,0,0,7,0.2984,0.2743,0.3089,0.2803,0.2938,0.2648,0.2741,0.2464,0.2984,0.2686,0.4901,0.4886,0.6722,0.6727,0.6053,0.6025,0.5216,0.5219,1.1221,1.1165,5,0.2741,0,0.2947,0.2669,5,0.4901,0,0.6823,0.6804,2.3149
14,33,1,0,6,0.2179,0.1992,0.2266,0.1760,0.1869,0.1681,0.1921,0.1730,0.2041,0.1801,0.3387,0.3375,0.3068,0.3063,0.3137,0.3133,0.2924,0.2917,0.3969,0.3868,5,0.1869,0,0.2055,0.1793,5,0.2924,0,0.3297,0.3271,1.6042
14,34,0,0,6,0.2681,0.2555,0.2320,0.2141,0.3513,0.3140,0.2175,0.1954,0.2443,0.2177,0.3564,0.3559,0.4100,0.4003,0.4010,0.4011,0.3761,0.3769,0.3533,0.3523,5,0.2175,0,0.2626,0.2393,5,0.3533,0,0.3794,0.3773,1.4444
14,35,1,0,5,0.2087,0.1901,0.1512,0.1351,0.1644,0.1449,0.1479,0.1322,0.1833,0.1639,0.2157,0.2151,0.2176,0.2176,0.2363,0.2352,0.2923,0.2638,0.2106,0.2101,5,0.1479,0,0.1711,0.1532,5,0.2106,0,0.2345,0.2284,1.3705
14,36,0,0,5,0.2700,0.2469,0.1835,0.1658,0.2451,0.2316,0.1823,0.1634,0.2192,0.1966,0.3016,0.3143,0.2953,0.2948,0.3120,0.3110,0.2959,0.2957,0.3252,0.3353,5,0.1823,0,0.2200,0.2009,5,0.2953,0,0.3060,0.3102,1.3908
14,37,1,0,4,0.1768,0.1599,0.1270,0.1127,0.1288,0.1132,0.1271,0.1105,0.1538,0.1368,0.1937,0.1940,0.1640,0.1634,0.1692,0.1686,0.1871,0.1900,0.1709,0.1682,5,0.1270,0,0.1427,0.1266,5,0.1640,0,0.1770,0.1768,1.2402
14,38,0,0,4,0.2985,0.2737,0.1847,0.1652,0.1745,0.1554,0.1815,0.1617,0.2154,0.1903,0.2754,0.2746,0.3038,0.2844,0.3076,0.3073,0.2929,0.2675,0.3043,0.2728,5,0.1745,0,0.2109,0.1893,5,0.2754,0,0.2968,0.2813,1.4072
14,39,1,0,4,0.1991,0.1688,0.1915,0.1708,0.1413,0.1269,0.1408,0.1255,0.1540,0.1436,0.1972,0.1970,0.2031,0.1909,0.2133,0.2127,0.2280,0.2414,0.2258,0.2163,5,0.1408,0,0.1653,0.1471,5,0.1972,0,0.2135,0.2117,1.2912
14,4,0,0,7,0.8009,0.7441,0.8360,0.7618,0.9080,0.8333,0.8179,0.7456,0.8433,0.7665,1.7496,1.7486,1.7449,1.7436,1.7961,1.7702,1.8351,1.8316,1.8927,1.8855,5,0.8009,0,0.8412,0.7703,5,1.7449,0,1.8037,1.7959,2.1441
14,40,0,0,3,0.1957,0.1785,0.2076,0.1808,0.1527,0.1373,0.1607,0.1443,0.1551,0.1362,0.2268,0.2257,0.2176,0.2173,0.2514,0.2507,0.2174,0.2172,0.2393,0.2402,5,0.1527,0,0.1744,0.1554,5,0.2174,0,0.2305,0.2302,1.3220
14,41,1,0,3,0.1880,0.1710,0.1782,0.1581,0.1314,0.1177,0.1337,0.1194,0.1342,0.1199,0.2184,0.2228,0.2169,0.1776,0.2209,0.2239,0.1843,0.1831,0.1723,0.1704,5,0.1314,0,0.1531,0.1372,5,0.1723,0,0.2026,0.1956,1.3231
14,42,0,0,2,0.1670,0.1506,0.1372,0.1214,0.1188,0.1055,0.1174,0.1039,0.1191,0.1056,0.1551,0.1547,0.1432,0.1431,0.1860,0.1894,0.1605,0.1594,0.1419,0.1388,5,0.1174,0,0.1319,0.1174,5,0.1419,0,0.1573,0.1571,1.1929
14,43,1,0,2,0.1741,0.1537,0.1347,0.1194,0.1221,0.1091,0.1248,0.1109,0.1253,0.1110,0.1756,0.1752,0.1854,0.1787,0.1616,0.1654,0.1823,0.1846,0.1411,0.1436,5,0.1221,0,0.1362,0.1208,5,0.1411,0,0.1692,0.1695,1.2423
14,44,0,0,2,0.1658,0.1783,0.1268,0.1094,0.1121,0.0998,0.1138,0.1008,0.1152,0.1014,0.1578,0.1614,0.1589,0.1407,0.1469,0.1512,0.1861,0.1821,0.1255,0.1280,5,0.1121,0,0.1267,0.1179,5,0.1255,0,0.1550,0.1527,1.2233
14,45,1,0,1,0.1504,0.1341,0.1298,0.1128,0.1064,0.0947,0.1201,0.1088,0.1102,0.0988,0.1327,0.1358,0.1140,0.1163,0.1246,0.1286,0.1162,0.1187,0.1657,0.1656,5,0.1064,0,0.1234,0.1098,5,0.1140,0,0.1306,0.1330,1.0588
14,46,0,0,2,0.1630,0.1416,0.1197,0.1055,0.1150,0.0994,0.3515,0.3374,0.1500,0.1260,0.1528,0.1558,0.2567,0.2514,0.1423,0.1463,0.1270,0.1291,0.1417,0.1449,5,0.1150,1,0.1369,0.1181,5,0.1270,0,0.1641,0.1655,1.1985
14,47,1,0,1,0.1249,0.1104,0.1089,0.0962,0.1067,0.0932,0.1340,0.3242,0.1181,0.1022,0.1625,0.1660,0.1179,0.1200,0.1222,0.1265,0.1116,0.1140,0.1110,0.1134,5,0.1067,0,0.1185,0.1452,5,0.1110,0,0.1250,0.1280,1.0550
14,48,0,0,2,0.1377,0.1245,0.1155,0.1004,0.1101,0.0986,0.1270,0.1126,0.1342,0.1033,0.1529,0.1557,0.1275,0.1298,0.2061,0.1950,0.1648,0.1676,0.1330,0.1316,5,0.1101,0,0.1249,0.1079,5,0.1275,0,0.1569,0.1559,1.2559
14,49,1,0,1,0.1319,0.1188,0.1067,0.0942,0.1041,0.0926,0.1080,0.0956,0.1527,0.1324,0.1319,0.1348,0.1253,0.1276,0.1368,0.1399,0.1118,0.1140,0.1123,0.1149,5,0.1041,0,0.1207,0.1067,5,0.1118,0,0.1236,0.1262,1.0244
14,5,1,0,7,0.8869,0.8229,0.5311,0.4830,0.5318,0.4847,0.5189,0.4726,0.5620,0.5040,1.0702,1.0701,1.0751,1.0758,1.1113,1.1125,1.0993,1.1014,1.1411,1.1424,5,0.5189,0,0.6061,0.5534,5,1.0702,0,1.0994,1.1004,1.8138
14,6,0,0,7,0.5503,0.5064,0.3339,0.3032,0.3178,0.2894,0.3648,0.3291,0.6374,0.5416,0.6168,0.6171,0.6216,0.6219,0.6020,0.5999,0.6463,0.6458,0.5980,0.5989,5,0.3178,0,0.4408,0.3939,5,0.5980,0,0.6169,0.6167,1.3995
14,7,1,0,7,0.2879,0.2702,0.2499,0.2254,0.2501,0.2267,0.2714,0.2388,0.4786,0.4133,0.4356,0.4349,0.4418,0.4409,0.4901,0.4902,0.4279,0.4279,0.4995,0.5001,5,0.2499,0,0.3076,0.2749,5,0.4279,0,0.4590,0.4588,1.4922
14,8,0,0,7,0.3359,0.3102,0.3290,0.2987,0.3280,0.2986,0.3614,0.3273,0.4744,0.4044,0.6501,0.6502,0.6547,0.6552,0.6407,0.6395,0.6809,0.6822,0.6698,0.6709,5,0.3280,0,0.3657,0.3278,5,0.6407,0,0.6592,0.6596,1.8025
14,9,1,0,7,0.3582,0.3360,0.2731,0.2453,0.2704,0.2473,0.3346,0.2999,0.4919,0.4439,0.4804,0.4800,0.4844,0.4837,0.5222,0.5212,0.4716,0.4718,0.5094,0.5110,5,0.2704,0,0.3456,0.3145,5,0.4716,0,0.4936,0.4935,1.4281
15,0,0,1,7,2.7639,2.5894,2.9266,2.6726,2.9208,2.5944,2.7876,2.5467,2.8475,2.6127,5.8714,5.8604,6.3077,6.3085,6.0115,5.9969,5.9699,5.9650,5.7827,5.7790,5,2.7639,0,2.8493,2.6032,5,5.7827,0,5.9886,5.9820,2.1018
15,1,1,0,7,1.0179,0.9433,1.0054,0.9234,1.0964,1.0076,1.0524,0.9603,1.0731,0.9831,2.1083,2.1077,2.0974,2.0976,2.2259,2.2277,2.1643,2.1617,2.0848,2.0854,5,1.0054,0,1.0490,0.9635,5,2.0848,0,2.1361,2.1360,2.0363
15,10,0,0,7,0.1642,0.1532,0.2093,0.1871,0.2631,0.2290,0.1773,0.1838,0.2168,0.1631,0.2562,0.2558,0.2491,0.2496,0.2592,0.2582,0.2784,0.2795,0.2665,0.2957,5,0.1642,0,0.2061,0.1832,5,0.2491,0,0.2619,0.2678,1.2704
15,11,1,0,7,0.1774,0.1627,0.2168,0.1954,0.3267,0.3031,0.1602,0.1461,0.2680,0.1971,0.2966,0.2954,0.3050,0.3063,0.3240,0.3242,0.3846,0.3610,0.3442,0.3447,5,0.1602,0,0.2298,0.2009,5,0.2966,0,0.3309,0.3263,1.4397
15,12,0,0,7,0.1476,0.1371,0.1869,0.1702,0.1720,0.1492,0.1548,0.1384,0.1949,0.1782,0.2451,0.2446,0.2168,0.2171,0.2409,0.2405,0.2681,0.2641,0.2169,0.2160,5,0.1476,0,0.1712,0.1546,5,0.2168,0,0.2376,0.2365,1.3873
15,13,1,0,7,0.1336,0.1189,0.1583,0.1426,0.1304,0.1154,0.1292,0.1128,0.1340,0.1195,0.1694,0.1689,0.1961,0.1967,0.1917,0.1913,0.1796,0.1785,0.1580,0.1574,5,0.1292,0,0.1371,0.1218,5,0.1580,0,0.1790,0.1786,1.3053
15,14,0,0,7,0.1434,0.1327,0.1943,0.1763,0.1534,0.1367,0.1487,0.1329,0.1563,0.1422,0.2259,0.2251,0.2138,0.2131,0.2733,0.2730,0.2692,0.2698,0.2144,0.2139,5,0.1434,0,0.1592,0.1442,5,0.2138,0,0.2393,0.2390,1.5031
15,15,1,0,7,0.1707,0.1594,0.1973,0.1730,0.1814,0.1628,0.1773,0.1589,0.1962,0.1754,0.3064,0.3062,0.3022,0.3010,0.3586,0.3579,0.4075,0.3848,0.2961,0.2754,5,0.1707,0,0.1846,0.1659,5,0.2961,0,0.3342,0.3251,1.8104
15,16,0,0,7,0.1949,0.1748,0.1998,0.1780,0.1972,0.1770,0.1890,0.1712,0.1989,0.1804,0.3253,0.3021,0.3090,0.3097,0.3153,0.3145,0.3384,0.3372,0.3012,0.3011,5,0.1890,0,0.1960,0.1763,5,0.3012,0,0.3178,0.3129,1.6220
15,17,1,0,7,0.1831,0.1673,0.1923,0.1708,0.2002,0.1745,0.1851,0.1664,0.1930,0.1702,0.2951,0.2946,0.3241,0.3244,0.3131,0.3121,0.5104,0.5112,0.3029,0.2899,5,0.1831,0,0.1907,0.1698,5,0.2951,0,0.3491,0.3464,1.8303
15,18,0,0,7,0.2367,0.2182,0.2752,0.2561,0.2299,0.2189,0.2215,0.1980,0.2469,0.2224,0.3735,0.3625,0.3749,0.3734,0.3989,0.3988,0.4150,0.4147,0.3840,0.3832,5,0.2215,0,0.2420,0.2227,5,0.3735,0,0.3893,0.3865,1.6082
15,19,1,0,7,0.1957,0.1629,0.2083,0.1866,0.1709,0.1511,0.1631,0.1607,0.1716,0.1508,0.2638,0.2633,0.2390,0.2395,0.2511,0.2501,0.2599,0.2607,0.2378,0.2373,5,0.1631,0,0.1819,0.1624,5,0.2378,0,0.2503,0.2502,1.3760
15,2,0,0,7,1.2511,1.1651,1.1328,1.0314,1.1740,1.0367,1.2083,1.0946,1.6073,1.4636,2.3137,2.3104,2.2408,2.2406,2.2680,2.2672,2.3501,2.3414,2.2226,2.2224,5,1.1328,0,1.2747,1.1583,5,2.2226,0,2.2790,2.2764,1.7879
15,20,0,0,7,0.1947,0.1822,0.2402,0.2133,0.1980,0.1781,0.1991,0.1755,0.1959,0.1763,0.3210,0.3203,0.3130,0.3122,0.3359,0.3353,0.5837,0.5722,0.3441,0.3438,5,0.1947,0,0.2056,0.1851,5,0.3130,0,0.3795,0.3768,1.8462
15,21,1,0,7,0.1485,0.1387,0.1738,0.1604,0.1531,0.1367,0.1536,0.1335,0.1829,0.1360,0.2200,0.2191,0.2108,0.2110,0.2523,0.2522,0.2405,0.2436,0.2140,0.2133,5,0.1485,0,0.1624,0.1411,5,0.2108,0,0.2275,0.2278,1.4012
15,22,0,0,7,0.2420,0.2247,0.2818,0.2537,0.2959,0.2682,0.3734,0.3285,0.2494,0.2266,0.4686,0.4692,0.4532,0.4542,60.9288,0.4850,0.5852,0.5857,0.4483,0.4483,5,0.2420,0,0.2885,0.2603,5,0.4483,1,0.4888,0.4894,1.6944
15,23,1,0,7,0.1792,0.1662,0.1778,0.1576,0.1694,0.1516,0.2196,0.1949,0.1681,0.1502,0.2576,0.2571,0.2511,0.2507,0.3386,0.3344,0.2538,0.2524,0.2360,0.2365,5,0.1681,0,0.1828,0.1641,5,0.2360,0,0.2674,0.2662,1.4628
15,24,0,0,7,0.2379,0.2172,0.2516,0.2267,0.2340,0.2094,0.2916,0.2600,0.2356,0.2125,0.4064,0.4053,0.4346,0.4350,0.4462,0.4405,0.4860,0.4981,0.3908,0.3906,5,0.2340,0,0.2501,0.2252,5,0.3908,0,0.4328,0.4339,1.7302
15,25,1,0,7,0.2007,0.1853,0.2186,0.1921,0.2089,0.1871,0.2563,0.2342,0.3447,0.3046,0.3705,0.3704,0.3558,0.3562,0.3955,0.3898,0.3875,0.3831,0.3492,0.3482,5,0.2007,0,0.2458,0.2207,5,0.3492,0,0.3717,0.3695,1.5120
15,26,0,0,7,0.5161,0.4844,0.3076,0.2785,0.3070,0.2782,0.3316,0.2987,0.3279,0.2971,0.5572,0.5557,0.5473,0.5465,0.5974,0.5919,0.6551,0.6359,0.5551,0.5538,5,0.3070,0,0.3580,0.3274,5,0.5473,0,0.5824,0.5768,1.6267
15,27,1,0,7,0.1879,0.1734,0.2079,0.1873,0.1904,0.1646,0.1997,0.1726,0.1778,0.1593,0.3116,0.3118,0.2936,0.2956,0.3125,0.3051,0.3445,0.3159,0.2907,0.2923,5,0.1778,0,0.1927,0.1714,5,0.2907,0,0.3106,0.3041,1.6114
15,28,0,0,7,0.2339,0.2136,0.2261,0.2012,0.3269,0.2905,0.2584,0.2326,0.2129,0.1918,0.3580,0.3577,0.3493,0.3492,0.3718,0.3715,0.3804,0.3817,0.3673,0.3495,5,0.2129,0,0.2516,0.2259,5,0.3493,0,0.3654,0.3619,1.4519
15,29,1,0,7,0.1828,0.1655,0.1721,0.1553,0.2019,0.1790,0.2230,0.1822,0.1720,0.1543,0.2622,0.2617,0.2529,0.2528,0.2841,0.2833,0.4311,0.4640,0.2629,0.2604,5,0.1720,0,0.1904,0.1673,5,0.2529,0,0.2986,0.3044,1.5688
15,3,1,0,7,0.6045,0.5513,0.5877,0.5313,0.6053,0.5479,0.5506,0.5023,0.5246,0.4853,1.0136,1.0141,0.9895,0.9909,1.0298,1.0284,54.5288,54.4945,1.0042,1.0050,5,0.5246,0,0.5745,0.5236,5,0.9895,1,1.0093,1.0096,1.7567
15,30,0,0,7,0.2349,0.2174,0.2472,0.2209,0.2622,0.2316,0.2742,0.2504,0.2437,0.2199,0.4787,0.4786,0.4484,0.4495,0.4748,0.4742,0.4662,0.4680,53.2509,0.5230,5,0.2349,0,0.2524,0.2280,5,0.4484,1,0.4670,0.4676,1.8500
15,31,1,0,7,0.1601,0.1469,0.1672,0.1498,0.1708,0.1532,0.2013,0.1868,0.1681,0.1497,0.2621,0.2617,0.2581,0.2574,0.2686,0.2681,0.2569,0.2580,0.3057,0.3038,5,0.1601,0,0.1735,0.1573,5,0.2569,0,0.2703,0.2698,1.5578
15,32,0,0,7,0.2092,0.1931,0.2164,0.1946,0.2181,0.1964,0.3093,0.2600,0.2170,0.1957,0.4100,0.4091,0.3672,0.3673,0.4363,0.4372,0.5089,0.5020,0.4670,0.4486,5,0.2092,0,0.2340,0.2080,5,0.3672,0,0.4379,0.4328,1.8713
15,33,1,0,7,0.1830,0.1683,0.1894,0.1698,0.1914,0.1715,0.2323,0.2087,0.1911,0.1716,0.3040,0.3038,0.3296,0.3302,0.3153,0.3145,0.3296,0.3296,0.3619,0.3669,5,0.1830,0,0.1974,0.1780,5,0.3040,0,0.3281,0.3290,1.6617
15,34,0,0,7,0.2352,0.2172,0.2444,0.2198,0.2440,0.2223,0.2777,0.2522,0.2423,0.2187,0.4309,0.4303,0.4257,0.4258,0.4429,0.4419,0.5525,0.5253,0.4960,0.4884,5,0.2352,0,0.2487,0.2260,5,0.4257,0,0.4696,0.4623,1.8881
15,35,1,1,7,0.6036,0.5614,0.7754,0.6986,0.6625,0.6053,0.6813,0.6150,0.6727,0.6180,1.3954,1.3926,1.4510,1.4516,1.4285,1.4267,1.4787,1.4790,1.4620,1.4546,5,0.6036,0,0.6791,0.6197,5,1.3954,0,1.4431,1.4409,2.1250
15,36,0,0,7,0.3254,0.3018,0.3704,0.3300,0.3420,0.3076,0.3448,0.3092,0.3380,0.3058,0.6341,0.6331,0.6270,0.6261,0.7576,0.7598,0.7526,0.7488,0.8016,0.7978,5,0.3254,0,0.3441,0.3109,5,0.6270,0,0.7146,0.7131,2.0765
15,37,1,0,7,0.2102,0.1936,0.2059,0.1843,0.2138,0.1851,0.3245,0.2907,0.2274,0.1984,0.3744,0.3745,0.3549,0.3557,0.3459,0.3456,0.3251,0.4190,0.3478,0.3325,5,0.2059,0,0.2364,0.2104,5,0.3251,0,0.3496,0.3655,1.4792
15,38,0,0,7,0.1889,0.1732,0.1936,0.1740,0.1956,0.1754,0.2007,0.1802,0.2304,0.2070,0.3247,0.3240,0.3073,0.3071,0.3892,0.3866,0.4357,0.4341,0.3242,0.3202,5,0.1889,0,0.2018,0.1820,5,0.3073,0,0.3562,0.3544,1.7649
15,39,1,0,4,0.1244,0.1138,0.1293,0.1145,0.1320,0.1182,0.1338,0.1185,0.1655,0.1475,0.1706,0.1702,0.1643,0.1638,0.2349,0.2354,0.1811,0.1803,0.2126,0.1957,5,0.1244,0,0.1370,0.1225,5,0.1643,0,0.1927,0.1891,1.4066
15,4,0,0,7,0.3783,0.3545,0.3022,0.2795,0.2963,0.2677,0.3108,0.2858,0.2778,0.2536,0.5228,0.5229,0.5097,0.5111,0.5325,0.5323,0.6039,0.5828,0.5088,0.5095,5,0.2778,0,0.3131,0.2882,5,0.5088,0,0.5355,0.5317,1.7106
15,40,0,0,6,0.1562,0.1433,0.1612,0.1445,0.1607,0.1450,0.1590,0.1422,0.1986,0.1780,59.2832,0.2911,0.2388,0.2384,0.2675,0.2665,0.2572,0.2572,0.2622,0.2727,5,0.1562,0,0.1671,0.1506,5,0.2388,1,0.2564,0.2587,1.5342
15,41,1,0,3,0.1102,0.0983,0.1104,0.0974,0.1103,0.0985,0.1138,0.0988,0.1445,0.1262,0.1700,0.1680,0.1665,0.1478,0.1485,0.1476,0.1327,0.1313,0.1328,0.1316,5,0.1102,0,0.1178,0.1038,5,0.1327,0,0.1501,0.1453,1.2738
15,42,0,0,5,0.1541,0.1416,0.1704,0.1509,0.1577,0.1400,0.1527,0.1371,0.1943,0.1726,0.2529,0.2490,0.2292,0.2296,0.2632,0.2617,0.3189,0.3112,0.2345,0.2343,5,0.1527,0,0.1658,0.1484,5,0.2292,0,0.2597,0.2572,1.5662
15,43,1,0,3,0.1058,0.0958,0.1075,0.0952,0.1527,0.1356,0.1082,0.0950,0.1377,0.1219,0.1411,0.1366,0.1216,0.1241,0.1601,0.1638,0.1325,0.1314,0.1199,0.1220,5,0.1058,0,0.1224,0.1087,5,0.1199,0,0.1350,0.1356,1.1034
15,44,0,0,4,0.1259,0.1153,0.1283,0.1140,0.1937,0.1673,0.1232,0.1095,0.1341,0.1197,0.1870,0.1859,0.2332,0.1780,0.2275,0.2308,0.2075,0.2083,0.2300,0.2256,5,0.1232,0,0.1410,0.1252,5,0.1870,0,0.2170,0.2057,1.5389
15,45,1,0,3,0.1052,0.0955,0.1096,0.0953,0.1583,0.1351,0.1096,0.0937,0.1101,0.0966,0.1751,0.1737,0.1214,0.1246,0.1414,0.1442,0.1248,0.1240,0.1398,0.1432,5,0.1052,0,0.1186,0.1032,5,0.1214,0,0.1405,0.1419,1.1851
15,46,0,0,4,0.1245,0.1132,0.1265,0.1125,0.1912,0.1641,0.1321,0.1114,0.1292,0.1149,0.2192,0.2193,0.1808,0.1833,0.2049,0.2078,0.1703,0.1700,0.1994,0.1721,5,0.1245,0,0.1407,0.1232,5,0.1703,0,0.1949,0.1905,1.3854
15,47,1,0,3,0.1539,0.1369,0.1075,0.0948,0.1562,0.1339,0.1062,0.1176,0.1091,0.0963,0.1425,0.1458,0.1361,0.1392,0.1418,0.1445,0.1189,0.1211,0.1200,0.1229,5,0.1062,0,0.1266,0.1159,5,0.1189,0,0.1319,0.1347,1.0417
15,48,0,0,4,0.1449,0.1415,0.1247,0.1108,0.1890,0.1635,0.1210,0.1077,0.1281,0.1136,0.2027,0.2056,0.2056,0.2085,0.2148,0.2178,0.2812,0.2617,0.1609,0.1632,5,0.1210,0,0.1415,0.1274,5,0.1609,0,0.2130,0.2114,1.5052
15,5,1,0,7,0.2986,0.2767,0.3110,0.2807,0.3555,0.3066,0.2918,0.2627,0.2873,0.2566,0.4920,0.4916,0.4787,0.4783,0.4954,0.4947,0.7428,0.7590,0.6529,0.6534,5,0.2873,0,0.3088,0.2767,5,0.4787,0,0.5724,0.5754,1.8533
15,6,0,0,7,0.2634,0.2427,0.2667,0.2383,0.3089,0.2831,0.2943,0.2594,0.2641,0.2387,0.4806,0.4807,0.5304,0.5331,0.4962,0.4958,0.5482,0.5464,0.4647,0.4640,5,0.2634,0,0.2795,0.2524,5,0.4647,0,0.5040,0.5040,1.8034
15,7,1,0,7,0.2329,0.2165,0.2385,0.2152,0.2483,0.2239,0.2393,0.2145,0.2387,0.2134,0.4020,0.4010,0.5084,0.5078,0.4076,0.4067,0.7120,0.6843,0.3956,0.3950,5,0.2329,0,0.2395,0.2167,5,0.3956,0,0.4851,0.4790,2.0252
15,8,0,0,7,0.2560,0.2378,0.2320,0.2069,0.2339,0.2110,0.2289,0.2059,0.2275,0.2083,0.4168,0.4183,0.4172,0.4182,0.4311,0.4311,0.5482,0.5521,0.4362,0.4377,5,0.2275,0,0.2357,0.2140,5,0.4168,0,0.4499,0.4515,1.9091
15,9,1,0,7,0.2034,0.1867,0.2852,0.2391,0.2119,0.1905,0.2119,0.1946,0.2975,0.2526,0.3331,0.3325,0.3347,0.3324,0.3434,0.3426,0.3687,0.3686,0.3779,0.3777,5,0.2034,0,0.2420,0.2127,5,0.3331,0,0.3516,0.3508,1.4528
16,0,0,0,7,0.5541,0.5133,0.3403,0.3092,0.4147,0.3694,0.3335,0.3027,0.3531,0.3203,0.7322,0.7276,0.6303,0.6293,0.6920,0.6912,0.6554,0.6570,0.6957,0.6970,5,0.3335,0,0.3991,0.3630,5,0.6303,0,0.6811,0.6804,1.7065
16,1,1,0,7,1.1256,1.0436,1.0777,0.9776,0.9708,0.8881,1.0012,0.9167,1.0577,0.9569,2.1140,2.1114,2.0812,2.0949,2.1643,2.1625,2.4296,2.4085,2.1678,2.1650,5,0.9708,0,1.0466,0.9566,5,2.0812,0,2.1914,2.1885,2.0938
16,10,0,0,7,0.5456,0.4957,0.4701,0.4252,0.4551,0.4098,0.7603,0.6532,0.9047,0.6924,52.1387,104.0510,0.8698,0.8709,0.9850,0.9574,1.0035,0.9677,0.8744,0.8756,5,0.4551,0,0.6272,0.5353,5,0.8698,1,0.9332,0.9179,1.4879
16,11,1,0,7,0.3125,0.2831,0.2975,0.2693,0.3234,0.2778,0.3012,0.2741,0.3159,0.2884,0.5020,0.5008,0.4972,0.4971,0.5711,0.5692,0.6237,0.6215,0.5140,0.5071,5,0.2975,0,0.3101,0.2785,5,0.4972,0,0.5416,0.5391,1.7465
16,12,0,0,7,0.5342,0.4969,0.4890,0.4512,0.7562,0.6961,0.6503,0.5726,0.5205,0.4686,0.9799,0.9799,0.9410,0.9400,1.0794,1.0781,1.1392,1.1316,0.9620,0.9617,5,0.4890,0,0.5900,0.5371,5,0.9410,0,1.0203,1.0183,1.7292
16,13,1,0,7,0.3626,0.3391,0.2618,0.2349,0.3418,0.3008,0.3512,0.2938,0.2815,0.2499,0.4747,0.4730,0.4497,0.4502,0.5183,0.5189,0.6537,0.6455,0.4681,0.4685,5,0.2618,0,0.3198,0.2837,5,0.4497,0,0.5129,0.5112,1.6039
16,14,0,0,7,0.3210,0.2743,0.2861,0.2463,0.3293,0.2942,0.3310,0.2694,0.2538,0.2297,0.4696,0.4691,0.4397,0.4393,0.5217,0.5189,0.4621,0.4604,0.4365,0.4355,5,0.2538,0,0.3042,0.2628,5,0.4365,0,0.4659,0.4646,1.5314
16,15,1,0,7,0.2460,0.2252,0.2510,0.2321,0.3100,0.2717,0.3074,0.2775,0.2534,0.2590,0.3958,0.3944,0.4101,0.4103,0.4387,0.4395,0.6516,0.6500,0.4488,0.4506,5,0.2460,0,0.2736,0.2531,5,0.3958,0,0.4690,0.4690,1.7144
16,16,0,0,7,0.3184,0.2945,0.2147,0.1935,0.2875,0.2655,0.2392,0.2118,0.2178,0.1961,0.4083,0.4080,0.3604,0.3599,0.3839,0.3831,0.4036,0.4034,0.3595,0.3584,5,0.2147,0,0.2555,0.2323,5,0.3595,0,0.3831,0.3826,1.4995
16,17,1,0,7,0.2802,0.2571,0.2099,0.1893,0.2823,0.2391,0.2201,0.1972,0.2119,0.1906,0.3657,0.3647,0.3861,0.3878,0.5336,0.5299,0.4765,0.4738,0.3813,0.3822,5,0.2099,0,0.2409,0.2147,5,0.3657,0,0.4286,0.4277,1.7795
16,18,0,0,7,0.2165,0.2020,0.2058,0.1832,0.2569,0.2360,0.2055,0.1841,0.2068,0.1846,0.3542,0.3430,0.3542,0.3468,0.3578,0.3571,0.3489,0.3399,0.3381,0.3372,5,0.2055,0,0.2183,0.1980,5,0.3381,0,0.3506,0.3448,1.6062
16,19,1,0,7,0.2095,0.1921,0.2081,0.1876,0.2257,0.2051,0.2596,0.2234,0.2109,0.1899,0.3689,0.3687,0.4856,0.4875,0.3572,0.3567,0.3989,0.3999,0.3427,0.3414,5,0.2081,0,0.2228,0.1996,5,0.3427,0,0.3907,0.3908,1.7537
16,2,0,1,7,11.4563,10.7085,11.5214,10.5667,12.4656,11.4280,11.3168,10.3833,10.9482,10.0346,22.9019,22.8814,83.5863,83.5795,24.2536,24.2336,24.7484,24.7339,23.9273,23.8805,5,10.9482,0,11.5417,10.6242,5,22.9019,1,23.9578,23.9323,2.0758
16,20,0,0,7,0.1736,0.1584,0.1763,0.1580,0.1914,0.1707,0.2617,0.2385,0.1777,0.1591,0.2775,0.2765,0.2939,0.2930,0.3292,0.3300,0.4359,0.3992,0.2952,0.2962,5,0.1736,0,0.1961,0.1769,5,0.2775,0,0.3263,0.3190,1.6638
16,21,1,0,7,0.2427,0.2207,0.2397,0.2143,0.2588,0.2319,0.2792,0.2524,0.2391,0.2155,0.4349,0.4504,0.4123,0.4116,0.5187,0.5147,0.4530,0.4533,0.4089,0.4077,5,0.2391,0,0.2519,0.2270,5,0.4089,0,0.4456,0.4475,1.7688
16,22,0,0,7,0.1901,0.1734,0.1918,0.1729,0.3218,0.2981,0.2052,0.1862,0.1935,0.1736,0.3114,0.3106,0.3162,0.3159,0.3359,0.3349,0.4111,0.4099,0.3064,0.3056,5,0.1901,0,0.2205,0.2008,5,0.3064,0,0.3362,0.3354,1.5249
16,23,1,0,7,0.3052,0.2934,0.2408,0.2170,0.3775,0.3406,0.2512,0.2282,0.2413,0.2172,0.4293,0.4281,0.4393,0.4390,0.4600,0.4595,0.4539,0.4545,0.4473,0.4478,5,0.2408,0,0.2832,0.2593,5,0.4293,0,0.4460,0.4458,1.5747
16,24,0,0,7,0.1863,0.1705,0.1981,0.1761,0.3487,0.3099,0.2197,0.2000,0.2256,0.2026,0.3415,0.3422,0.2996,0.2988,0.3081,0.3074,0.2975,0.2968,0.2942,0.2936,5,0.1863,0,0.2357,0.2118,5,0.2942,0,0.3082,0.3078,1.3076
16,25,1,0,7,0.2250,0.2066,0.2292,0.2074,0.4155,0.3772,0.2356,0.2108,0.2377,0.2081,0.4050,0.4041,0.4244,0.4261,0.5210,0.5216,0.4317,0.4016,0.4127,0.4125,5,0.2250,0,0.2686,0.2420,5,0.4050,0,0.4390,0.4332,1.6343
16,26,0,0,7,0.1642,0.1498,0.1693,0.1514,0.2675,0.2354,0.1631,0.1486,0.2137,0.1948,0.2662,0.2653,0.2599,0.2594,0.2724,0.2717,0.2895,0.2901,0.2831,0.2735,5,0.1631,0,0.1956,0.1760,5,0.2599,0,0.2742,0.2720,1.4022
16,27,1,0,7,0.2511,0.2349,0.2376,0.2129,0.2968,0.2524,0.2374,0.2166,0.3219,0.2703,0.4657,0.4659,0.4166,0.4158,0.5337,0.5349,0.4903,0.4901,0.5118,0.5043,5,0.2374,0,0.2690,0.2374,5,0.4166,0,0.4836,0.4822,1.7981
16,28,0,0,7,0.1963,0.1789,0.2355,0.2164,0.2251,0.2040,0.2357,0.2051,0.2642,0.2268,0.3400,0.3391,60.5229,60.5132,0.3508,0.3505,0.3616,0.3604,0.3628,0.3633,5,0.1963,0,0.2314,0.2062,5,0.3400,1,0.3538,0.3533,1.5292
16,29,1,0,7,0.3370,0.3063,0.2000,0.1930,0.2235,0.1996,0.2344,0.2175,0.3139,0.2643,0.3610,0.3601,0.3763,0.3711,0.3483,0.3474,0.3368,0.3369,0.3377,0.3363,5,0.2000,0,0.2618,0.2361,5,0.3368,0,0.3520,0.3504,1.3448
16,3,1,1,7,7.6901,7.1096,8.3120,7.6319,7.6197,6.9774,8.2732,7.5726,7.5429,6.9153,16.6478,16.6099,18.1968,18.1831,69.4184,69.4003,68.9768,68.9002,68.2024,68.1944,5,7.5429,0,7.8876,7.2414,5,16.6478,3,17.4223,17.3965,2.2088
16,30,0,0,7,0.3114,0.2712,0.1858,0.1651,0.1932,0.1727,0.1810,0.1631,0.2325,0.1891,0.3079,0.3067,0.3470,0.3441,0.4071,0.4076,0.4439,0.4357,0.3070,0.3060,5,0.1810,0,0.2208,0.1922,5,0.3070,0,0.3626,0.3600,1.6423
16,31,1,0,7,0.1844,0.1772,0.1721,0.1541,0.3045,0.5279,0.2425,0.2245,0.2021,0.1827,0.2510,0.2497,0.2503,0.2501,0.2591,0.2589,0.4012,0.2901,0.2801,0.2811,5,0.1721,0,0.2211,0.2533,5,0.2503,0,0.2883,0.2660,1.3040
16,32,0,0,7,0.2862,0.2656,0.3168,0.2815,0.1897,0.1683,0.2280,0.1978,0.1832,0.1661,0.3171,0.3161,0.3115,0.3085,0.3063,0.3050,0.4067,0.4051,0.3326,0.3304,5,0.1832,0,0.2408,0.2159,5,0.3063,0,0.3348,0.3330,1.3906
16,33,1,0,7,0.2540,0.2256,0.1806,0.1578,0.1586,0.1419,0.1898,0.1711,0.1589,0.1438,0.2748,0.2745,0.2612,0.2609,0.3388,0.3395,0.2512,0.2503,0.2721,0.2481,5,0.1586,0,0.1884,0.1680,5,0.2512,0,0.2796,0.2747,1.4843
16,34,0,0,7,0.1998,0.1819,0.2210,0.2025,0.1792,0.1601,0.2107,0.1900,0.1807,0.1664,0.3075,0.3069,0.3134,0.3019,0.3085,0.3081,0.3296,0.3296,0.3410,0.3426,5,0.1792,0,0.1983,0.1802,5,0.3075,0,0.3200,0.3178,1.6139
16,35,1,0,7,0.1596,0.1451,0.2454,0.2169,0.1569,0.1400,0.1894,0.1694,0.1684,0.1471,0.2472,0.2468,0.2517,0.2483,0.2478,0.2472,0.2694,0.2538,0.2469,0.2457,5,0.1569,0,0.1839,0.1637,5,0.2469,0,0.2526,0.2484,1.3733
16,4,0,0,7,0.4869,0.4389,0.6716,0.6100,0.4323,0.4359,0.4640,0.4180,0.4265,0.3851,0.7136,0.7129,0.7428,0.7445,1.8978,1.8973,0.8695,0.8715,0.7564,0.7542,5,0.4265,0,0.4963,0.4576,5,0.7136,0,0.9960,0.9961,2.0071
16,5,1,0,7,0.5673,0.5304,0.8616,0.7876,0.9125,0.8333,0.5880,0.5332,0.5615,0.5112,1.0566,1.0558,1.1067,1.1054,1.1894,1.1899,1.1673,1.1659,1.1153,1.1123,5,0.5615,0,0.6982,0.6391,5,1.0566,0,1.1271,1.1259,1.6143
16,6,0,0,7,0.3741,0.3415,0.3562,0.3216,0.4357,0.3896,0.4127,0.3707,0.4661,0.4380,0.6910,0.6904,0.6840,0.6832,0.7792,0.7778,0.7931,0.7936,0.6710,0.6723,5,0.3562,0,0.4090,0.3723,5,0.6710,0,0.7237,0.7235,1.7695
16,7,1,0,7,0.3139,0.2847,0.2830,0.2581,0.3379,0.3007,0.3015,0.2795,0.2973,0.2729,0.5072,0.5045,0.4807,0.4799,0.5158,0.5140,0.4956,0.5067,0.4884,0.4848,5,0.2830,0,0.3067,0.2792,5,0.4807,0,0.4975,0.4980,1.6221
16,8,0,0,7,0.5504,0.4929,0.4511,0.4078,0.4956,0.4488,0.4647,0.4175,0.4472,0.4066,0.8861,0.8848,0.9115,0.9088,0.9607,0.9509,1.0195,1.0212,0.9043,0.9015,5,0.4472,0,0.4818,0.4347,5,0.8861,0,0.9364,0.9334,1.9436
16,9,1,0,7,0.4681,0.4170,0.4505,0.4036,0.4929,0.4481,0.4980,0.4521,0.4940,0.4493,0.8315,0.0713,0.8437,0.8444,0.9575,0.9555,0.9790,0.9554,0.9111,0.8850,5,0.4505,0,0.4807,0.4340,5,0.8315,0,0.9046,0.7423,1.8818
17,0,0,0,7,0.6540,0.6078,1.0114,0.9134,0.7462,0.6814,1.1689,1.0574,0.6355,0.5807,1.3264,1.3254,1.3462,1.3450,1.5491,1.5459,1.3468,1.3449,1.3519,1.3528,5,0.6355,0,0.8432,0.7681,5,1.3264,0,1.3841,1.3828,1.6415
17,1,1,0,7,0.8383,0.7643,0.7813,0.7135,0.8518,0.7722,2.1476,1.4789,0.8046,0.7353,1.5612,1.5600,1.5814,1.5746,1.5938,1.5940,1.7027,1.6813,1.5928,1.5925,5,0.7813,0,1.0847,0.8928,5,1.5612,0,1.6064,1.6005,1.4809
17,10,0,0,7,0.1446,0.1310,0.1458,0.1303,0.1530,0.1358,0.2081,0.1860,0.1467,0.1319,0.2362,0.2358,0.2203,0.2159,0.2625,0.2628,0.2103,0.2018,0.2006,0.1991,5,0.1446,0,0.1596,0.1430,5,0.2006,0,0.2260,0.2231,1.4156
17,11,1,0,7,0.1611,0.1467,0.2007,0.1788,0.1665,0.1489,0.2342,0.2115,0.1662,0.1486,0.3174,0.3165,0.2634,0.2555,0.2719,0.2712,0.2585,0.2593,0.2418,0.2412,5,0.1611,0,0.1857,0.1669,5,0.2418,0,0.2706,0.2687,1.4569
17,12,0,0,7,0.1464,0.1331,0.1496,0.1342,0.1542,0.1379,0.2093,0.1891,0.1524,0.1355,0.2501,0.2534,0.2439,0.2440,0.2575,0.2574,0.2080,0.2074,0.2540,0.2150,5,0.1464,0,0.1624,0.1460,5,0.2080,0,0.2427,0.2354,1.4946
17,13,1,0,7,0.1696,0.1529,0.1541,0.1377,0.1600,0.1410,0.2568,0.2311,0.1529,0.1395,0.2656,0.2689,0.2236,0.2214,0.3289,0.3482,0.3249,0.3048,0.2330,0.2367,5,0.1529,0,0.1787,0.1604,5,0.2236,0,0.2752,0.2760,1.5402
17,14,0,0,7,0.1427,0.1299,0.1454,0.1295,0.1510,0.1342,0.2022,0.1813,0.1450,0.1303,0.2698,0.2735,0.2028,0.2024,0.2363,0.2323,0.2159,0.2144,0.2448,0.2478,5,0.1427,0,0.1573,0.1410,5,0.2028,0,0.2339,0.2341,1.4875
17,15,1,0,7,0.1475,0.1338,0.1496,0.1332,0.1523,0.1363,0.2715,0.2451,0.1501,0.1350,0.2600,0.2634,0.2518,0.2550,0.2324,0.2324,0.2325,0.2326,0.2176,0.2172,5,0.1475,0,0.1742,0.1567,5,0.2176,0,0.2389,0.2401,1.3712
17,16,0,0,7,0.1429,0.1300,0.1445,0.1289,0.1481,0.1318,0.2103,0.1878,0.1446,0.1300,0.2480,0.2516,0.2445,0.2430,0.2060,0.2052,0.2050,0.2042,0.2058,0.2053,5,0.1429,0,0.1581,0.1417,5,0.2050,0,0.2219,0.2219,1.4035
17,17,1,0,7,0.1279,0.1157,0.1381,0.1219,0.1361,0.1185,0.1750,0.1580,0.1298,0.1165,0.1890,0.1921,0.1553,0.1586,0.1668,0.1661,0.1657,0.1645,0.1821,0.1857,5,0.1279,0,0.1414,0.1261,5,0.1553,0,0.1718,0.1734,1.2150
17,18,0,0,7,0.1801,0.1650,0.1529,0.1369,0.1534,0.1370,0.2196,0.1968,0.1516,0.1364,0.2922,0.2960,0.2087,0.2111,0.2384,0.2384,0.2770,0.2714,0.2072,0.2095,5,0.1516,0,0.1715,0.1544,5,0.2072,0,0.2447,0.2453,1.4267
17,19,1,0,7,0.1642,0.1496,0.2343,0.1987,0.1555,0.1351,0.2105,0.1894,0.1919,0.1552,0.2596,0.2631,0.2027,0.2054,0.2159,0.2185,0.2358,0.2370,0.2130,0.2111,5,0.1555,0,0.1913,0.1656,5,0.2027,0,0.2254,0.2270,1.1784
17,2,0,0,7,0.4084,0.3776,0.3979,0.3533,0.4152,0.3689,0.7177,0.6505,0.3939,0.3569,0.7551,0.7544,0.7613,0.7621,0.7521,0.7514,0.7657,0.7594,0.7424,0.7433,5,0.3939,0,0.4666,0.4214,5,0.7424,0,0.7553,0.7541,1.6187
17,20,0,1,7,0.4009,0.3689,0.6402,0.5722,0.4218,0.3825,2.6395,2.4257,0.4378,0.3918,0.8699,0.8693,0.8177,0.8104,0.8082,0.8090,0.7719,0.7705,0.7934,0.7947,5,0.4009,1,0.4752,0.4289,5,0.7719,0,0.8122,0.8108,1.7093
17,21,1,0,7,0.1454,0.1324,0.3278,0.3178,0.1532,0.1347,0.7684,0.6918,0.1912,0.1398,0.2891,0.2862,0.2118,0.2110,0.2071,0.2064,0.2437,0.2441,0.2089,0.2083,5,0.1454,1,0.2044,0.1812,5,0.2071,0,0.2321,0.2312,1.1356
17,22,0,0,7,0.1627,0.1477,0.2881,0.2562,0.1765,0.1568,0.3226,0.2865,0.2140,0.1613,0.2589,0.2587,0.2841,0.2813,0.2467,0.2459,0.2409,0.2415,0.2455,0.2451,5,0.1627,0,0.2328,0.2017,5,0.2409,0,0.2552,0.2545,1.0964
17,23,1,0,7,0.1723,0.1572,0.3323,0.2975,0.1778,0.1586,0.3404,0.2978,0.2259,0.1724,0.3104,0.3114,0.2851,0.2857,0.2761,0.2756,0.3000,0.3004,0.2928,0.2967,5,0.1723,0,0.2497,0.2167,5,0.2761,0,0.2929,0.2940,1.1727
17,24,0,0,7,0.1625,0.1481,0.2219,0.2042,0.1682,0.1504,0.3009,0.2753,0.2401,0.1834,0.2611,0.2603,0.2520,0.2514,0.2700,0.2700,55.5726,55.5832,0.2481,0.2478,5,0.1625,0,0.2187,0.1923,5,0.2481,1,0.2578,0.2574,1.1787
17,25,1,0,7,0.1442,0.1304,0.2442,0.2133,0.1497,0.1335,0.1922,0.1665,0.2753,0.2563,0.2244,0.2237,0.2157,0.2221,0.1972,0.2000,0.2246,0.2211,0.2131,0.2117,5,0.1442,0,0.2011,0.1800,5,0.1972,0,0.2150,0.2157,1.0690
17,26,0,0,7,0.1386,0.1258,0.2134,0.1908,0.1448,0.1290,0.1771,0.1542,0.1873,0.1679,0.2203,0.2197,0.2234,0.2228,0.1909,0.1943,0.2938,0.2782,0.2047,0.2034,5,0.1386,0,0.1722,0.1535,5,0.1909,0,0.2266,0.2237,1.3157
17,27,1,0,7,0.1277,0.1153,0.1910,0.1674,0.1283,0.1139,0.1521,0.1311,0.1834,0.1620,0.2237,0.2277,0.1840,0.1878,0.1621,0.1653,0.2125,0.2101,0.1867,0.1856,5,0.1277,0,0.1565,0.1379,5,0.1621,0,0.1938,0.1953,1.2383
17,28,0,0,7,0.1441,0.1420,0.2728,0.2431,0.1658,0.1446,0.1554,0.1381,0.2148,0.1844,0.2571,0.2563,0.2128,0.2112,0.2345,0.2377,0.2096,0.2094,0.2190,0.2222,5,0.1441,0,0.1906,0.1704,5,0.2096,0,0.2266,0.2274,1.1890
17,29,1,0,7,0.1523,0.1387,0.2250,0.1957,0.1578,0.1426,0.1733,0.1526,0.2352,0.2083,0.2916,0.2911,0.2252,0.2288,0.3429,0.2360,0.2629,0.2519,0.2195,0.2220,5,0.1523,0,0.1887,0.1676,5,0.2195,0,0.2684,0.2460,1.4223
17,3,1,0,7,0.4739,0.4396,0.4919,0.4463,0.4964,0.4502,1.0072,0.9163,0.5026,0.4586,1.0547,1.0553,0.9606,0.9624,0.9814,0.9814,0.9999,1.0009,0.9596,0.9580,5,0.4739,0,0.5944,0.5422,5,0.9596,0,0.9912,0.9916,1.6676
17,30,0,0,7,0.1557,0.1419,0.2606,0.2250,0.1622,0.1453,0.2283,0.1931,0.2138,0.1943,0.2434,0.2429,0.3020,0.2860,0.2397,0.2380,0.3525,0.3214,0.2681,0.2672,5,0.1557,0,0.2041,0.1799,5,0.2397,0,0.2811,0.2711,1.3773
17,31,1,0,7,0.1478,0.1343,0.1653,0.1480,0.1526,0.1362,0.1964,0.1808,0.2501,0.2293,0.2659,0.2664,0.2422,0.2458,0.2132,0.2132,0.2483,0.2491,0.2074,0.2103,5,0.1478,0,0.1824,0.1657,5,0.2074,0,0.2354,0.2370,1.2903
17,32,0,0,7,0.5305,0.4919,0.2363,0.2127,0.2558,0.2272,0.2493,0.2240,0.2909,0.2635,0.3895,0.3885,0.3707,0.3692,0.4011,0.4020,0.3730,0.3728,0.3857,0.3868,5,0.2363,0,0.3126,0.2839,5,0.3707,0,0.3840,0.3839,1.2286
17,33,1,0,7,0.2860,0.2445,0.1766,0.1580,0.1755,0.1572,0.1827,0.1630,0.1731,0.1559,0.2695,0.2688,0.2657,0.2646,0.2606,0.2605,0.4266,0.4142,0.2637,0.2627,5,0.1731,0,0.1988,0.1757,5,0.2606,0,0.2972,0.2942,1.4952
17,34,0,0,7,0.2958,0.2747,0.2359,0.2123,0.2581,0.2269,0.2371,0.2134,0.3417,0.3023,0.4206,0.4210,0.4134,0.4141,0.3714,0.3702,0.3979,0.3989,0.4177,0.4053,5,0.2359,0,0.2737,0.2459,5,0.3714,0,0.4042,0.4019,1.4767
17,35,1,0,7,0.2324,0.2178,0.2219,0.1951,0.3218,0.2738,0.2975,0.2601,0.2090,0.1936,0.3503,0.3495,0.3309,0.3308,0.3649,0.3653,0.4450,0.4451,0.3336,0.3330,5,0.2090,0,0.2565,0.2281,5,0.3309,0,0.3649,0.3647,1.4227
17,36,0,0,7,0.1935,0.1771,0.2163,0.1966,0.3601,0.3145,0.2398,0.2158,0.2061,0.1850,0.3006,0.3001,0.2976,0.2967,0.2914,0.2910,0.3251,0.3258,0.2949,0.2940,5,0.1935,0,0.2432,0.2178,5,0.2914,0,0.3019,0.3015,1.2417
17,37,1,0,7,0.2327,0.2143,0.3363,0.3041,0.2969,0.2663,0.1906,0.1710,0.2533,0.2268,0.3411,0.3411,0.3551,0.3566,60.5173,0.3710,0.2852,0.2849,0.3268,0.3203,5,0.1906,0,0.2620,0.2365,5,0.2852,1,0.3271,0.3257,1.2485
17,38,0,0,7,0.2024,0.1785,0.3028,0.2729,0.2934,0.3207,0.2244,0.2017,0.2237,0.2005,0.3200,0.3194,0.3063,0.3061,0.3748,0.3720,0.4183,0.4174,0.3041,0.3039,5,0.2024,0,0.2493,0.2349,5,0.3041,0,0.3447,0.3438,1.3824
17,39,1,0,7,0.1802,0.1605,0.2413,0.2143,0.2213,0.1977,0.1839,0.1656,0.1731,0.1545,0.2432,0.2425,0.2462,0.2435,0.2530,0.2493,0.2694,0.2694,0.2750,0.2738,5,0.1731,0,0.2000,0.1785,5,0.2432,0,0.2574,0.2557,1.2871
17,4,0,0,7,0.2328,0.2148,0.2424,0.2174,0.2443,0.2199,0.3708,0.3353,0.2711,0.2455,0.4070,0.3928,0.4138,0.4152,0.4334,0.4340,0.4709,0.4679,0.3864,0.3864,5,0.2328,0,0.2723,0.2466,5,0.3864,0,0.4223,0.4193,1.5510
17,40,0,0,7,0.2574,0.2347,0.2947,0.2627,0.2372,0.2053,0.2925,0.2524,0.1813,0.1615,0.3244,0.3248,0.3022,0.3036,0.4138,0.3740,0.2692,0.2692,0.2729,0.2724,5,0.1813,0,0.2526,0.2233,5,0.2692,0,0.3165,0.3088,1.2529
17,41,1,0,7,0.1756,0.1559,0.1495,0.1286,0.2051,0.1879,0.2094,0.1925,0.1497,0.1333,0.2151,0.2147,0.2257,0.2005,0.2157,0.2121,0.1972,0.1963,0.2256,0.2264,5,0.1495,0,0.1779,0.1596,5,0.1972,0,0.2159,0.2100,1.2137
17,42,0,0,7,0.1827,0.1663,0.1754,0.1574,0.4004,0.3832,0.2191,0.1937,0.1826,0.1632,0.2931,0.2927,0.2619,0.2616,0.3190,0.3045,0.3822,0.3814,0.2619,0.2614,5,0.1754,0,0.2320,0.2128,5,0.2619,0,0.3036,0.3003,1.3085
17,43,1,0,7,0.1451,0.1315,0.1459,0.1302,0.1922,0.1708,0.1736,0.1556,0.1753,0.1549,0.2121,0.2116,0.2161,0.2134,0.3773,0.3742,0.2240,0.2243,0.2376,0.2400,5,0.1451,0,0.1664,0.1486,5,0.2121,0,0.2534,0.2527,1.5228
17,44,0,0,7,0.1510,0.1347,0.1548,0.1383,0.2226,0.1525,0.1805,0.1621,0.1561,0.1371,0.2461,0.2462,0.2291,0.2088,0.2809,0.2798,0.1982,0.1975,0.2009,0.1998,5,0.1510,0,0.1730,0.1449,5,0.1982,0,0.2310,0.2264,1.3355
17,45,1,0,7,0.1647,0.1516,0.1495,0.1332,0.1735,0.1572,0.2594,0.2183,0.1582,0.1397,0.2210,0.2204,0.2096,0.2095,0.2261,0.2258,0.2048,0.2037,0.2281,0.2317,5,0.1495,0,0.1811,0.1600,5,0.2048,0,0.2179,0.2182,1.2036
17,46,0,0,7,0.1639,0.1414,0.1469,0.1309,0.2087,0.1844,0.2563,0.2280,0.1979,0.1786,0.2359,0.2355,0.2042,0.2075,0.2438,0.2410,0.3293,0.3180,0.1994,0.2021,5,0.1469,0,0.1947,0.1727,5,0.1994,0,0.2425,0.2408,1.2454
17,47,1,0,7,0.1274,0.1161,0.1271,0.1126,0.1351,0.1203,0.1723,0.1606,0.1323,0.1171,0.1851,0.1885,0.1499,0.1524,0.2271,0.2312,0.1793,0.1796,0.1483,0.1507,5,0.1271,0,0.1388,0.1253,5,0.1483,0,0.1779,0.1805,1.2816
17,48,0,0,7,0.1249,0.1131,0.1285,0.1120,0.1395,0.1194,0.1591,0.1371,0.1290,0.1138,0.2318,0.2357,0.1770,0.1738,0.2103,0.2138,0.1694,0.1684,0.1988,0.2016,5,0.1249,0,0.1362,0.1191,5,0.1694,0,0.1975,0.1987,1.4498
17,49,1,0,7,0.1389,0.1261,0.2265,0.1965,0.1584,0.1379,0.1854,0.1495,0.1468,0.1307,0.2231,0.2265,0.2332,0.1978,0.2327,0.2358,0.1879,0.1869,0.1901,0.1891,5,0.1389,0,0.1712,0.1481,5,0.1879,0,0.2134,0.2072,1.2465
17,5,1,0,7,0.2765,0.2543,0.2836,0.2545,0.2867,0.2602,0.4390,0.3974,0.2882,0.2583,0.5067,0.5187,0.5382,0.5272,0.5096,0.5088,0.5229,0.5240,0.6038,0.6062,5,0.2765,0,0.3148,0.2849,5,0.5067,0,0.5362,0.5370,1.7034
17,50,0,0,7,0.1469,0.1337,0.1661,0.1484,0.1565,0.1399,0.1760,0.1560,0.1536,0.1367,0.2660,0.2652,0.2101,0.2137,0.2735,0.2723,0.3255,0.3258,0.2420,0.2456,5,0.1469,0,0.1598,0.1429,5,0.2101,0,0.2634,0.2645,1.6482
17,51,1,0,7,0.1389,0.1257,0.1434,0.1283,0.1470,0.1332,0.1572,0.1399,0.1461,0.1298,0.2133,0.2163,0.1720,0.1744,0.2597,0.2638,0.1938,0.1919,0.1718,0.1747,5,0.1389,0,0.1465,0.1314,5,0.1718,0,0.2021,0.2042,1.3795
17,52,0,0,7,0.1444,0.1313,0.1503,0.1340,0.1511,0.1347,0.1532,0.1358,0.1562,0.1442,0.2813,0.2847,0.1997,0.2020,0.2619,0.2651,0.2080,0.2083,0.1990,0.2011,5,0.1444,0,0.1510,0.1360,5,0.1990,0,0.2300,0.2322,1.5226
17,53,1,0,7,0.1559,0.1436,0.1721,0.1511,0.1709,0.1501,0.1664,0.1491,0.1900,0.1730,0.2968,0.2957,0.2378,0.2364,0.3042,0.3031,0.2366,0.2360,0.2388,0.2375,5,0.1559,0,0.1711,0.1534,5,0.2366,0,0.2628,0.2617,1.5365
17,54,0,0,7,0.1387,0.1206,0.1310,0.1164,0.1355,0.1181,0.1312,0.1166,0.1316,0.1169,0.1785,0.1778,0.2067,0.2102,0.1837,0.1830,0.1763,0.1753,0.1731,0.1757,5,0.1310,0,0.1336,0.1177,5,0.1731,0,0.1837,0.1844,1.3747
17,55,1,1,7,0.3971,0.3689,0.4973,0.4475,0.5315,0.4761,0.5597,0.5052,0.4165,0.3781,0.8696,0.8692,0.8424,0.8423,0.8993,0.8991,0.9566,0.9247,0.8698,0.8694,5,0.3971,0,0.4804,0.4352,5,0.8424,0,0.8875,0.8809,1.8474
17,56,0,0,7,0.1179,0.1063,0.1564,0.1426,0.2247,0.1937,0.1865,0.1596,0.1222,0.1077,0.1577,0.1577,0.1756,0.1763,0.1736,0.1724,0.2648,0.2551,0.1701,0.1698,5,0.1179,0,0.1615,0.1420,5,0.1577,0,0.1884,0.1863,1.1660
17,57,1,0,6,0.1244,0.1126,0.2757,0.2479,0.2236,0.1952,0.1580,0.1360,0.1295,0.1147,0.1723,0.1720,0.1756,0.1745,0.2007,0.2007,0.1893,0.1901,0.1915,0.1907,5,0.1244,0,0.1822,0.1613,5,0.1723,0,0.1859,0.1856,1.0200
17,58,0,0,7,0.1167,0.1050,0.1763,0.1487,0.1606,0.1430,0.1373,0.1204,0.1935,0.1715,0.1705,0.1710,0.1545,0.1542,0.1688,0.1684,0.1525,0.1520,0.1524,0.1522,5,0.1167,0,0.1569,0.1377,5,0.1524,0,0.1597,0.1596,1.0182
17,59,1,0,6,0.1581,0.1440,0.1977,0.1740,0.1627,0.1518,0.1469,0.1283,0.1364,0.1172,0.2019,0.2020,0.1660,0.1654,0.1924,0.1917,0.1662,0.1658,0.1657,0.1652,5,0.1364,0,0.1604,0.1431,5,0.1657,0,0.1784,0.1780,1.1127
17,6,0,0,7,0.2129,0.1933,0.1971,0.1773,0.2082,0.1858,0.3288,0.2928,0.2103,0.1906,0.3195,0.3186,0.3227,0.3209,0.3365,0.3352,0.3968,0.3937,0.3140,0.3137,5,0.1971,0,0.2315,0.2080,5,0.3140,0,0.3379,0.3364,1.4599
17,60,0,0,7,0.1668,0.1542,0.2150,0.1875,0.1352,0.1181,0.1736,0.1495,0.1203,0.1070,0.1763,0.1761,0.1438,0.1464,0.1823,0.1855,0.1468,0.1489,0.1845,0.1842,5,0.1203,0,0.1622,0.1433,5,0.1438,0,0.1667,0.1682,1.0281
17,61,1,0,6,0.1424,0.1246,0.1940,0.1776,0.1498,0.1255,0.1596,0.1427,0.1264,0.1123,0.1997,0.2030,1.2854,1.2865,0.2122,0.2133,0.2341,0.2243,0.1712,0.1704,5,0.1264,0,0.1544,0.1365,5,0.1712,1,0.2043,0.2027,1.3228
17,7,1,0,7,0.1703,0.1556,0.1739,0.1558,0.1809,0.1605,0.2651,0.2398,0.1789,0.1614,0.3083,0.3086,0.2656,0.2660,0.3528,0.3515,0.2912,0.2924,0.2608,0.2603,5,0.1703,0,0.1938,0.1746,5,0.2608,0,0.2957,0.2958,1.5258
17,8,0,0,7,0.1715,0.1568,0.1746,0.1566,0.1787,0.1606,0.2609,0.2334,0.1764,0.1591,0.2723,0.2716,3.2115,0.3310,0.2730,0.2722,0.2583,0.2578,0.2779,0.2769,5,0.1715,0,0.1924,0.1733,5,0.2583,1,0.2704,0.2696,1.4051
17,9,1,0,7,0.1658,0.1509,0.1705,0.1507,0.1717,0.1541,0.2409,0.2181,0.1687,0.1521,0.2683,0.2678,0.2910,0.2875,0.2634,0.2630,0.3484,0.3362,0.2711,0.2714,5,0.1658,0,0.1835,0.1652,5,0.2634,0,0.2884,0.2852,1.5717
18,0,0,1,7,1.0859,1.0128,1.2708,1.1601,1.2223,1.1074,1.3822,1.2627,1.1543,1.0549,2.4253,2.4215,2.3460,2.3395,3.3730,3.3705,2.6077,2.6056,63.5919,63.5720,5,1.0859,0,1.2231,1.1196,5,2.3460,1,2.6880,2.6843,2.1977
18,1,1,0,7,0.4930,0.4564,0.5708,0.5222,0.6500,0.5786,0.5445,0.4920,0.5685,0.5109,65.0289,1.0396,1.0011,0.9938,1.0560,1.0587,1.1203,1.1209,1.1130,1.1067,5,0.4930,0,0.5654,0.5120,5,1.0011,1,1.0726,1.0700,1.8972
18,10,0,0,7,0.2938,0.2703,0.3035,0.2699,0.3578,0.3239,0.3417,0.2924,0.2603,0.2353,0.4973,0.4975,0.5481,0.5459,0.5577,0.5574,0.4576,0.4565,0.5457,0.5338,5,0.2603,0,0.3114,0.2784,5,0.4576,0,0.5213,0.5182,1.6739
18,11,1,0,7,0.3112,0.2868,0.4071,0.3600,0.3231,0.2866,0.3402,0.3016,0.2739,0.2487,0.4890,0.4885,0.4842,0.4839,0.5610,0.5577,0.5209,0.5198,0.5607,0.5624,5,0.2739,0,0.3311,0.2967,5,0.4842,0,0.5232,0.5225,1.5801
18,12,0,0,7,0.5754,0.5311,0.5796,0.5335,0.6413,0.5716,0.6055,0.5421,0.5688,0.5183,1.1218,1.1217,1.2837,1.2802,1.2946,1.2919,1.1300,1.1188,1.2216,1.2236,5,0.5688,0,0.5941,0.5393,5,1.1218,0,1.2103,1.2072,2.0372
18,13,1,0,7,0.4800,0.4447,0.4893,0.4379,0.5071,0.4660,0.7340,0.6690,0.6919,0.4952,0.8892,0.8878,1.2075,1.2095,0.9970,0.9951,0.9090,0.9100,0.9776,0.9973,5,0.4800,0,0.5805,0.5026,5,0.8892,0,0.9961,0.9999,1.7160
18,14,0,0,7,0.3358,0.3096,0.3278,0.2919,0.5980,0.1038,0.4894,0.4447,0.3879,0.3607,0.5946,0.5943,0.5449,0.5456,0.6250,0.6229,0.5608,0.5598,0.5579,0.5544,5,0.3278,0,0.4278,0.3021,5,0.5449,0,0.5766,0.5754,1.3480
18,15,1,0,7,0.3743,0.3335,0.3628,0.3316,0.7160,1.2180,0.4534,0.3964,0.3554,0.3220,0.5926,0.5913,0.6189,0.6236,0.6628,0.6631,0.5990,0.5989,0.6543,0.6517,5,0.3554,0,0.4524,0.5203,5,0.5926,0,0.6255,0.6257,1.3827
18,16,0,0,7,0.4958,0.4272,0.3858,0.3475,0.4086,0.3727,0.2785,0.2505,0.2658,0.2364,0.4192,0.4181,0.4076,0.4066,0.4812,0.4788,0.5214,0.5187,0.4436,0.4422,5,0.2658,0,0.3669,0.3269,5,0.4076,0,0.4546,0.4529,1.2390
18,17,1,0,7,0.4507,0.4288,0.2660,0.2340,0.2814,0.2514,0.2631,0.2376,0.3106,0.2458,0.3907,0.3897,0.4584,0.4592,0.4968,0.4974,0.4389,0.4400,0.4636,0.4618,5,0.2631,0,0.3144,0.2795,5,0.3907,0,0.4497,0.4496,1.4305
18,18,0,0,7,0.4409,0.3958,0.2951,0.2624,0.3069,0.2743,0.3128,0.2824,0.3057,0.2827,0.5297,0.5295,0.4819,0.4817,0.5545,0.5516,0.4983,0.4981,0.7100,0.6008,5,0.2951,0,0.3323,0.2995,5,0.4819,0,0.5549,0.5323,1.6699
18,19,1,0,7,0.2091,0.1847,0.2725,0.2383,0.2211,0.1953,0.2056,0.1984,0.1765,0.1579,0.2777,0.2772,0.3256,0.3041,0.3341,0.3335,0.3109,0.3095,0.3592,0.3603,5,0.1765,0,0.2170,0.1949,5,0.2777,0,0.3215,0.3169,1.4818
18,2,0,0,7,0.5840,0.5420,0.6498,0.5867,0.8153,0.7474,0.6367,0.5725,0.6488,0.5916,1.2787,1.2751,1.2040,1.1973,1.3867,1.3856,1.4009,1.3991,1.2578,1.2581,5,0.5840,0,0.6669,0.6080,5,1.2040,0,1.3056,1.3030,1.9577
18,20,0,0,7,0.2623,0.2345,0.2031,0.1824,0.2103,0.1889,0.3321,0.2988,0.1945,0.1745,0.3439,0.3222,0.3503,0.3505,0.3331,0.3246,0.3216,0.3214,0.3056,0.3055,5,0.1945,0,0.2405,0.2158,5,0.3056,0,0.3309,0.3248,1.3761
18,21,1,0,7,0.1815,0.1683,0.1792,0.1583,0.2050,0.1834,0.3106,0.2774,0.1666,0.1490,0.2555,0.2550,0.2479,0.2476,0.2563,0.2556,0.2541,0.2537,0.3532,0.3566,5,0.1666,0,0.2086,0.1873,5,0.2479,0,0.2734,0.2737,1.3108
18,22,0,0,7,0.1726,0.1580,0.2227,0.1998,0.2393,0.2260,0.2174,0.1921,0.2217,0.2290,0.2479,0.2474,0.2631,0.2426,0.2922,0.2929,0.2505,0.2495,0.3076,0.3089,5,0.1726,0,0.2147,0.2010,5,0.2479,0,0.2723,0.2683,1.2679
18,23,1,0,7,0.2702,0.2338,0.2137,0.1880,0.2834,0.2466,0.2421,0.2102,0.1834,0.1623,0.2808,0.2797,0.3106,0.3111,0.2915,0.2913,0.3191,0.3193,0.2591,0.2595,5,0.1834,0,0.2386,0.2082,5,0.2591,0,0.2922,0.2922,1.2249
18,24,0,0,7,0.1825,0.1653,0.2349,0.2039,0.3762,0.3411,0.1914,0.1758,0.1679,0.1505,0.2956,0.2963,0.2502,0.2492,0.2594,0.2587,0.3567,0.3541,0.3456,0.3478,5,0.1679,0,0.2306,0.2073,5,0.2502,0,0.3015,0.3012,1.3076
18,25,1,0,7,0.2300,0.2199,0.2394,0.2164,0.2390,0.2179,0.2294,0.2070,0.2140,0.1921,0.3554,0.3544,0.3528,0.3492,0.3919,0.3925,0.3712,0.3696,0.4624,0.4633,5,0.2140,0,0.2304,0.2107,5,0.3528,0,0.3867,0.3858,1.6789
18,26,0,0,7,0.1497,0.1316,0.1481,0.1308,0.1505,0.1343,0.1376,0.1221,0.1352,0.1201,0.1792,0.1785,0.2627,0.2650,0.1858,0.1852,0.1838,0.2061,0.1673,0.1680,5,0.1352,0,0.1442,0.1278,5,0.1673,0,0.1958,0.2006,1.3574
18,27,1,0,7,0.1794,0.1638,0.1883,0.1666,0.1973,0.1687,0.1775,0.1591,0.1749,0.1565,0.2787,0.2773,0.3413,0.3369,0.2748,0.2746,0.2685,0.2680,0.2738,0.2742,5,0.1749,0,0.1835,0.1629,5,0.2685,0,0.2874,0.2862,1.5665
18,28,0,0,7,0.1599,0.1584,0.1641,0.1459,0.1594,0.1388,0.1468,0.1291,0.1437,0.1277,0.2246,0.2244,0.1910,0.1907,0.2129,0.2123,0.2062,0.2056,0.2331,0.2310,5,0.1437,0,0.1548,0.1400,5,0.1910,0,0.2136,0.2128,1.3798
18,29,1,0,7,0.1891,0.1732,0.1926,0.1720,0.1933,0.1748,0.1820,0.1638,0.2956,0.2600,0.2902,0.2899,0.3110,0.3148,0.3432,0.3475,0.3205,0.3193,0.3490,0.3474,5,0.1820,0,0.2105,0.1888,5,0.2902,0,0.3228,0.3238,1.5333
18,3,1,0,7,0.8226,0.7651,0.9549,0.8690,0.9882,0.9060,0.9774,0.8844,1.4640,1.3267,1.7866,1.7806,1.7559,1.7497,3.2366,3.2030,2.0000,1.9987,1.8349,1.8326,5,0.8226,0,1.0414,0.9502,5,1.7559,0,2.1228,2.1129,2.0384
18,30,0,0,7,0.2570,0.2436,0.2200,0.1957,0.2194,0.1952,0.2007,0.1803,0.2305,0.2042,0.3222,0.3216,0.3977,0.3958,0.3637,0.3630,0.3269,0.3266,0.3430,0.3351,5,0.2007,0,0.2255,0.2038,5,0.3222,0,0.3507,0.3484,1.5551
18,31,1,0,7,0.2563,0.2347,0.1892,0.1652,0.1935,0.1721,0.1839,0.1627,0.1769,0.1561,0.3057,0.3064,0.2649,0.2645,0.2674,0.2675,0.2652,0.2657,0.2636,0.2639,5,0.1769,0,0.2000,0.1782,5,0.2636,0,0.2734,0.2736,1.3671
18,32,0,0,7,0.2282,0.2017,0.2080,0.1884,0.2065,0.1855,0.2007,0.1800,0.2014,0.1819,0.3337,0.3331,0.3538,0.3546,0.3751,0.3756,0.3336,0.3365,0.3957,0.3961,5,0.2007,0,0.2090,0.1875,5,0.3336,0,0.3584,0.3592,1.7151
18,33,1,0,7,0.2787,0.2731,0.2095,0.1837,0.1954,0.1745,0.2021,0.1822,0.1928,0.1791,0.3038,0.3032,0.3712,0.3712,0.3150,0.3147,0.3281,0.3276,0.3141,0.3263,5,0.1928,0,0.2157,0.1985,5,0.3038,0,0.3264,0.3286,1.5134
18,34,0,0,7,0.4093,0.3740,0.2410,0.2159,0.2273,0.2033,0.2240,0.2002,0.2311,0.2047,0.4108,0.4117,0.3640,0.3637,0.4561,0.4542,0.3738,0.3732,0.3729,0.3706,5,0.2240,0,0.2665,0.2396,5,0.3640,0,0.3955,0.3947,1.4839
18,35,1,0,7,0.2461,0.2167,0.2502,0.2216,0.2153,0.1938,0.2104,0.1897,0.2444,0.2163,0.3574,0.3567,0.4007,0.3801,0.3747,0.3531,0.3643,0.3632,0.4002,0.3833,5,0.2104,0,0.2333,0.2076,5,0.3574,0,0.3795,0.3673,1.6266
18,36,0,0,7,0.2354,0.2082,0.2191,0.1955,0.2085,0.1875,0.2153,0.1954,0.2214,0.1992,0.3511,0.3505,0.3923,0.3470,0.3442,0.3436,0.3434,0.3426,0.3648,0.3656,5,0.2085,0,0.2199,0.1972,5,0.3434,0,0.3592,0.3499,1.6330
18,37,1,0,6,0.2224,0.2049,0.2003,0.1766,0.1878,0.1685,0.1866,0.1656,0.1868,0.1654,0.3225,0.3222,0.3028,0.3015,0.3984,0.3996,0.2952,0.2945,0.2884,0.2882,5,0.1866,0,0.1968,0.1762,5,0.2884,0,0.3215,0.3212,1.6336
18,38,0,0,4,0.1559,0.1394,0.1525,0.1353,0.1449,0.1303,0.1798,0.1609,0.1440,0.1284,0.2054,0.2049,0.2451,0.2420,0.2108,0.2103,0.2035,0.2030,0.2238,0.2113,5,0.1440,0,0.1554,0.1389,5,0.2035,0,0.2177,0.2143,1.4008
18,39,1,0,4,0.3852,0.3581,0.1585,0.1390,0.1496,0.1318,0.1828,0.1634,0.1454,0.1295,0.2018,0.2010,0.2364,0.2370,0.2055,0.2050,0.2318,0.2321,0.2086,0.2080,5,0.1454,0,0.2043,0.1844,5,0.2018,0,0.2168,0.2166,1.0613
18,4,0,0,7,0.6774,0.6281,0.7076,0.6420,0.7290,0.6658,0.6828,0.6290,1.1102,1.0169,1.4025,1.3979,1.3795,1.3732,1.4306,1.4345,1.4490,1.4502,1.5020,1.5015,5,0.6774,0,0.7814,0.7164,5,1.3795,0,1.4327,1.4315,1.8335
18,40,0,0,3,0.1338,0.1209,0.1487,0.1306,0.1365,0.1199,0.2538,0.2346,0.1356,0.1199,0.1764,0.1758,0.2192,0.1790,56.5604,0.2800,0.1816,0.1812,0.1825,0.1827,5,0.1338,0,0.1617,0.1452,5,0.1764,1,0.1899,0.1797,1.1747
18,41,1,0,2,0.1280,0.1156,0.1495,0.1342,0.2282,0.2032,0.1654,0.1469,0.1278,0.1133,0.2027,0.2068,0.1508,0.1505,0.2311,0.2351,56.6834,0.2286,0.1503,0.1495,5,0.1278,0,0.1598,0.1426,5,0.1503,1,0.1837,0.1855,1.1499
18,5,1,1,7,2.0006,1.8582,1.7258,1.5774,1.7258,1.5717,1.6920,1.5405,1.9619,1.7827,3.6902,3.6846,3.6228,3.6142,4.2371,4.2341,3.8286,3.8263,3.7672,3.7645,5,1.6920,0,1.8212,1.6661,5,3.6228,0,3.8292,3.8247,2.1025
18,6,0,0,7,0.4500,0.3965,0.4028,0.3637,0.3788,0.3394,0.4030,0.3632,0.4072,0.3673,0.7062,0.7055,0.7037,0.7052,0.8661,0.8660,0.7262,0.7217,0.7271,0.7281,5,0.3788,0,0.4084,0.3660,5,0.7037,0,0.7459,0.7453,1.8265
18,7,1,1,7,2.8596,2.6612,3.1444,2.8870,2.8705,2.6233,3.0142,2.7555,2.9153,2.6486,6.0095,5.9865,53.5953,53.5924,6.9046,6.9020,6.0461,6.0431,6.3452,6.3356,5,2.8596,0,2.9608,2.7151,5,6.0095,1,6.3263,6.3168,2.1367
18,8,0,0,7,0.2975,0.2679,0.3407,0.9372,0.2954,0.2640,0.3328,0.3088,0.3179,0.2840,0.4617,0.4612,0.5284,0.5267,0.5674,0.5694,0.4421,0.4408,0.4825,0.4827,5,0.2954,0,0.3169,0.4124,5,0.4421,0,0.4964,0.4962,1.5667
18,9,1,0,7,0.2505,0.2304,0.3904,0.3623,0.2570,0.2313,0.6110,0.5546,0.2247,0.2008,0.3650,0.3640,0.3615,0.3619,0.4359,0.4332,0.4000,0.3785,0.3911,0.3891,5,0.2247,0,0.3467,0.3159,5,0.3615,0,0.3907,0.3853,1.1268
19,0,0,1,7,5.8146,5.4393,5.1986,4.7644,5.0832,4.6527,6.2885,5.7315,5.8479,5.3614,11.1044,11.1024,11.6513,11.6447,12.3103,12.2814,11.3387,11.3310,11.6667,11.6651,5,5.0832,0,5.6466,5.1899,5,11.1044,0,11.6143,11.6049,2.0569
19,1,1,0,7,0.9924,0.9239,1.0091,0.9107,1.0132,0.9294,1.1584,1.0620,1.0520,0.9527,2.1008,2.1005,2.1336,2.1251,2.1333,2.1280,2.0740,2.1230,2.1062,2.0994,5,0.9924,0,1.0450,0.9557,5,2.0740,0,2.1096,2.1152,2.0187
19,10,0,0,7,0.4156,0.3743,0.2858,0.2475,0.4181,0.3704,0.2622,0.2347,0.2660,0.2389,0.4931,0.4917,0.5003,0.4975,0.5335,0.5313,0.5132,0.5129,0.5290,0.5315,5,0.2622,0,0.3295,0.2932,5,0.4931,0,0.5138,0.5130,1.5592
19,11,1,0,7,0.1993,0.1806,0.1961,0.1698,0.2239,0.2041,0.1770,0.1589,0.1779,0.1606,0.2795,0.2785,0.2660,0.2659,0.3635,0.3613,0.2791,0.2789,0.3841,0.3852,5,0.1770,0,0.1948,0.1748,5,0.2660,0,0.3144,0.3140,1.6138
19,12,0,0,7,0.1754,0.1597,0.2397,0.2186,0.2810,0.2474,0.1736,0.1535,0.1709,0.1544,0.2720,0.2716,0.3643,0.3614,0.2754,0.2751,0.3076,0.3065,0.3429,0.3426,5,0.1709,0,0.2081,0.1867,5,0.2720,0,0.3124,0.3114,1.5012
19,13,1,0,7,0.1568,0.1422,0.1658,0.1477,0.1761,0.1557,0.1546,0.1388,0.1542,0.1383,0.2276,0.2269,0.2401,0.2407,0.3078,0.3053,0.2319,0.2314,0.2398,0.2399,5,0.1542,0,0.1615,0.1445,5,0.2276,0,0.2494,0.2488,1.5445
19,14,0,0,7,0.1487,0.1368,0.1581,0.1390,0.1916,0.1675,0.1468,0.1303,0.1451,0.1302,0.2678,0.2686,0.2216,0.2205,0.3094,0.3069,0.2256,0.2256,0.2143,0.2136,5,0.1451,0,0.1581,0.1408,5,0.2143,0,0.2477,0.2470,1.5674
19,15,1,0,7,0.1786,0.1567,0.1419,0.1270,0.1284,0.1145,0.1281,0.1194,0.1673,0.1471,0.1801,0.1796,56.5158,0.1904,0.1747,0.1744,0.1755,0.1749,0.1640,0.1629,5,0.1281,0,0.1489,0.1329,5,0.1640,1,0.1736,0.1729,1.1660
19,16,0,0,7,0.1472,0.1349,0.1530,0.1364,0.1491,0.1328,0.1448,0.1294,0.1635,0.1372,0.2411,0.2404,0.3044,0.2911,0.2226,0.2224,0.2411,0.2406,0.2255,0.2146,5,0.1448,0,0.1515,0.1341,5,0.2226,0,0.2469,0.2418,1.6298
19,17,1,0,7,0.1546,0.1403,0.1413,0.1258,0.1345,0.1172,0.1239,0.1096,0.1524,0.1351,0.1983,0.2018,0.1829,0.1793,0.2509,0.2484,0.2183,0.2178,0.2044,0.2033,5,0.1239,0,0.1413,0.1256,5,0.1829,0,0.2110,0.2101,1.4926
19,18,0,0,7,0.2135,0.1844,0.1473,0.1314,0.1454,0.1296,0.1451,0.1274,0.1707,0.1534,0.2898,0.2905,0.2597,0.2344,0.2630,0.2624,0.2619,0.2614,0.2748,0.2157,5,0.1451,0,0.1644,0.1452,5,0.2597,0,0.2698,0.2529,1.6414
19,19,1,0,7,0.1534,0.1451,0.1240,0.1093,0.1487,0.1278,0.1225,0.1086,0.1490,0.1331,0.1702,0.1697,0.1982,0.1929,0.1928,0.1922,0.1667,0.1665,0.1646,0.1647,5,0.1225,0,0.1395,0.1248,5,0.1646,0,0.1785,0.1772,1.2794
19,2,0,0,7,0.9037,0.8266,0.8730,0.7972,0.8431,0.7701,0.9487,0.8459,0.9248,0.8435,1.8102,1.8092,1.9356,1.9338,1.9274,1.9207,1.8647,1.8550,55.1519,55.1301,5,0.8431,0,0.8987,0.8167,5,1.8102,1,1.8845,1.8797,2.0970
19,3,1,0,7,1.2112,1.1257,2.3272,2.1225,1.3131,1.1637,1.2261,1.1043,1.1900,1.0770,57.7740,57.7755,2.6369,2.6138,2.7813,2.7686,2.5793,2.5745,2.6657,2.6630,5,1.1900,0,1.4535,1.3186,5,2.5793,1,2.6658,2.6550,1.8340
19,4,0,0,7,0.4227,0.3455,0.6545,0.5914,0.3940,0.3563,0.3538,0.3172,0.3720,0.3352,0.7671,0.7613,0.6756,0.6725,0.7188,0.7141,0.7901,0.7709,0.7002,0.6473,5,0.3538,0,0.4394,0.3891,5,0.6756,0,0.7304,0.7132,1.6622
19,5,1,0,7,0.5130,0.4747,0.6283,0.5714,0.5139,0.4678,0.5175,0.4866,0.5084,0.4625,0.9702,0.9707,0.9898,0.9876,1.0875,1.0856,0.9733,0.9739,1.1421,1.1350,5,0.5084,0,0.5362,0.4926,5,0.9702,0,1.0326,1.0306,1.9257
19,6,0,0,7,0.4946,0.4690,0.3076,0.2781,0.3165,0.2863,0.2842,0.2562,0.4951,0.3880,0.5254,0.5257,0.4843,0.4854,0.5635,0.5612,0.5335,0.5338,0.5161,0.5168,5,0.2842,0,0.3796,0.3355,5,0.4843,0,0.5246,0.5246,1.3819
19,7,1,0,7,0.3034,0.2727,0.2495,0.2205,0.2704,0.2417,0.2539,0.2275,0.3456,0.3188,0.3883,0.3879,0.4428,0.4395,0.4563,0.4699,0.5407,0.5497,0.3840,0.3803,5,0.2495,0,0.2846,0.2562,5,0.3840,0,0.4424,0.4455,1.5548
19,8,0,0,7,0.2924,0.2730,0.2585,0.2281,0.2771,0.2635,0.2475,0.2233,0.4251,0.3757,0.4612,0.4620,0.4466,0.4458,0.4924,0.4901,0.4874,0.4785,0.4561,0.4533,5,0.2475,0,0.3001,0.2727,5,0.4466,0,0.4687,0.4659,1.5618
19,9,1,0,7,0.2794,0.2517,0.2728,0.2461,0.4247,0.3588,0.2516,0.2301,0.2686,0.2439,0.4194,0.4183,0.4215,0.4183,0.5071,0.5048,0.4746,0.4673,0.4420,0.4309,5,0.2516,0,0.2994,0.2661,5,0.4194,0,0.4529,0.4479,1.5127
2,0,0,0,7,0.4887,0.4522,0.5452,0.4941,0.4913,0.4485,0.5530,0.4980,0.4939,0.4521,0.9681,0.9693,1.2628,1.2787,1.0718,1.0691,1.1736,1.1158,1.0105,1.0108,5,0.4887,0,0.5144,0.4690,5,0.9681,0,1.0974,1.0887,2.1332
2,1,1,0,7,1.0399,0.9692,1.0990,1.0028,1.9098,1.7516,1.1766,1.0674,1.0984,1.0049,2.2358,2.2182,2.4086,2.3910,2.4497,2.4403,2.5431,2.5437,2.2578,2.2550,5,1.0399,0,1.2647,1.1592,5,2.2358,0,2.3790,2.3696,1.8810
2,10,0,1,7,0.8744,0.8122,0.9157,0.8251,0.9552,0.8716,0.8692,0.7955,0.9668,0.8726,2.0000,1.9995,2.0073,2.0020,2.1142,2.1048,65.1715,65.1649,1.8880,1.8868,5,0.8692,0,0.9163,0.8354,5,1.8880,1,2.0024,1.9983,2.1854
2,11,1,1,7,0.7774,0.7232,1.4132,1.2567,0.7849,0.7187,0.7707,0.6956,1.0126,0.9261,1.8159,1.7769,2.0833,2.0597,4.6023,1.9526,1.8049,1.7934,1.7114,1.7092,5,0.7707,0,0.9518,0.8641,5,1.7114,0,2.4036,1.8584,2.5254
2,12,0,0,7,0.2092,0.1903,0.2549,0.2057,0.2166,0.1911,0.2305,0.2042,0.3284,0.2999,0.3517,0.3510,0.3894,0.3889,0.4672,0.4539,0.4692,0.4671,0.3611,0.3597,5,0.2092,0,0.2479,0.2182,5,0.3517,0,0.4077,0.4041,1.6446
2,13,1,0,7,0.2181,0.2001,0.2615,0.2183,0.2220,0.2019,0.2599,0.2340,0.3498,0.3138,0.3976,0.3970,0.5921,0.5525,0.4941,0.4863,0.4240,0.4193,0.4288,0.4296,5,0.2181,0,0.2623,0.2336,5,0.3976,0,0.4673,0.4569,1.7819
2,14,0,0,7,0.1848,0.1686,0.2473,0.2181,0.1911,0.1715,0.2269,0.2019,0.2196,0.1930,0.3504,0.3674,0.3234,0.3416,0.4088,0.3974,0.4129,0.4109,0.3228,0.3218,5,0.1848,0,0.2139,0.1906,5,0.3228,0,0.3637,0.3678,1.6998
2,15,1,0,7,0.1856,0.1695,0.2327,0.1924,0.1916,0.1725,0.2269,0.2039,0.2026,0.1823,0.3560,0.3557,0.3618,0.3627,0.4041,0.3965,0.3495,0.3464,0.3233,0.3224,5,0.1856,0,0.2079,0.1841,5,0.3233,0,0.3589,0.3567,1.7267
2,16,0,0,7,0.1663,0.1520,0.2169,0.1882,0.1709,0.1528,0.2637,0.1792,0.2060,0.1533,0.2810,0.2803,0.3846,0.3905,0.3226,0.3138,0.3166,0.3060,0.3139,0.3144,5,0.1663,0,0.2048,0.1651,5,0.2810,0,0.3237,0.3210,1.5811
2,17,1,0,7,0.1768,0.1596,0.1994,0.1787,0.1796,0.1610,0.1903,0.1772,0.1844,0.1652,0.3410,0.3415,0.2939,0.2924,0.3696,0.3611,0.4095,0.4107,0.2986,0.2977,5,0.1768,0,0.1861,0.1683,5,0.2939,0,0.3425,0.3407,1.8405
2,18,0,0,7,0.2443,0.2231,0.2594,0.2288,0.2111,0.1867,0.2078,0.1870,0.2923,0.2580,0.3457,0.3439,0.4010,0.4328,0.4250,0.4227,0.4341,0.4241,0.3586,0.3575,5,0.2078,0,0.2430,0.2167,5,0.3457,0,0.3929,0.3962,1.6169
2,19,1,0,7,0.2293,0.2037,0.2319,0.2172,0.2017,0.1803,0.2069,0.1877,0.2141,0.1932,0.3538,0.3528,0.4358,0.4378,0.4285,0.4249,0.3929,0.3912,0.3809,0.3813,5,0.2017,0,0.2168,0.1964,5,0.3538,0,0.3984,0.3976,1.8377
2,2,0,0,7,1.4181,1.3103,1.4838,1.3548,1.5163,1.3901,1.3851,1.2572,1.4193,1.2952,2.8927,2.8860,3.5963,3.5841,2.9790,2.9712,3.1192,3.1123,3.0420,3.0319,5,1.3851,0,1.4445,1.3215,5,2.8927,0,3.1258,3.1171,2.1639
2,20,0,0,7,0.3293,0.2893,0.1778,0.1557,0.1670,0.1497,0.1670,0.1495,0.1915,0.1609,0.3004,0.3010,0.3153,0.3153,0.3362,0.3327,0.3216,0.3044,0.2722,0.2712,5,0.1670,0,0.2065,0.1810,5,0.2722,0,0.3091,0.3049,1.4969
2,21,1,0,7,0.2708,0.2483,0.2116,0.1915,0.1880,0.1689,0.1896,0.1703,0.2147,0.1899,0.3066,0.3051,0.4061,0.4039,0.3508,0.3475,0.3381,0.3345,0.3189,0.3178,5,0.1880,0,0.2149,0.1938,5,0.3066,0,0.3441,0.3418,1.6009
2,22,0,0,7,0.3384,0.3302,0.2056,0.1794,0.2012,0.1807,0.1986,0.1772,0.2051,0.1843,0.3344,0.3333,0.3457,0.3452,0.4558,0.4104,0.3869,0.3849,0.3728,0.3732,5,0.1986,0,0.2298,0.2104,5,0.3344,0,0.3791,0.3694,1.6499
2,23,1,0,7,0.3062,0.2715,0.2150,0.1937,0.1783,0.1599,0.1767,0.1585,0.1821,0.1631,0.3353,0.3361,0.3312,0.3307,0.3640,0.3622,0.3389,0.3270,0.2943,0.2934,5,0.1767,0,0.2117,0.1893,5,0.2943,0,0.3327,0.3299,1.5720
2,24,0,0,7,0.2024,0.1846,0.1896,0.1702,0.2016,0.1795,0.1842,0.1653,0.1893,0.1698,0.3017,0.2999,0.4152,0.4172,0.3715,0.3665,0.3411,0.3385,0.3137,0.3128,5,0.1842,0,0.1934,0.1739,5,0.3017,0,0.3486,0.3470,1.8025
2,25,1,0,7,0.1597,0.1405,0.1528,0.1346,0.1501,0.1332,0.1501,0.1317,0.1486,0.1326,0.2220,0.2215,0.2245,0.2235,0.2788,0.2665,0.2994,0.2965,0.2420,0.2604,5,0.1486,0,0.1523,0.1345,5,0.2220,0,0.2533,0.2537,1.6639
2,26,0,0,7,0.1489,0.1354,0.1660,0.1468,0.1916,0.1723,0.1494,0.1332,0.1497,0.1334,0.2526,0.2537,0.2640,0.2649,0.2937,0.2910,0.2742,0.2648,0.2355,0.2351,5,0.1489,0,0.1611,0.1442,5,0.2355,0,0.2640,0.2619,1.6385
2,27,1,0,7,0.1433,0.1297,0.1632,0.1465,0.1451,0.1291,0.1457,0.1297,0.1467,0.1357,0.2541,0.2226,0.2184,0.2168,0.2573,0.2533,0.2535,0.2495,0.2265,0.2260,5,0.1433,0,0.1488,0.1341,5,0.2184,0,0.2420,0.2336,1.6261
2,28,0,0,7,0.1458,0.1319,0.1597,0.1374,0.1478,0.1316,0.1458,0.1317,0.1490,0.1315,0.2237,0.2232,0.3296,0.3126,0.2988,0.2958,0.2681,0.2640,0.2363,0.2362,5,0.1458,0,0.1496,0.1328,5,0.2237,0,0.2713,0.2664,1.8133
2,29,1,0,7,0.1412,0.1283,0.1633,0.1381,0.1443,0.1285,0.1443,0.1287,0.1425,0.1270,0.2347,0.2182,0.2198,0.2193,0.2904,0.2878,0.3084,0.3061,55.3134,0.3329,5,0.1412,0,0.1471,0.1301,5,0.2198,1,0.2633,0.2579,1.7899
2,3,1,0,7,0.6887,0.6463,0.6686,0.6058,0.8053,0.7404,0.7099,0.6416,0.7236,0.6419,1.3387,1.3388,1.5438,1.4865,1.3705,1.3660,1.4068,1.4102,1.3497,1.3492,5,0.6686,0,0.7192,0.6552,5,1.3387,0,1.4019,1.3901,1.9492
2,30,0,0,7,0.1442,0.1309,0.1759,0.1572,0.1467,0.1306,0.1638,0.1444,0.1473,0.1312,0.3113,0.2579,0.2606,0.2614,0.2617,0.2588,0.2572,0.2531,0.3754,0.3728,5,0.1442,0,0.1556,0.1389,5,0.2572,0,0.2932,0.2808,1.8848
2,4,0,0,7,0.4191,0.3886,0.4643,0.4359,0.5426,0.4842,0.4602,0.4258,0.4869,0.4253,0.8250,0.8259,0.9153,0.9073,0.9314,0.9278,0.9261,0.9416,0.8553,0.8550,5,0.4191,0,0.4746,0.4320,5,0.8250,0,0.8906,0.8915,1.8765
2,5,1,0,7,0.6229,0.5828,0.6349,0.5671,1.2715,1.1420,0.6013,0.5453,0.9369,0.8446,1.2220,1.2194,1.2855,1.2608,1.2806,1.2754,1.3111,1.3067,1.2857,1.2844,5,0.6013,0,0.8135,0.7364,5,1.2220,0,1.2770,1.2693,1.5697
2,6,0,0,7,0.4527,0.4177,0.4649,0.4248,0.4518,0.4045,0.4574,0.4159,0.6085,0.5502,0.8159,0.8171,0.8038,0.8515,0.8668,0.8614,0.9606,0.9503,0.9220,0.9191,5,0.4518,0,0.4871,0.4426,5,0.8038,0,0.8738,0.8799,1.7941
2,7,1,0,7,0.3423,0.3162,0.3554,0.3224,0.3018,0.2736,0.3158,0.2871,0.3752,0.3280,0.6142,0.6161,0.7236,0.7227,0.5948,0.5923,0.6621,0.6454,0.5575,0.5573,5,0.3018,0,0.3381,0.3055,5,0.5575,0,0.6304,0.6268,1.8647
2,8,0,0,7,0.3152,0.2899,0.5184,0.4485,0.2883,0.2611,0.2823,0.2549,0.4394,0.3968,0.5243,0.5240,0.5702,0.5672,0.5344,0.5305,0.6162,0.6106,0.5247,0.5236,5,0.2823,0,0.3687,0.3302,5,0.5243,0,0.5540,0.5512,1.5024
2,9,1,0,7,0.3598,0.3310,0.3679,0.3327,0.3465,0.3147,0.3473,0.3133,0.3946,0.3546,0.6984,0.6995,0.6935,0.6862,0.7733,0.7672,0.7220,0.7079,0.6348,0.6338,5,0.3465,0,0.3632,0.3293,5,0.6348,0,0.7044,0.6989,1.9393
20,0,0,0,7,0.6190,0.5661,0.5019,0.4546,0.6017,0.5456,0.4941,0.4478,0.5263,0.4821,1.0097,1.0097,1.0546,1.0602,1.1062,1.1066,2.8293,2.8274,1.0305,1.0317,5,0.4941,0,0.5486,0.4992,5,1.0097,0,1.4061,1.4071,2.5630
20,1,1,1,7,7.7576,7.2394,8.3169,7.6274,8.3441,7.6396,7.8888,7.2275,8.1325,7.4538,17.2800,17.2764,18.7853,18.7429,19.3012,19.3018,17.3890,17.3864,18.0675,18.0643,5,7.7576,0,8.0880,7.4375,5,17.2800,0,18.1646,18.1544,2.2459
20,10,0,0,7,0.2836,0.2621,0.3502,0.3156,0.3009,0.2689,0.3345,0.3037,0.5009,0.3933,0.5753,0.5757,0.6028,0.6002,0.5386,0.5375,0.5649,0.5636,0.6579,0.6502,5,0.2836,0,0.3540,0.3087,5,0.5386,0,0.5879,0.5854,1.6606
20,11,1,0,7,0.3349,0.3097,0.7207,0.6574,0.3369,0.3067,0.3835,0.3468,0.4097,0.3724,0.6363,0.6356,0.6729,0.6707,0.6753,0.6752,0.6369,0.6363,0.7104,0.7120,5,0.3349,0,0.4371,0.3986,5,0.6363,0,0.6664,0.6660,1.5244
20,12,0,0,7,0.2121,0.1945,0.3157,0.2843,0.2162,0.1944,0.2510,0.2267,0.2439,0.2166,0.3998,0.4002,0.3986,0.3984,0.3675,0.3668,0.3989,0.3996,0.3855,0.3853,5,0.2121,0,0.2478,0.2233,5,0.3675,0,0.3901,0.3901,1.5742
20,13,1,0,7,0.1993,0.1805,0.2863,0.2577,0.2072,0.1867,0.2343,0.2104,0.2681,0.2406,0.3389,0.3385,0.3286,0.3276,0.3782,0.3785,0.3403,0.3396,0.3959,0.3965,5,0.1993,0,0.2390,0.2152,5,0.3286,0,0.3564,0.3561,1.4909
20,14,0,0,7,0.3320,0.2990,0.2706,0.2387,0.2387,0.2154,0.3665,0.3271,0.2783,0.2527,0.4233,0.4222,0.4506,0.4522,0.4215,0.4206,0.4147,0.4145,0.6158,0.6174,5,0.2387,0,0.2972,0.2666,5,0.4147,0,0.4652,0.4654,1.5651
20,15,1,0,7,0.2807,0.2651,0.2770,0.2534,0.2612,0.2326,0.3294,0.2883,0.2568,0.2328,0.4674,0.4669,0.4860,0.4844,0.4881,0.4887,0.4826,0.4820,0.5292,0.5303,5,0.2568,0,0.2810,0.2544,5,0.4674,0,0.4907,0.4905,1.7460
20,16,0,0,7,0.2245,0.2062,0.2284,0.2061,0.2262,0.2043,0.2783,0.2204,0.2243,0.2021,0.3858,0.3849,0.4113,0.4120,0.3918,0.3911,0.3876,0.3872,0.4716,0.4729,5,0.2243,0,0.2363,0.2078,5,0.3858,0,0.4096,0.4096,1.7332
20,17,1,0,7,0.2612,0.2404,0.2705,0.2421,0.3187,0.2917,0.3040,0.2644,0.2612,0.2389,0.4889,0.4888,0.4842,0.4845,0.4823,0.4815,0.4942,0.4945,0.6211,0.6224,5,0.2612,0,0.2831,0.2555,5,0.4823,0,0.5141,0.5143,1.8160
20,18,0,0,7,0.4212,0.3779,0.2473,0.2195,0.3410,0.3089,0.2305,0.2033,0.2172,0.1966,0.3720,0.3715,0.3938,0.3947,0.3793,0.3787,0.3719,0.3718,0.4001,0.4005,5,0.2172,0,0.2914,0.2612,5,0.3719,0,0.3834,0.3834,1.3156
20,19,1,0,7,0.4361,0.3883,0.2268,0.2034,0.2773,0.2182,0.2263,0.2036,0.2547,0.2309,0.3875,0.3882,0.4070,0.3977,0.4565,0.4535,0.3647,0.3779,0.4361,0.4379,5,0.2263,0,0.2842,0.2489,5,0.3647,0,0.4104,0.4110,1.4437
20,2,0,1,7,5.0800,4.7403,5.2318,4.8001,5.6988,5.2088,5.1712,4.7405,5.1638,4.7330,10.8166,10.8030,19.8467,19.8337,60.5316,60.4964,61.2650,61.2439,11.4008,11.3941,5,5.0800,0,5.2691,4.8445,5,10.8166,2,14.0214,14.0103,2.6610
20,20,0,0,7,0.2925,0.2553,0.2471,0.2218,0.2444,0.2157,0.2275,0.2041,0.2200,0.1992,0.3808,0.3804,0.3877,0.3835,0.4251,0.4252,0.3830,0.3821,0.3711,0.3712,5,0.2200,0,0.2463,0.2192,5,0.3711,0,0.3895,0.3885,1.5816
20,21,1,0,7,0.2793,0.2515,0.2525,0.2316,0.1887,0.1681,0.1767,0.1581,0.2085,0.1882,0.2717,0.2710,0.2971,0.2977,0.2744,0.2739,0.2745,0.2741,0.2704,0.2694,5,0.1767,0,0.2211,0.1995,5,0.2704,0,0.2776,0.2772,1.2554
20,22,0,0,7,0.1850,0.1704,0.2294,0.2078,0.2234,0.1955,0.3551,0.3092,0.2459,0.2017,0.3374,0.3377,0.3129,0.2900,0.2951,0.2944,0.3253,0.3243,0.3240,0.3212,5,0.1850,0,0.2478,0.2169,5,0.2951,0,0.3189,0.3135,1.2873
20,23,1,0,7,0.1798,0.1714,0.2041,0.1784,0.4460,0.3952,0.2193,0.2037,0.1958,0.1537,0.2666,0.2661,0.2524,0.2522,0.2884,0.2886,0.2587,0.2586,0.2474,0.2464,5,0.1798,0,0.2490,0.2205,5,0.2474,0,0.2627,0.2624,1.0550
20,24,0,0,7,0.1670,0.1523,0.2011,0.1712,0.2150,0.1858,0.1818,0.1639,0.1799,0.1614,0.2855,0.2854,0.2903,0.2909,0.2711,0.2707,0.2678,0.2672,0.2506,0.2504,5,0.1670,0,0.1890,0.1669,5,0.2506,0,0.2731,0.2729,1.4451
20,25,1,0,7,0.1561,0.1373,0.1591,0.1421,0.1656,0.1475,0.1698,0.1456,0.1776,0.1414,0.2285,0.2279,0.2250,0.2231,0.2221,0.2217,0.2219,0.2217,0.2677,0.2661,5,0.1561,0,0.1656,0.1428,5,0.2219,0,0.2330,0.2321,1.4069
20,26,0,0,7,0.4657,0.4157,0.1587,0.1411,0.1617,0.1436,0.1520,0.1371,0.1487,0.1335,0.2517,0.2518,0.2700,0.2682,0.2411,0.2395,0.2690,0.2693,0.2317,0.2324,5,0.1487,1,0.1553,0.1388,5,0.2317,0,0.2527,0.2522,1.6274
20,27,1,0,7,0.2541,0.2320,0.1719,0.1447,0.1869,0.1567,0.1532,0.1327,0.1424,0.1275,0.2275,0.2270,0.2153,0.2153,0.2403,0.2201,0.2281,0.2280,0.2174,0.2110,5,0.1424,0,0.1817,0.1587,5,0.2153,0,0.2257,0.2203,1.2423
20,28,0,0,7,0.2069,0.1810,0.1705,0.1540,0.2101,0.1820,0.1510,0.1357,0.1421,0.1272,0.2407,0.2403,0.2448,0.2479,0.2311,0.2309,54.6492,0.2563,0.2120,0.2114,5,0.1421,0,0.1761,0.1560,5,0.2120,1,0.2321,0.2326,1.3181
20,29,1,0,7,0.1952,0.1696,0.1511,0.1326,0.1622,0.1487,0.1537,0.1340,0.1406,0.1265,0.2679,0.2668,0.2942,0.2944,52.5176,0.2517,0.2904,0.2890,0.2106,0.2100,5,0.1406,0,0.1606,0.1423,5,0.2106,1,0.2658,0.2651,1.6553
20,3,1,1,7,12.1774,11.3972,11.9922,10.9992,13.3773,12.2646,12.1455,11.1531,11.4305,10.4656,76.8365,76.7790,67.5240,67.5046,26.3604,26.3446,25.8211,25.8015,77.1824,76.9546,5,11.4305,0,12.2246,11.2559,5,25.8211,0,54.7449,54.6769,4.4783
20,30,0,0,7,0.1841,0.1659,0.1522,0.1369,0.1767,0.1591,0.1737,0.1560,0.1407,0.1258,0.2434,0.2435,0.3122,0.3107,0.2742,0.2655,0.2963,0.2895,0.2810,0.2343,5,0.1407,0,0.1655,0.1487,5,0.2434,0,0.2814,0.2687,1.7006
20,4,0,0,7,0.7679,0.7090,1.3348,1.2205,0.8091,0.7355,0.8892,0.8072,1.2627,1.1444,1.6008,1.5946,1.6987,1.6910,1.5774,1.5762,1.6765,1.6759,1.6636,1.6624,5,0.7679,0,1.0127,0.9233,5,1.5774,0,1.6434,1.6400,1.6227
20,5,1,0,7,1.0425,0.9727,1.1849,1.0775,1.0698,0.9800,1.4624,1.1293,1.7415,1.5856,2.3219,2.3150,2.3321,2.3299,2.3738,2.3709,2.3013,2.2989,2.2887,2.2845,5,1.0425,0,1.3002,1.1490,5,2.2887,0,2.3236,2.3198,1.7871
20,6,0,0,7,0.4447,0.4097,0.4886,0.4440,0.4253,0.3835,0.4517,0.4101,0.4206,0.3805,0.6921,0.6861,0.7304,0.7188,0.7752,0.7747,0.7688,0.7671,0.9225,0.9197,5,0.4206,0,0.4462,0.4056,5,0.6921,0,0.7778,0.7733,1.7432
20,7,1,0,7,0.3184,0.2935,0.3376,0.2970,0.3273,0.2971,0.3711,0.3320,0.3246,0.2947,0.5338,0.5276,0.5368,0.5314,0.5325,0.5273,0.5331,0.5337,0.5306,0.5893,5,0.3184,0,0.3358,0.3029,5,0.5306,0,0.5334,0.5419,1.5883
20,8,0,0,7,0.3153,0.2903,0.3343,0.3019,0.3286,0.2975,0.3082,0.2818,0.3684,0.3282,0.5190,0.5184,0.5485,0.5467,0.5131,0.5121,0.5657,0.5633,0.5439,0.5480,5,0.3082,0,0.3310,0.2999,5,0.5131,0,0.5380,0.5377,1.6257
20,9,1,0,7,0.3786,0.3599,0.3881,0.3515,0.3706,0.3437,0.3343,0.2977,0.3224,0.2921,0.6122,0.5865,0.6419,0.6349,0.6276,0.6269,0.6418,0.6419,0.6866,0.6872,5,0.3224,0,0.3588,0.3290,5,0.6122,0,0.6420,0.6355,1.7894
21,0,0,0,7,0.6928,0.6222,0.5237,0.4784,0.6081,0.5553,0.4710,0.4277,0.4640,0.4228,0.9141,0.9147,0.9346,0.9069,0.9463,0.9425,1.0058,0.9993,0.9382,0.9399,5,0.4640,0,0.5519,0.5013,5,0.9141,0,0.9478,0.9407,1.7173
21,1,1,0,7,1.0715,0.9975,0.6390,0.5626,0.9300,0.8399,0.6397,0.5850,0.5857,0.5346,1.1823,1.1825,1.2453,1.2461,1.1884,1.1840,1.2551,1.2480,1.4457,1.4477,5,0.5857,0,0.7732,0.7039,5,1.1823,0,1.2634,1.2617,1.6340
21,10,0,0,7,0.3516,0.3222,0.3823,0.3422,0.5204,0.5488,0.4951,0.4444,0.3642,0.3537,0.5321,0.5264,0.4988,0.5010,0.5240,0.5247,0.6592,0.6612,0.6260,0.6242,5,0.3516,0,0.4227,0.4023,5,0.4988,0,0.5680,0.5675,1.3437
21,11,1,0,7,0.4202,0.3921,0.4627,0.4178,0.7323,0.6670,0.6118,0.5506,0.3858,0.3563,0.6924,0.6870,0.6912,0.6922,0.7679,0.7680,0.7499,0.7467,0.7688,0.7661,5,0.3858,0,0.5226,0.4768,5,0.6912,0,0.7340,0.7320,1.4047
21,12,0,0,7,0.3858,0.3539,0.3100,0.2911,0.4435,0.3980,0.4715,0.4390,0.3045,0.2822,0.5719,0.5717,50.7139,50.6781,0.5750,0.5644,0.5693,0.5700,0.5262,0.5224,5,0.3045,0,0.3831,0.3528,5,0.5262,1,0.5606,0.5571,1.4635
21,13,1,0,7,0.3913,0.3524,0.4085,0.3691,0.3789,0.3403,0.4918,0.4409,0.3547,0.3330,0.6485,0.6468,1.0944,1.0301,0.6524,0.6517,0.6921,0.6923,0.7492,0.7463,5,0.3547,0,0.4050,0.3671,5,0.6485,0,0.7673,0.7534,1.8944
21,14,0,0,7,0.2899,0.2714,0.2907,0.2606,0.3013,0.2717,0.3574,0.3234,0.2862,0.2582,0.5387,0.5386,0.7843,0.7536,0.5389,0.5391,0.5065,0.5055,0.6225,0.6103,5,0.2862,0,0.3051,0.2771,5,0.5065,0,0.5982,0.5894,1.9606
21,15,1,0,7,0.3296,0.2988,0.3361,0.3052,0.3433,0.3114,0.3962,0.3441,0.3384,0.3071,0.6586,0.6601,0.9887,0.9926,0.6294,0.6283,0.6709,0.6706,0.6160,0.6154,5,0.3296,0,0.3487,0.3133,5,0.6160,0,0.7127,0.7134,2.0438
21,16,0,0,7,0.2336,0.2144,0.2425,0.2182,0.2567,0.2298,0.2687,0.2494,0.2425,0.2186,0.4199,0.4190,5.2327,4.6862,0.4586,0.4587,0.4195,0.4189,0.5096,0.5112,5,0.2336,0,0.2488,0.2261,5,0.4195,1,0.4519,0.4519,1.8163
21,17,1,0,7,0.2061,0.1884,0.2165,0.1932,0.2191,0.1986,0.2211,0.1972,0.2462,0.2222,0.3586,0.3581,0.4207,0.3875,0.3612,0.3606,0.4012,0.4013,0.3588,0.3574,5,0.2061,0,0.2218,0.1999,5,0.3586,0,0.3801,0.3730,1.7137
21,18,0,0,7,0.1696,0.1543,0.1812,0.1658,0.1799,0.1619,0.1902,0.1660,0.1766,0.1584,0.3049,0.3052,1.0410,0.3120,0.2815,0.2804,0.2684,0.2679,0.3602,0.3332,5,0.1696,0,0.1795,0.1613,5,0.2684,1,0.3038,0.2967,1.6922
21,19,1,0,7,0.2751,0.2532,0.2894,0.2437,0.3185,0.2983,0.2670,0.2410,0.2599,0.2344,0.4597,0.4589,0.5540,0.5597,0.4759,0.4755,0.4909,0.4698,0.4951,0.4751,5,0.2599,0,0.2820,0.2541,5,0.4597,0,0.4951,0.4878,1.7559
21,2,0,0,7,0.3830,0.3522,0.4308,0.3883,0.4717,0.4258,0.3895,0.3530,0.3851,0.3502,0.7484,0.7494,0.7588,0.7382,0.8303,0.8270,0.9325,0.9291,0.7767,0.7777,5,0.3830,0,0.4120,0.3739,5,0.7484,0,0.8093,0.8043,1.9643
21,20,0,0,7,0.1705,0.1562,0.1871,0.1670,0.1789,0.1608,0.1802,0.1610,0.1768,0.1591,0.2897,0.2892,0.3407,0.3375,0.2783,0.2779,0.2798,0.2793,0.2659,0.2649,5,0.1705,0,0.1787,0.1608,5,0.2659,0,0.2909,0.2898,1.6278
21,21,1,0,7,0.1941,0.1780,0.2034,0.1821,0.2034,0.1814,0.2020,0.1816,0.2011,0.1810,0.3534,0.3292,0.3406,0.3341,0.3697,0.3703,0.3316,0.3311,0.4282,0.4298,5,0.1941,0,0.2008,0.1808,5,0.3316,0,0.3647,0.3589,1.8162
21,22,0,0,7,0.1911,0.1750,0.2268,0.1961,0.2013,0.1817,0.2040,0.1811,0.1983,0.1783,0.3264,0.3258,0.5082,0.5080,0.3310,0.3303,0.3588,0.3577,0.3205,0.3198,5,0.1911,0,0.2043,0.1824,5,0.3205,0,0.3690,0.3683,1.8061
21,23,1,0,7,0.1848,0.1682,0.1935,0.1720,0.1934,0.1723,0.1957,0.1739,0.1906,0.1703,0.3270,0.3254,0.3272,0.3232,0.3182,0.3174,0.3195,0.3188,0.3016,0.3008,5,0.1848,0,0.1916,0.1713,5,0.3016,0,0.3187,0.3171,1.6634
21,24,0,0,7,0.2148,0.1974,0.2220,0.2004,0.2240,0.2021,0.2268,0.2032,0.2215,0.1992,0.3978,0.3973,0.4664,0.4647,0.4152,0.4157,0.3755,0.3754,0.4641,0.4656,5,0.2148,0,0.2218,0.2005,5,0.3755,0,0.4238,0.4237,1.9106
21,25,1,0,7,0.3110,0.2871,0.2771,0.2482,0.2777,0.2497,0.2741,0.2476,0.2712,0.2444,0.4808,0.4801,0.4986,0.4929,0.4918,0.4912,0.6218,0.6186,0.4656,0.4649,5,0.2712,0,0.2822,0.2554,5,0.4656,0,0.5117,0.5095,1.8132
21,26,0,0,7,0.1811,0.1662,0.1879,0.1687,0.1927,0.1805,0.1896,0.1698,0.1867,0.1687,0.3319,0.3321,0.3001,0.3000,0.3263,0.3250,0.3031,0.3026,0.4843,0.4857,5,0.1811,0,0.1876,0.1708,5,0.3001,0,0.3491,0.3491,1.8611
21,27,1,0,7,0.1875,0.1717,0.2046,0.1800,0.1932,0.1722,0.3188,0.2840,0.1909,0.1712,0.3166,0.3163,0.4344,0.4190,0.3160,0.3155,0.3400,0.3197,0.3062,0.3056,5,0.1875,0,0.2190,0.1958,5,0.3062,0,0.3426,0.3352,1.5646
21,28,0,0,7,0.2367,0.2176,0.2955,0.2298,0.2389,0.2159,0.2612,0.2337,0.2409,0.2170,0.4194,0.4110,0.4605,0.4534,0.4156,0.4145,0.4169,0.4156,0.5552,0.5537,5,0.2367,0,0.2546,0.2228,5,0.4156,0,0.4535,0.4496,1.7810
21,29,1,0,7,0.1877,0.1709,0.2088,0.1837,0.1923,0.1725,0.2466,0.2189,0.1939,0.1739,0.3214,0.3219,0.4170,0.4182,0.3479,0.3481,0.4355,0.4325,0.3199,0.3148,5,0.1877,0,0.2059,0.1840,5,0.3199,0,0.3683,0.3671,1.7893
21,3,1,0,7,0.5813,0.5393,0.6731,0.6135,0.7697,0.7087,0.6237,0.5600,0.6139,0.5590,1.1943,1.1951,1.1769,1.1772,1.2700,1.2662,1.2324,1.2310,1.2620,1.2638,5,0.5813,0,0.6523,0.5961,5,1.1769,0,1.2271,1.2267,1.8811
21,30,0,0,7,0.2292,0.2108,0.2946,0.2480,0.2390,0.2157,0.2483,0.2522,0.2358,0.2127,0.4064,0.4061,0.4397,0.4393,0.4155,0.4143,0.4913,0.4918,0.4060,0.4056,5,0.2292,0,0.2494,0.2279,5,0.4060,0,0.4318,0.4314,1.7314
21,31,1,0,7,0.2043,0.1871,0.2173,0.1929,0.2167,0.1928,0.3905,0.2684,0.2107,0.1890,0.3834,0.3841,0.4244,0.3828,0.3686,0.3678,0.3559,0.3550,0.4006,0.4007,5,0.2043,0,0.2479,0.2060,5,0.3559,0,0.3866,0.3781,1.5594
21,32,0,0,6,0.1723,0.1582,0.1776,0.1594,0.1794,0.1619,0.2066,0.1816,0.1760,0.1581,0.2696,0.2688,0.3156,0.2789,0.2964,0.2961,0.3570,0.3583,0.2544,0.2529,5,0.1723,0,0.1824,0.1638,5,0.2544,0,0.2986,0.2910,1.6372
21,33,1,0,5,0.1527,0.1389,0.1580,0.1411,0.1599,0.1412,0.1756,0.1541,0.1568,0.1398,0.2347,0.2340,0.2407,0.2317,0.2357,0.2351,0.2357,0.2353,0.2435,0.2430,5,0.1527,0,0.1606,0.1430,5,0.2347,0,0.2381,0.2358,1.4823
21,34,0,0,4,0.1580,0.1438,0.2094,0.1660,0.1624,0.1457,0.2133,0.1879,0.1633,0.1459,0.2565,0.2558,0.2629,0.2617,0.2584,0.2574,0.2512,0.2508,0.2984,0.2730,5,0.1580,0,0.1813,0.1579,5,0.2512,0,0.2655,0.2597,1.4645
21,35,1,0,4,0.1556,0.1412,0.1998,0.1643,0.1608,0.1439,0.1798,0.1606,0.1608,0.1440,0.3093,0.3092,0.3265,0.3276,0.2817,0.2801,0.2518,0.2510,0.2692,0.2702,5,0.1556,0,0.1714,0.1508,5,0.2518,0,0.2877,0.2876,1.6789
21,36,0,0,3,0.1381,0.1252,0.2394,0.2069,0.1430,0.1278,0.1493,0.1329,0.1467,0.1313,0.2397,0.2403,0.1930,0.1918,0.2029,0.2021,0.2665,0.2649,0.2783,0.2805,5,0.1381,0,0.1633,0.1448,5,0.1930,0,0.2361,0.2359,1.4457
21,37,1,0,2,0.1444,0.1317,0.2084,0.1815,0.1322,0.1174,0.1361,0.1208,0.1338,0.1183,0.1936,0.1973,0.1782,0.1739,0.1787,0.1781,0.1959,0.1996,0.1713,0.1705,5,0.1322,0,0.1510,0.1339,5,0.1713,0,0.1835,0.1839,1.2157
21,38,0,0,2,0.1314,0.1195,0.2139,0.1891,0.1666,0.1188,0.1404,0.1245,0.1428,0.1257,0.2046,0.2078,0.1924,0.1797,0.1921,0.1916,0.2069,0.2103,0.1979,0.2857,5,0.1314,0,0.1590,0.1355,5,0.1921,0,0.1988,0.2150,1.2500
21,39,1,0,1,0.1201,0.1197,0.1584,0.1402,0.1414,0.1253,0.1259,0.1122,0.1222,0.1122,0.1821,0.1858,0.1687,0.1722,0.1597,0.1591,0.1581,0.1616,0.2491,0.2489,5,0.1201,0,0.1336,0.1219,5,0.1581,0,0.1835,0.1855,1.3738
21,4,0,0,7,1.3127,1.2137,1.8721,1.7176,1.3270,1.2061,1.3822,1.2638,1.3614,1.2193,2.6648,2.6534,2.8533,2.8499,2.8250,2.8231,2.6524,2.6512,2.7670,2.7651,5,1.3127,0,1.4511,1.3241,5,2.6524,0,2.7525,2.7485,1.8969
21,5,1,0,7,1.7311,1.6145,1.6635,1.5196,1.7529,1.5898,1.7208,1.5829,1.7279,1.5667,4.0559,3.8265,3.7461,3.7443,3.7386,3.7353,3.6808,3.6712,62.0780,62.0610,5,1.6635,0,1.7192,1.5747,5,3.6808,1,3.8054,3.7443,2.2134
21,6,0,0,7,0.8018,0.7456,1.4517,1.3155,1.4682,1.3436,0.7824,0.7065,0.8166,0.7214,63.1207,62.1780,1.6100,1.5681,1.5934,1.5896,1.6204,1.6201,1.8416,1.8447,5,0.7824,0,1.0641,0.9665,5,1.5934,1,1.6663,1.6556,1.5659
21,7,1,1,7,12.5980,11.7854,13.4775,12.3679,13.8336,12.6866,13.9942,12.8379,13.0318,11.9546,27.2332,27.2142,77.3030,77.2255,26.4056,26.4042,30.3272,30.3237,27.7100,27.7026,5,12.5980,0,13.3870,12.3265,5,26.4056,0,37.7958,37.7740,2.8233
21,8,0,0,7,0.4027,0.3734,0.4185,0.3783,0.5821,0.4468,0.4843,0.4370,0.6164,0.5629,0.7083,0.7049,0.7295,0.7291,0.7237,0.7218,0.7087,0.7059,0.7292,0.7293,5,0.4027,0,0.5008,0.4397,5,0.7083,0,0.7199,0.7182,1.4375
21,9,1,2,7,16.3051,15.2602,16.7341,15.3497,17.0781,15.6930,16.6728,15.2800,16.3279,14.9751,93.2599,93.2533,35.8901,35.8747,85.2257,85.2491,82.4306,82.4078,86.0550,86.0405,5,16.3051,0,16.6236,15.3116,5,35.8901,0,76.5723,76.5651,4.6062
22,0,0,0,7,0.7206,0.6699,0.8698,0.7919,0.7616,0.6957,0.7819,0.7138,0.7297,0.6666,1.5962,1.5956,1.8005,1.7845,1.6281,1.6267,1.6444,1.6426,1.8878,1.8852,5,0.7206,0,0.7727,0.7076,5,1.5962,0,1.7114,1.7069,2.2148
22,1,1,0,7,1.4314,1.3209,1.6987,1.5513,1.4410,1.3143,1.2402,1.1285,1.8962,1.7387,2.6350,2.6337,3.0449,3.0430,2.6475,2.6444,3.7546,3.7527,3.1676,3.1643,5,1.2402,0,1.5415,1.4107,5,2.6350,0,3.0499,3.0476,1.9785
22,10,0,0,7,0.3183,0.2914,0.2933,0.2604,0.4099,0.3740,0.3729,0.3289,0.3227,0.2914,0.5773,0.5755,0.5729,0.5739,0.5438,0.5358,0.7643,0.7657,0.6001,0.5974,5,0.2933,0,0.3434,0.3092,5,0.5438,0,0.6117,0.6097,1.7811
22,11,1,0,7,0.3862,0.3569,0.3299,0.2978,0.6354,0.5822,0.3902,0.3525,0.3732,0.3346,0.6108,0.6099,0.7466,0.7478,0.6303,0.6298,0.8990,0.8999,0.6478,0.6263,5,0.3299,0,0.4230,0.3848,5,0.6108,0,0.7069,0.7027,1.6712
22,12,0,0,7,0.3007,0.2768,0.2809,0.2548,0.4728,0.4247,0.3177,0.2870,0.3237,0.2927,0.5279,0.5283,0.6201,0.6203,0.5343,0.5304,0.6533,0.6503,0.5577,0.5546,5,0.2809,0,0.3392,0.3072,5,0.5279,0,0.5787,0.5768,1.7062
22,13,1,0,7,0.2565,0.2322,0.2068,0.1860,0.2509,0.2736,0.2627,0.2351,0.2491,0.2288,0.3549,0.3531,0.3766,0.3572,0.3562,0.3550,0.5242,0.5217,0.3646,0.3652,5,0.2068,0,0.2452,0.2311,5,0.3549,0,0.3953,0.3904,1.6122
22,14,0,0,7,0.2632,0.2423,0.2334,0.2106,0.3058,0.2729,0.2805,0.2478,0.2353,0.2117,0.4314,0.4306,0.5192,0.5201,0.4323,0.4314,0.6717,0.6692,0.5213,0.5190,5,0.2334,0,0.2636,0.2371,5,0.4314,0,0.5152,0.5141,1.9541
22,15,1,0,7,0.2083,0.1898,0.1869,0.1654,0.1898,0.1717,0.2181,0.1965,0.1792,0.1605,0.2855,0.2847,0.3991,0.3227,0.3043,0.2831,0.3957,0.3939,0.3014,0.3023,5,0.1792,0,0.1965,0.1768,5,0.2855,0,0.3372,0.3173,1.7164
22,16,0,0,7,0.3070,0.2893,0.6047,0.5458,0.3427,0.3091,0.3457,0.3126,0.3222,0.2916,0.5506,0.5499,0.6656,0.6633,0.5492,0.5481,0.7392,0.7405,0.6217,0.6186,5,0.3070,0,0.3845,0.3497,5,0.5492,0,0.6253,0.6241,1.6263
22,17,1,0,7,0.2329,0.2143,0.2538,0.2288,0.2532,0.2264,0.2951,0.2662,0.2529,0.2281,0.4545,0.4532,0.4355,0.4320,0.4575,0.4575,0.5358,0.5328,52.3911,0.5349,5,0.2329,0,0.2576,0.2328,5,0.4355,1,0.4708,0.4689,1.8279
22,18,0,0,7,0.3394,0.3136,0.3593,0.3255,0.3775,0.3297,0.4229,0.3826,0.3514,0.3183,0.6822,0.6812,0.7963,0.7987,0.6684,0.6568,0.7039,0.7037,0.8425,0.8215,5,0.3394,0,0.3701,0.3339,5,0.6684,0,0.7387,0.7324,1.9958
22,19,1,1,7,1.7858,1.6666,1.4293,1.3076,1.4435,1.3093,1.4488,1.3228,1.3753,1.2508,3.0542,2.9565,3.2792,3.2789,2.9659,2.9773,3.4979,3.4953,3.6911,3.6697,5,1.3753,0,1.4965,1.3714,5,2.9659,0,3.2977,3.2755,2.2035
22,2,0,0,7,0.4196,0.3854,0.5735,0.5229,0.6716,0.6020,0.4330,0.3852,0.6167,0.5501,0.7824,0.7833,0.8790,0.8774,0.7487,0.7478,0.9288,0.9302,0.8961,0.8936,5,0.4196,0,0.5429,0.4891,5,0.7487,0,0.8470,0.8465,1.5602
22,20,0,0,7,0.3400,0.2920,0.4690,0.4161,0.3322,0.2990,0.3413,0.3039,0.3141,0.2836,0.5041,0.5035,0.6431,0.6447,0.5371,0.5314,0.5359,0.5360,0.5396,0.5451,5,0.3141,0,0.3593,0.3189,5,0.5041,0,0.5520,0.5521,1.5361
22,21,1,0,7,0.4452,0.4110,0.4627,0.4186,0.4658,0.4528,0.7186,0.6497,0.6199,0.4895,0.8479,0.8475,1.0966,1.0990,0.8558,0.8561,0.8711,0.8712,0.9277,0.8897,5,0.4452,0,0.5424,0.4843,5,0.8479,0,0.9198,0.9127,1.6957
22,22,0,0,7,0.3114,0.2786,0.3041,0.2694,0.3026,0.2803,0.4640,0.4205,0.6068,0.4976,0.5532,0.5517,0.5144,0.5136,0.6605,0.6511,0.5266,0.5257,0.6047,0.6129,5,0.3026,0,0.3978,0.3493,5,0.5144,0,0.5719,0.5710,1.4377
22,23,1,0,7,0.2524,0.2223,0.2318,0.2012,0.2113,0.1892,0.3363,0.3008,0.4691,0.4027,0.3557,0.3545,0.4540,0.4559,0.3613,0.3604,0.3952,0.3955,0.3811,0.3867,5,0.2113,0,0.3002,0.2632,5,0.3557,0,0.3895,0.3906,1.2974
22,24,0,0,7,0.2754,0.2353,0.2514,0.2265,0.2409,0.2153,0.3689,0.3330,0.3176,0.2664,0.4240,0.4228,0.4190,0.4162,0.4237,0.4229,0.4253,0.4245,0.5589,0.5644,5,0.2409,0,0.2908,0.2553,5,0.4190,0,0.4502,0.4502,1.5479
22,25,1,0,7,0.1700,0.1547,0.2302,0.2343,0.1679,0.1503,0.2504,0.2206,0.2131,0.1819,0.2965,0.2968,0.3419,0.3423,0.2978,0.2981,0.2913,0.2902,0.2717,0.2733,5,0.1679,0,0.2063,0.1884,5,0.2717,0,0.2998,0.3001,1.4533
22,26,0,0,7,0.2520,0.2136,0.2266,0.2033,0.2161,0.1944,0.2378,0.2138,0.2632,0.2359,0.3717,0.3709,0.4546,0.3666,0.3732,0.3724,0.3753,0.3749,0.4599,0.4599,5,0.2161,0,0.2391,0.2122,5,0.3717,0,0.4069,0.3889,1.7017
22,27,1,0,7,0.1655,0.1504,0.1548,0.1377,0.1588,0.1405,0.1555,0.1388,0.1839,0.1508,0.2331,0.2320,0.2754,0.2384,0.2341,0.2336,0.2357,0.2346,0.2614,0.2607,5,0.1548,0,0.1637,0.1436,5,0.2331,0,0.2479,0.2399,1.5146
22,28,0,0,7,0.2137,0.1938,0.2208,0.1976,0.2138,0.1923,0.2166,0.1932,0.2381,0.2167,0.3957,0.3956,0.4734,0.4710,0.3977,0.3978,0.3894,0.3885,0.3830,0.3848,5,0.2137,0,0.2206,0.1987,5,0.3830,0,0.4078,0.4075,1.8488
22,29,1,0,7,0.1809,0.1649,0.1891,0.1675,0.1858,0.1650,0.1838,0.1649,0.2156,0.1915,0.2947,0.2950,0.2935,0.2929,0.3004,0.2999,0.3001,0.2997,0.3591,0.3599,5,0.1809,0,0.1910,0.1708,5,0.2935,0,0.3096,0.3095,1.6204
22,3,1,0,7,0.4332,0.3964,0.5280,0.4789,0.4576,0.4179,0.4955,0.4499,0.7249,0.6452,0.8419,0.8404,0.9674,0.9686,0.8703,0.8697,0.8686,0.8675,0.9202,0.9104,5,0.4332,0,0.5278,0.4777,5,0.8419,0,0.8937,0.8913,1.6931
22,30,0,0,7,0.1794,0.1645,0.1914,0.1750,0.1871,0.1662,0.1829,0.1652,0.2374,0.2017,0.2953,0.2957,0.3023,0.2999,0.3001,0.2990,0.3034,0.3026,0.3054,0.3089,5,0.1794,0,0.1956,0.1745,5,0.2953,0,0.3013,0.3012,1.5401
22,31,1,0,7,0.2061,0.1763,0.1872,0.1649,0.1833,0.1646,0.2148,0.1912,0.2077,0.1860,0.3531,0.3350,0.4093,0.4099,0.3356,0.3363,0.3142,0.3121,0.3150,0.3163,5,0.1833,0,0.1998,0.1766,5,0.3142,0,0.3454,0.3419,1.7288
22,32,0,0,7,0.2045,0.1681,0.1770,0.1590,0.1882,0.1691,0.1764,0.1580,0.2090,0.1868,0.2712,0.2723,0.2755,0.2729,0.2769,0.2762,0.2964,0.2958,0.3029,0.2997,5,0.1764,0,0.1910,0.1682,5,0.2712,0,0.2846,0.2834,1.4898
22,33,1,0,7,0.2252,0.1895,0.2052,0.1850,0.2065,0.1870,0.2068,0.1855,0.2430,0.2109,0.3485,0.3480,0.3419,0.3421,0.3537,0.3529,0.3527,0.3521,0.4280,0.4240,5,0.2052,0,0.2173,0.1916,5,0.3419,0,0.3650,0.3638,1.6792
22,34,0,0,7,0.1542,0.1380,0.1510,0.1352,0.1544,0.1382,0.1775,0.1688,0.1930,0.1730,0.2680,0.2432,0.3394,0.2953,0.2391,0.2482,0.2211,0.2205,0.2423,0.2438,5,0.1510,0,0.1660,0.1506,5,0.2211,0,0.2620,0.2502,1.5780
22,35,1,0,7,0.1843,0.1689,0.1833,0.1648,0.1865,0.1673,0.2830,0.2598,0.2568,0.2301,0.3067,0.3062,0.3059,0.3033,0.3094,0.3087,0.3507,0.3510,0.3468,0.3796,5,0.1833,0,0.2188,0.1982,5,0.3059,0,0.3239,0.3298,1.4805
22,36,0,0,7,0.1793,0.1624,0.1382,0.1233,0.1461,0.1548,0.2101,0.1859,0.1854,0.1589,0.1990,0.1986,0.2688,0.2696,0.2010,0.2001,0.2135,0.2126,0.1926,0.1912,5,0.1382,0,0.1718,0.1571,5,0.1926,0,0.2150,0.2144,1.2512
22,37,1,0,5,0.1161,0.1046,0.1168,0.1036,0.1228,0.1070,0.1422,0.1250,0.1511,0.1345,0.1556,0.1547,0.2343,0.2359,0.1581,0.1574,0.1770,0.1763,0.1480,0.1464,5,0.1161,0,0.1298,0.1149,5,0.1480,0,0.1746,0.1741,1.3451
22,38,0,0,6,0.1194,0.1076,0.1216,0.1060,0.1225,0.1088,0.1370,0.1199,0.1526,0.1352,0.1647,0.1644,0.1576,0.1518,0.1657,0.1648,0.1878,0.1907,0.1687,0.1680,5,0.1194,0,0.1306,0.1155,5,0.1576,0,0.1689,0.1679,1.2931
22,39,1,0,5,0.1265,0.1139,0.2443,0.2145,0.1174,0.1045,0.1286,0.1129,0.1466,0.1295,0.1896,0.1938,0.1460,0.1452,0.1952,0.1990,0.2005,0.2041,0.1609,0.1610,5,0.1174,0,0.1527,0.1351,5,0.1460,0,0.1784,0.1806,1.1687
22,4,0,0,7,0.2146,0.1951,0.2664,0.2335,0.2615,0.2339,0.2590,0.2248,0.2517,0.2320,0.3739,0.3738,0.3831,0.3845,0.3948,0.3953,0.3585,0.3582,0.3682,0.3635,5,0.2146,0,0.2506,0.2239,5,0.3585,0,0.3757,0.3751,1.4990
22,40,0,0,6,0.1175,0.1058,0.1473,0.1416,0.1206,0.1087,0.1255,0.1106,0.1514,0.1340,0.1770,0.1768,0.1582,0.1574,0.1835,0.1889,0.1854,0.1888,0.1514,0.1504,5,0.1175,0,0.1325,0.1201,5,0.1514,0,0.1711,0.1725,1.2917
22,41,1,0,5,0.1139,0.1022,0.1167,0.1045,0.1180,0.1043,0.1199,0.1055,0.1453,0.1284,0.1688,0.1724,0.1421,0.1450,0.1745,0.1777,0.1722,0.1754,0.2191,0.2189,5,0.1139,0,0.1228,0.1090,5,0.1421,0,0.1753,0.1779,1.4283
22,42,0,0,6,0.1245,0.1063,0.1200,0.1073,0.1213,0.1076,0.1246,0.1102,0.1522,0.1337,0.1795,0.1831,0.1975,0.1967,0.1814,0.1804,0.1836,0.1863,0.1478,0.1497,5,0.1200,0,0.1285,0.1130,5,0.1478,0,0.1780,0.1792,1.3847
22,5,1,0,7,0.2519,0.2289,0.3383,0.3033,0.3018,0.2711,0.2956,0.2614,0.2854,0.2586,0.4340,0.4333,0.5381,0.5389,0.4410,0.4406,0.4379,0.4372,0.4615,0.4616,5,0.2519,0,0.2946,0.2647,5,0.4340,0,0.4625,0.4623,1.5699
22,6,0,0,7,0.1796,0.1645,0.4055,0.3605,0.1888,0.1694,0.1981,0.1843,0.2063,0.1808,0.3304,0.3313,0.3194,0.3195,0.3139,0.3132,0.3329,0.3335,0.3409,0.3341,5,0.1796,0,0.2357,0.2119,5,0.3139,0,0.3275,0.3263,1.3897
22,7,1,0,7,0.6520,0.6060,1.2621,1.1495,0.6788,0.6153,0.6750,0.6166,0.7122,0.6497,1.4117,1.4117,1.6409,1.6419,1.5131,1.5047,1.4133,1.4137,1.5022,1.4984,5,0.6520,0,0.7960,0.7274,5,1.4117,0,1.4962,1.4941,1.8797
22,8,0,0,7,0.3032,0.2807,0.3477,0.3174,0.2852,0.2539,0.2794,0.2732,0.2834,0.2555,0.5246,0.5259,0.5318,0.5298,54.5830,0.5552,52.0740,52.0330,0.5472,0.5413,5,0.2794,0,0.2998,0.2761,5,0.5246,2,0.5345,0.5323,1.7831
22,9,1,1,7,1.0352,0.9643,1.1404,1.0426,1.2327,1.1246,1.1110,1.0112,1.0984,0.9949,57.3958,57.3643,2.7025,2.6998,2.3666,2.3619,3.7788,3.7783,2.3638,2.3598,5,1.0352,0,1.1235,1.0275,5,2.3638,1,2.8029,2.7999,2.4947
23,0,0,0,7,0.2523,0.2323,0.2591,0.2357,0.2667,0.2412,0.2807,0.2637,0.2900,0.2678,0.5355,0.5363,0.5010,0.4847,0.5244,0.5251,0.5239,0.5246,0.4781,0.4764,5,0.2523,0,0.2698,0.2481,5,0.4781,0,0.5126,0.5094,1.9001
23,1,1,0,7,0.4818,0.4469,0.5905,0.5057,0.5035,0.4566,0.5135,0.4596,0.5202,0.4727,0.9399,0.9410,1.1174,1.0824,1.2082,1.2129,0.9599,0.9608,1.0095,1.0107,5,0.4818,0,0.5219,0.4683,5,0.9399,0,1.0470,1.0416,2.0061
23,10,0,0,7,0.2468,0.2287,0.4132,0.3724,0.2723,0.2536,0.3254,0.2944,0.3504,0.3249,0.4486,0.4475,0.5340,0.5316,0.5626,0.5611,0.6672,0.6838,0.5284,0.5269,5,0.2468,0,0.3216,0.2948,5,0.4486,0,0.5482,0.5502,1.7044
23,11,1,0,7,0.2490,0.2290,0.2710,0.2445,0.2641,0.2344,0.2996,0.2719,0.2832,0.2519,0.4863,0.4867,0.4951,0.4964,0.4911,0.4917,0.7145,0.7125,0.5112,0.4983,5,0.2490,0,0.2734,0.2463,5,0.4863,0,0.5396,0.5371,1.9740
23,12,0,0,7,0.2110,0.1912,0.3562,0.3160,0.2273,0.2064,0.2191,0.1970,0.2258,0.2040,0.3701,0.3694,0.4009,0.4001,0.3709,0.3701,0.4977,0.4957,0.4363,0.4324,5,0.2110,0,0.2479,0.2229,5,0.3701,0,0.4152,0.4135,1.6749
23,13,1,0,7,0.3036,0.2796,0.4995,0.4538,0.3511,0.3096,0.3131,0.2816,0.3330,0.3000,0.6101,0.6101,0.6524,0.6435,0.6152,0.6162,0.6284,0.6288,0.7171,0.7100,5,0.3036,0,0.3601,0.3249,5,0.6101,0,0.6446,0.6417,1.7904
23,14,0,0,7,0.2320,0.2148,0.3427,0.3055,0.4174,0.3754,0.2378,0.2151,0.2859,0.2498,0.4295,0.4286,0.5131,0.5138,0.4216,0.4209,0.4448,0.4441,0.5038,0.4661,5,0.2320,0,0.3032,0.2721,5,0.4216,0,0.4626,0.4547,1.5258
23,15,1,0,7,0.3507,0.3241,0.3265,0.2942,0.5450,0.4951,0.3393,0.3019,0.4464,0.4144,0.6400,0.6365,0.6675,0.6073,0.6464,0.6467,0.7724,0.7461,0.7079,0.7079,5,0.3265,0,0.4016,0.3659,5,0.6400,0,0.6868,0.6689,1.7103
23,16,0,0,7,0.2522,0.2298,0.2558,0.2276,0.3025,0.2719,0.4169,0.3761,0.4409,0.3991,0.4363,0.4354,0.5720,0.5740,0.4373,0.4364,0.4904,0.4901,0.4207,0.4234,5,0.2522,0,0.3337,0.3009,5,0.4207,0,0.4713,0.4719,1.4126
23,17,1,0,7,0.6744,0.6192,0.7423,0.6717,0.8992,0.8174,1.0129,0.9166,0.7764,0.7034,1.4159,1.4146,1.4970,1.4974,1.4211,1.4198,1.4140,1.4130,1.5558,1.5571,5,0.6744,0,0.8210,0.7457,5,1.4140,0,1.4608,1.4604,1.7792
23,18,0,0,7,0.4305,0.3984,0.4448,0.4018,0.4577,0.4132,0.6913,0.6245,0.6828,0.6245,0.7681,0.7853,0.9530,0.9214,0.7533,0.7524,0.8046,0.8041,0.7997,0.7962,5,0.4305,0,0.5414,0.4925,5,0.7533,0,0.8157,0.8119,1.5067
23,19,1,0,7,0.3625,0.3323,0.3713,0.3360,0.3636,0.3306,0.4888,0.4333,0.3938,0.3547,0.6105,0.6090,0.7426,0.7440,0.7253,0.7255,0.6588,0.6685,0.6379,0.6390,5,0.3625,0,0.3960,0.3574,5,0.6105,0,0.6750,0.6772,1.7046
23,2,0,1,7,1.2213,1.1343,1.2362,1.1283,1.2381,1.1305,1.2703,1.1547,1.2350,1.1252,2.7394,2.7388,53.3177,53.3234,2.9901,2.9912,2.5898,2.5874,2.8522,2.8520,5,1.2213,0,1.2402,1.1346,5,2.5898,1,2.7929,2.7923,2.2520
23,20,0,1,7,1.4649,1.3646,1.5367,1.4139,1.6337,1.4835,1.5672,1.4307,1.5310,1.3950,3.2845,3.2819,3.7765,3.7981,3.2901,3.2862,12.6632,12.6588,3.7934,3.7896,5,1.4649,0,1.5467,1.4175,5,3.2845,1,3.5361,3.5389,2.2862
23,21,1,0,7,0.5306,0.4839,0.8227,0.7476,0.9785,0.8868,0.5814,0.5275,0.5829,0.5296,1.0581,1.0769,1.1506,1.1529,1.0665,1.0643,1.0733,1.0731,1.1329,1.1299,5,0.5306,0,0.6992,0.6351,5,1.0581,0,1.0963,1.0994,1.5679
23,22,0,0,7,0.3135,0.2865,0.4411,0.4016,0.4477,0.4021,0.3041,0.2697,0.2929,0.2643,0.4479,0.4467,0.4569,0.4563,0.4528,0.4524,0.4944,0.4801,0.5029,0.5040,5,0.2929,0,0.3599,0.3248,5,0.4479,0,0.4710,0.4679,1.3088
23,23,1,0,7,0.3206,0.2850,0.4467,0.4007,0.4610,0.4167,0.2970,0.2673,0.2942,0.2721,0.5269,0.5255,0.6232,0.6244,0.5126,0.5111,0.5034,0.5002,0.5391,0.5357,5,0.2942,0,0.3639,0.3284,5,0.5034,0,0.5410,0.5394,1.4868
23,24,0,0,7,0.2426,0.2201,0.2113,0.1903,0.3064,0.2765,0.2305,0.2065,0.2150,0.1916,0.3654,0.3646,0.3670,0.3655,0.3652,0.3647,45.5709,0.5677,0.4296,0.4312,5,0.2113,0,0.2412,0.2170,5,0.3652,1,0.3818,0.3815,1.5832
23,25,1,0,7,0.2445,0.2247,0.2133,0.1920,0.2212,0.1968,0.2188,0.1975,0.2184,0.1969,0.3649,0.3640,0.4874,0.4891,0.3669,0.3659,0.4024,0.3976,0.4041,0.4021,5,0.2133,0,0.2232,0.2016,5,0.3649,0,0.4051,0.4037,1.8148
23,26,0,0,7,0.7942,0.7156,0.1947,0.1752,0.2004,0.1759,0.1974,0.1771,0.1982,0.1795,0.3694,0.3691,0.3213,0.3206,0.3671,0.3675,0.4684,0.4582,0.3235,0.3231,5,0.1947,1,0.1977,0.1769,5,0.3213,0,0.3699,0.3677,1.8715
23,27,1,0,7,0.4218,0.3789,0.2109,0.1916,0.2128,0.1916,0.2146,0.1929,0.2151,0.1943,0.3681,0.3671,0.4622,0.4633,0.3695,0.3687,1.0263,0.7823,61.5417,61.5442,5,0.2109,0,0.2550,0.2299,5,0.3681,1,0.5565,0.4954,2.1821
23,28,0,0,7,0.2797,0.2362,0.1982,0.1771,0.1906,0.1712,0.2120,0.1908,0.1939,0.1743,0.3189,0.3180,0.4167,0.3645,0.3207,0.3204,0.3445,0.3371,0.3286,0.3305,5,0.1906,0,0.2149,0.1899,5,0.3189,0,0.3459,0.3341,1.6096
23,29,1,0,7,0.3018,0.2759,0.2298,0.2076,0.2305,0.2079,0.2889,0.2627,0.4412,0.4030,0.4509,0.4508,0.4443,0.4441,0.4499,0.4498,0.6357,0.6338,0.4896,0.4908,5,0.2298,0,0.2984,0.2714,5,0.4443,0,0.4941,0.4939,1.6555
23,3,1,0,7,0.3135,0.2866,0.2910,0.2606,0.4541,0.4090,0.3008,0.2707,0.3197,0.2897,0.5457,0.5465,0.9412,0.8260,0.5081,0.5077,0.5591,0.5588,0.5422,0.5423,5,0.2910,0,0.3358,0.3033,5,0.5081,0,0.6193,0.5963,1.8440
23,30,0,0,7,0.2829,0.2434,0.2099,0.1890,0.2092,0.1883,0.2137,0.1901,0.2228,0.1983,0.3603,0.3599,0.5177,0.4953,0.3608,0.3600,0.3897,0.3830,0.3802,0.3696,5,0.2092,0,0.2277,0.2018,5,0.3603,0,0.4017,0.3936,1.7643
23,31,1,0,7,0.3006,0.2578,0.2260,0.2039,0.2257,0.2035,0.2286,0.2060,0.2302,0.2078,1.6954,1.6928,0.4332,0.4372,56.5754,56.5770,1.0351,0.6018,0.5074,0.5083,5,0.2257,0,0.2422,0.2158,5,0.4332,2,0.6586,0.5158,2.7189
23,32,0,0,7,0.3742,0.3171,0.1905,0.1713,0.1850,0.1664,0.1874,0.1681,0.2010,0.1806,0.3114,0.3112,0.3961,0.3977,0.3900,0.3888,1.3153,0.5190,0.3013,0.3013,5,0.1850,0,0.2276,0.2007,5,0.3013,1,0.3497,0.3498,1.5363
23,33,1,0,7,0.3817,0.3333,0.4035,0.3605,0.2325,0.2098,0.2877,0.2604,0.2360,0.2126,0.4526,0.4532,0.4050,0.4039,0.6090,0.5836,0.8121,0.7491,0.4062,0.4054,5,0.2325,0,0.3083,0.2753,5,0.4050,0,0.5370,0.5190,1.7419
23,34,0,0,7,0.2273,0.2095,0.2439,0.2178,0.2002,0.1801,0.1919,0.1703,0.1952,0.1753,0.3171,0.3161,0.3992,0.3796,0.3889,0.3857,0.4006,0.3956,0.4198,0.4210,5,0.1919,0,0.2117,0.1906,5,0.3171,0,0.3851,0.3796,1.8192
23,35,1,0,7,0.2560,0.2391,0.3451,0.3122,0.2365,0.2137,0.2577,0.2330,0.2380,0.2283,0.4145,0.0741,0.4560,0.4547,0.4723,0.4732,0.4845,0.4710,0.4059,0.4058,5,0.2365,0,0.2667,0.2453,5,0.4059,0,0.4466,0.3758,1.6749
23,36,0,0,7,0.2174,0.1995,0.3796,0.3494,0.2778,0.2515,0.2190,0.1953,0.2204,0.1965,56.8200,57.0804,0.4041,0.4059,0.3935,0.3928,0.4572,0.4526,0.5794,0.5805,5,0.2174,0,0.2628,0.2384,5,0.3935,1,0.4586,0.4579,1.7446
23,37,1,0,7,0.2207,0.2026,0.3551,0.3195,0.2299,0.1872,0.2268,0.2044,0.2261,0.2071,1.6051,0.4738,0.4609,0.4613,0.4107,0.4099,0.5114,0.4938,0.3766,0.3755,5,0.2207,0,0.2517,0.2242,5,0.3766,1,0.4399,0.4351,1.7476
23,38,0,0,5,0.1784,0.1609,0.1770,0.1593,0.1749,0.1570,0.2757,0.2358,0.1756,0.1574,0.2935,0.2947,0.2979,0.2973,0.3155,0.3151,0.4925,0.4848,0.2856,0.2852,5,0.1749,0,0.1963,0.1741,5,0.2856,0,0.3370,0.3354,1.7166
23,39,1,0,5,0.2109,0.1807,0.1859,0.1673,0.1640,0.1469,0.2444,0.2220,0.1653,0.1477,0.2580,0.2587,0.2809,0.2818,0.2651,0.2643,0.3793,0.3556,0.3438,0.3796,5,0.1640,0,0.1941,0.1729,5,0.2580,0,0.3054,0.3080,1.5735
23,4,0,0,7,0.4287,0.3965,0.4065,0.3709,0.4358,0.4007,0.4548,0.4134,0.6286,0.4113,0.7999,0.8003,0.8794,0.8340,0.7891,0.7885,0.8653,0.8666,0.8646,0.8126,5,0.4065,0,0.4709,0.3986,5,0.7891,0,0.8397,0.8204,1.7832
23,40,0,0,4,0.1919,0.1589,0.1644,0.1428,0.1504,0.1344,0.1717,0.1487,0.1524,0.1358,0.2605,0.2586,0.2972,0.3154,0.2350,0.2348,0.2798,0.2788,0.3337,0.3342,5,0.1504,0,0.1662,0.1441,5,0.2350,0,0.2812,0.2844,1.6926
23,41,1,0,4,0.2257,0.2028,0.1816,0.1572,0.1680,0.1507,0.1806,0.1597,0.1682,0.1504,0.2622,0.2621,0.2482,0.2474,0.2965,0.3008,0.2727,0.2723,0.2475,0.2463,5,0.1680,0,0.1848,0.1642,5,0.2475,0,0.2654,0.2658,1.4361
23,42,0,0,3,0.1965,0.1777,0.1642,0.1489,0.1653,0.1481,0.1713,0.1528,0.2709,0.2382,0.3716,0.3684,0.2942,0.2918,0.2701,0.2696,0.2802,0.2791,0.3823,0.3795,5,0.1642,0,0.1936,0.1731,5,0.2701,0,0.3197,0.3177,1.6509
23,43,1,0,2,0.1954,0.1743,0.1239,0.1102,0.1228,0.1091,0.1674,0.1396,0.1331,0.1155,0.1693,0.1689,0.1479,0.1480,0.1757,0.1754,0.1729,0.1724,0.1912,0.1910,5,0.1228,0,0.1485,0.1297,5,0.1479,0,0.1714,0.1711,1.1541
23,44,0,0,2,0.1993,0.1738,0.1463,0.1304,0.1464,0.1288,0.1827,0.1693,0.1481,0.1327,0.2150,0.2155,0.3139,0.2491,0.2498,0.2495,0.2527,0.2663,0.1989,0.1979,5,0.1463,0,0.1646,0.1470,5,0.1989,0,0.2461,0.2357,1.4953
23,5,1,0,7,0.9899,0.9220,0.7269,0.6644,0.7689,0.7054,0.7941,0.7189,1.2736,1.1712,1.6087,1.6054,1.7531,1.7488,1.7117,1.7092,1.6540,1.6522,1.5796,1.5774,5,0.7269,0,0.9107,0.8364,5,1.5796,0,1.6614,1.6586,1.8244
23,6,0,0,7,0.6114,0.5707,0.5946,0.5416,0.6270,0.5670,0.6345,0.5757,0.7042,0.6381,1.2293,1.2291,1.3537,1.3806,1.2654,1.2635,1.4939,1.4930,1.9762,1.3298,5,0.5946,0,0.6343,0.5786,5,1.2293,0,1.4637,1.3392,2.3074
23,7,1,0,7,0.3848,0.3544,0.4489,0.4059,0.3963,0.3620,0.4486,0.4025,0.4549,0.3969,0.7198,0.7187,0.7871,0.7877,0.8247,0.8231,0.9980,0.9984,0.8644,0.8208,5,0.3848,0,0.4267,0.3843,5,0.7198,0,0.8388,0.8297,1.9658
23,8,0,0,7,0.4625,0.4223,1.0894,0.9967,0.4468,0.4088,0.5070,0.4606,0.5460,0.4908,0.9251,0.9235,1.0556,1.0249,0.9142,0.9063,1.0150,1.0155,1.1632,1.0243,5,0.4468,0,0.6103,0.5558,5,0.9142,0,1.0146,0.9789,1.6624
23,9,1,0,7,0.3402,0.3155,0.5263,0.4679,0.3424,0.3023,0.3561,0.3197,0.3627,0.3285,0.6082,0.6080,0.7042,0.7195,0.6011,0.6018,0.5891,0.5885,0.5997,0.6127,5,0.3402,0,0.3855,0.3468,5,0.5891,0,0.6205,0.6261,1.6093
24,0,0,0,7,0.4754,0.4480,0.3990,0.3626,0.4069,0.3700,0.4223,0.3829,0.4198,0.3819,0.8289,0.8300,0.8729,0.8705,0.8922,0.8919,0.9113,0.8873,0.9241,0.9249,5,0.3990,0,0.4247,0.3891,5,0.8289,0,0.8859,0.8809,2.0860
24,1,1,0,7,0.3877,0.3626,0.2372,0.2120,0.2344,0.2114,0.3000,0.2716,0.2752,0.2487,0.4020,0.4025,0.4050,0.3999,0.4429,0.4433,0.4607,0.4718,0.4592,0.4604,5,0.2344,0,0.2869,0.2613,5,0.4020,0,0.4340,0.4356,1.5126
24,10,0,0,7,0.3900,0.3562,0.2432,0.2177,0.2444,0.2181,0.2432,0.2176,0.2612,0.2372,0.4049,0.4057,0.5465,0.4898,0.4203,0.4195,0.4679,0.4687,0.4453,0.4460,5,0.2432,0,0.2764,0.2494,5,0.4049,0,0.4570,0.4459,1.6533
24,11,1,1,7,1.4769,1.3775,1.5133,1.3741,2.0754,1.8951,1.5185,1.3836,1.8805,1.7244,3.1764,3.1908,3.4106,3.3887,3.1808,3.1778,7.3802,7.3760,3.1488,3.1488,5,1.4769,0,1.6929,1.5509,5,3.1488,0,4.0594,4.0564,2.3978
24,12,0,0,7,0.2370,0.2266,0.3015,0.2792,0.2864,0.2468,0.2674,0.2390,0.2551,0.2283,0.4042,0.4032,0.4801,0.4774,0.4480,0.4475,0.4509,0.4513,0.4978,0.4838,5,0.2370,0,0.2695,0.2440,5,0.4042,0,0.4562,0.4526,1.6929
24,13,1,0,7,0.4015,0.3681,0.4474,0.4066,0.4173,0.3799,0.4602,0.4180,0.3955,0.3587,0.7578,0.7582,0.7536,0.7545,0.7572,0.7559,0.7814,0.7802,0.8422,0.8036,5,0.3955,0,0.4244,0.3863,5,0.7536,0,0.7784,0.7705,1.8343
24,14,0,1,7,1.1619,1.0847,1.2028,1.1005,1.2679,1.1589,1.1728,1.0784,1.2458,1.1294,2.5574,2.5565,2.7900,2.7873,2.8158,2.8080,2.6275,2.6254,2.5815,2.5623,5,1.1619,0,1.2102,1.1104,5,2.5574,0,2.6744,2.6679,2.2098
24,15,1,0,7,0.3073,0.2808,0.3747,0.3379,0.4522,0.4317,0.2731,0.2452,0.3150,0.2828,0.5275,0.5278,0.5660,0.5667,0.5309,0.5312,0.4983,0.4962,0.4853,0.4826,5,0.2731,0,0.3445,0.3157,5,0.4853,0,0.5216,0.5209,1.5143
24,16,0,0,7,0.2282,0.2091,0.3525,0.3140,0.5481,0.4477,0.1947,0.1730,0.2191,0.1968,0.2885,0.2880,0.2984,0.2988,0.2899,0.2888,0.3347,0.3348,0.2929,0.2755,5,0.1947,0,0.3085,0.2681,5,0.2885,0,0.3009,0.2972,0.9752
24,17,1,0,7,0.2973,0.2734,0.4785,0.4320,0.3750,0.3372,0.5162,0.4347,0.3014,0.2725,0.5191,0.5195,51.9532,51.9433,0.5250,0.5256,0.4976,0.4960,0.5252,0.5319,5,0.2973,0,0.3937,0.3500,5,0.4976,1,0.5167,0.5182,1.3126
24,18,0,0,7,0.2803,0.2577,0.3476,0.3099,0.2590,0.2319,0.3814,0.3333,0.2067,0.1868,0.3307,0.3301,0.4270,0.4293,0.4021,0.3992,0.3693,0.3705,0.3170,0.3170,5,0.2067,0,0.2950,0.2639,5,0.3170,0,0.3692,0.3692,1.2516
24,19,1,0,7,0.2161,0.1987,0.2763,0.2411,0.2912,0.2590,0.3528,0.3134,0.2011,0.1818,0.3406,0.3395,0.3909,0.3883,0.4749,0.4757,0.3500,0.3490,0.4384,0.3666,5,0.2011,0,0.2675,0.2388,5,0.3406,0,0.3990,0.3838,1.4914
24,2,0,0,7,0.9169,0.8500,0.4063,0.3706,0.4842,0.4408,0.4532,0.4088,0.4840,0.4405,0.8061,0.8050,0.8871,0.8917,0.8129,0.8117,0.8386,0.8371,0.8507,0.8506,5,0.4063,0,0.5489,0.5021,5,0.8061,0,0.8391,0.8392,1.5286
24,20,0,0,7,0.1889,0.1730,0.2305,0.2068,0.2421,0.1988,0.2313,0.2007,0.1954,0.1737,0.3584,0.3589,0.3239,0.3229,0.3277,0.3271,0.3240,0.3235,0.3197,0.3173,5,0.1889,0,0.2176,0.1906,5,0.3197,0,0.3307,0.3299,1.5197
24,21,1,0,7,0.1907,0.1748,0.2968,0.2687,0.2148,0.1915,0.2035,0.1819,0.1937,0.1742,0.3309,0.3311,0.3888,0.3706,0.3268,0.3261,0.3684,0.3688,0.3423,0.3355,5,0.1907,0,0.2199,0.1982,5,0.3268,0,0.3514,0.3464,1.5982
24,22,0,0,7,0.1887,0.1728,0.2524,0.2216,0.2146,0.1908,0.1993,0.1785,0.1998,0.1777,0.3223,0.3216,0.3628,0.3637,0.3657,0.3660,0.3326,0.3315,0.3328,0.3339,5,0.1887,0,0.2110,0.1883,5,0.3223,0,0.3432,0.3433,1.6270
24,23,1,0,7,0.2050,0.1880,0.2241,0.2077,0.2542,0.2238,0.2233,0.1957,0.2092,0.1885,0.4058,0.4061,0.4699,0.4698,0.4368,0.4337,0.3702,0.3699,0.3564,0.3551,5,0.2050,0,0.2232,0.2007,5,0.3564,0,0.4078,0.4069,1.8275
24,24,0,0,7,0.1649,0.1501,0.1696,0.1514,0.1852,0.1671,0.1875,0.1626,0.1661,0.1488,0.2566,0.2564,0.2507,0.2503,0.2659,0.2652,0.3037,0.3044,0.3044,0.2694,5,0.1649,0,0.1747,0.1560,5,0.2507,0,0.2763,0.2691,1.5817
24,25,1,0,7,0.2404,0.2258,0.2095,0.1888,0.2521,0.2271,0.2171,0.1944,0.2047,0.1852,0.3540,0.3529,0.3828,0.3836,0.3985,0.3986,0.3625,0.3614,0.3581,0.3596,5,0.2047,0,0.2248,0.2043,5,0.3540,0,0.3712,0.3712,1.6515
24,26,0,0,7,0.2230,0.2036,0.1532,0.1371,0.1837,0.1572,0.1557,0.1396,0.1541,0.1359,0.2716,0.2717,0.2799,0.2705,0.2333,0.2329,0.2345,0.2337,0.2572,0.2258,5,0.1532,0,0.1739,0.1547,5,0.2333,0,0.2553,0.2469,1.4677
24,27,1,0,7,0.3256,0.2995,0.2194,0.1994,0.2539,0.2211,0.2240,0.2016,0.2177,0.1961,0.3783,0.3775,0.3946,0.3900,0.3751,0.3741,0.4226,0.4228,0.3754,0.3758,5,0.2177,0,0.2481,0.2235,5,0.3751,0,0.3892,0.3880,1.5686
24,28,0,0,7,0.2773,0.2538,0.1941,0.1727,0.2262,0.1988,0.1955,0.1755,0.1922,0.1729,0.3092,0.3085,0.3265,0.3260,0.3504,0.3502,0.3276,0.3265,0.3102,0.2919,5,0.1922,0,0.2171,0.1947,5,0.3092,0,0.3248,0.3206,1.4963
24,29,1,0,7,0.3687,0.2902,0.1974,0.1777,0.2419,0.2182,0.2001,0.1794,0.2059,0.1852,0.3638,0.3643,0.3263,0.3258,0.3319,0.3309,0.3318,0.3311,0.3463,0.3355,5,0.1974,0,0.2428,0.2101,5,0.3263,0,0.3400,0.3375,1.4004
24,3,1,0,7,0.2269,0.2013,0.1953,0.1754,0.3164,0.2797,0.2021,0.1784,0.1993,0.1761,0.3071,0.3076,0.3616,0.3469,0.3113,0.3108,0.3344,0.3251,0.3974,0.3978,5,0.1953,0,0.2280,0.2022,5,0.3071,0,0.3424,0.3376,1.5016
24,30,0,0,7,0.4411,0.3867,0.1728,0.1547,0.2122,0.1958,0.1765,0.1563,0.1739,0.1563,0.2785,0.2781,0.2668,0.2670,0.2728,0.2722,0.3201,0.3201,0.2700,0.2695,5,0.1728,0,0.2353,0.2100,5,0.2668,0,0.2816,0.2814,1.1969
24,31,1,0,7,0.2666,0.2370,0.1776,0.1586,0.2911,0.2624,0.1777,0.1593,0.1940,0.1756,0.2856,0.2850,0.3154,0.3167,0.3318,0.3319,0.2983,0.2966,0.2969,0.2976,5,0.1776,0,0.2214,0.1986,5,0.2856,0,0.3056,0.3056,1.3803
24,32,0,0,7,0.2040,0.1838,0.1749,0.1566,0.1935,0.1714,0.1778,0.1641,0.3434,0.3031,0.3104,0.3112,0.2814,0.2783,0.2859,0.2854,0.2772,0.2768,0.2743,0.2698,5,0.1749,0,0.2187,0.1958,5,0.2743,0,0.2858,0.2843,1.3069
24,33,1,0,7,0.1762,0.1605,0.1659,0.1502,0.1784,0.1619,0.1701,0.1523,0.2603,0.2190,0.2650,0.2645,0.2615,0.2616,0.2650,0.2644,0.3143,0.3147,0.2689,0.2689,5,0.1659,0,0.1902,0.1688,5,0.2615,0,0.2749,0.2748,1.4457
24,34,0,0,7,0.1712,0.1500,0.1543,0.1377,0.1792,0.1572,0.1553,0.1387,0.2455,0.1883,0.2470,0.2464,0.2574,0.2611,0.2583,0.2742,0.2524,0.2518,0.2437,0.2412,5,0.1543,0,0.1811,0.1544,5,0.2437,0,0.2518,0.2549,1.3902
24,35,1,0,7,0.1948,0.1790,0.1827,0.1624,0.3101,0.2877,0.1838,0.1651,0.2464,0.2226,0.3436,0.3424,0.2897,0.2869,0.2959,0.2949,0.3161,0.3152,0.2681,0.2712,5,0.1827,0,0.2236,0.2034,5,0.2681,0,0.3027,0.3021,1.3539
24,36,0,0,7,0.1981,0.1821,0.1823,0.1637,0.3301,0.2917,0.5471,0.2930,0.2070,0.1863,0.3022,0.3016,0.3281,0.3281,0.3000,0.2992,0.5993,0.5998,0.3191,0.3183,5,0.1823,1,0.2294,0.2060,5,0.3000,0,0.3697,0.3694,1.6119
24,37,1,0,7,0.1662,0.1418,0.1417,0.1263,0.1758,0.1606,0.1720,0.1508,0.1450,0.1290,0.2076,0.2069,0.2053,0.2049,0.2093,0.2089,0.2180,0.2169,0.2042,0.2036,5,0.1417,0,0.1601,0.1417,5,0.2042,0,0.2089,0.2082,1.3044
24,38,0,0,7,0.1827,0.1675,0.1748,0.1560,0.2063,0.1812,0.1811,0.1622,0.1748,0.1558,0.2742,0.2735,0.3415,0.3434,0.3145,0.3142,0.2813,0.2803,0.2903,0.2907,5,0.1748,0,0.1839,0.1645,5,0.2742,0,0.3004,0.3004,1.6329
24,39,1,0,7,0.1722,0.1742,0.2254,0.1400,0.2290,0.2091,0.1573,0.1399,0.1583,0.1395,0.2744,0.2749,0.2373,0.2376,0.2455,0.2452,0.2726,0.2733,0.2233,0.2230,5,0.1573,0,0.1884,0.1605,5,0.2233,0,0.2506,0.2508,1.3300
24,4,0,0,7,0.9328,0.8669,0.8282,0.7560,0.9814,0.9073,0.8233,0.7495,0.8008,0.7314,1.7116,1.7115,1.8433,1.8358,1.7070,1.6895,1.7305,1.7273,1.9086,1.8849,5,0.8008,0,0.8733,0.8022,5,1.7070,0,1.7802,1.7698,2.0385
24,40,0,0,7,0.1947,0.1785,0.2551,0.2306,0.2108,0.1852,0.1857,0.1662,0.1848,0.1658,0.2963,0.2960,0.2794,0.2796,0.3112,0.3104,0.3038,0.3028,0.3032,0.2793,5,0.1848,0,0.2062,0.1853,5,0.2794,0,0.2988,0.2936,1.4488
24,41,1,0,7,0.1970,0.1716,0.3504,0.3040,0.2054,0.1799,0.1756,0.1569,0.1739,0.1556,0.2754,0.2749,0.2950,0.2961,0.3104,0.3065,0.2789,0.2781,0.2753,0.2748,5,0.1739,0,0.2205,0.1936,5,0.2753,0,0.2870,0.2861,1.3018
24,42,0,0,7,0.1800,0.1632,0.2433,0.2086,0.1943,0.1732,0.1662,0.1485,0.1662,0.1484,0.2683,0.2515,0.2467,0.2457,0.2574,0.2569,0.2654,0.2644,0.2619,0.2623,5,0.1662,0,0.1900,0.1684,5,0.2467,0,0.2599,0.2562,1.3681
24,43,1,0,7,0.1889,0.1710,0.1935,0.1709,0.1898,0.1706,0.2347,0.2155,0.1796,0.1608,0.3044,0.3035,0.2775,0.2772,0.2909,0.2902,0.3128,0.3125,0.2733,0.2727,5,0.1796,0,0.1973,0.1778,5,0.2733,0,0.2918,0.2912,1.4789
24,44,0,0,6,0.1599,0.1451,0.1729,0.1544,0.1979,0.1673,0.1828,0.1599,0.1613,0.1441,0.2449,0.2441,0.2408,0.2396,0.2467,0.2460,0.2485,0.2474,0.2351,0.2344,5,0.1599,0,0.1750,0.1542,5,0.2351,0,0.2432,0.2423,1.3900
24,45,1,0,5,0.1564,0.1400,0.1544,0.1398,0.1574,0.1384,0.1698,0.1457,0.1503,0.1330,0.2151,0.2149,0.2165,0.2297,0.2538,0.2545,0.2207,0.2203,0.3488,0.3507,5,0.1503,0,0.1577,0.1394,5,0.2151,0,0.2510,0.2540,1.5919
24,46,0,0,4,0.1383,0.1254,0.1854,0.1603,0.1419,0.1262,0.1729,0.1540,0.1425,0.1251,0.2100,0.2068,0.2273,0.2301,0.2033,0.2035,0.2390,0.2379,0.1814,0.1807,5,0.1383,0,0.1562,0.1382,5,0.1814,0,0.2122,0.2118,1.3585
24,47,1,0,4,0.1455,0.1322,0.1686,0.1554,0.2396,0.2118,0.1810,0.1615,0.1474,0.1317,0.2338,0.2499,0.2316,0.2147,0.2356,0.2353,0.2309,0.2304,0.2040,0.2033,5,0.1455,0,0.1764,0.1585,5,0.2040,0,0.2272,0.2267,1.2877
24,48,0,0,3,0.1324,0.1172,0.1442,0.1274,0.1505,0.1189,0.1421,0.1257,0.1143,0.1013,0.1590,0.1592,0.1304,0.1336,0.1561,0.1592,0.1615,0.1612,0.1327,0.1322,5,0.1143,0,0.1367,0.1181,5,0.1304,0,0.1479,0.1491,1.0822
24,49,1,0,3,0.1529,0.1346,0.1560,0.1373,0.2590,0.2269,0.3691,0.2162,0.1445,0.1284,0.2448,0.2450,0.2176,0.2040,0.2704,0.2691,0.2464,0.2463,0.2334,0.2329,5,0.1445,0,0.2163,0.1687,5,0.2176,0,0.2425,0.2395,1.1212
24,5,1,0,7,0.3252,0.2972,0.3406,0.3242,0.3797,0.3317,0.3218,0.2916,0.3009,0.2783,0.5593,0.5594,0.5828,0.5813,0.5512,0.5495,0.5972,0.5940,0.6037,0.5833,5,0.3009,0,0.3336,0.3046,5,0.5512,0,0.5788,0.5735,1.7349
24,50,0,0,3,0.1061,0.0952,0.1118,0.0959,0.1214,0.1087,0.2744,0.2469,0.1108,0.0977,0.1465,0.1497,0.1281,0.1438,0.1489,0.1525,0.1499,0.1532,0.1963,0.2002,5,0.1061,0,0.1449,0.1289,5,0.1281,0,0.1539,0.1599,1.0624
24,51,1,0,2,0.1071,0.0962,0.1060,0.0958,0.1461,0.1150,0.2586,0.1710,0.1112,0.0977,0.1529,0.1557,0.1213,0.1237,0.1423,0.1452,0.1720,0.1750,0.1189,0.1210,5,0.1060,0,0.1458,0.1151,5,0.1189,0,0.1415,0.1441,0.9704
24,52,0,0,3,0.1063,0.0955,0.1053,0.0950,0.1621,0.1427,0.2472,0.1995,0.1120,0.0984,0.1622,0.1657,2.0590,0.1405,0.1415,0.1445,0.1454,0.1488,0.1165,0.1188,5,0.1053,0,0.1466,0.1262,5,0.1165,1,0.1414,0.1444,0.9647
24,53,1,0,2,0.1062,0.0953,0.1043,0.0948,0.1490,0.1376,0.2637,0.1929,0.1121,0.0997,0.1414,0.1448,0.1785,0.1621,0.1411,0.1439,0.1426,0.1457,0.1162,0.1184,5,0.1043,0,0.1471,0.1241,5,0.1162,0,0.1440,0.1430,0.9789
24,54,0,0,3,0.1053,0.0947,0.1042,0.0942,0.1187,0.1052,0.2146,0.1895,0.1206,0.1085,0.1414,0.1443,3.9214,3.9172,0.1412,0.1442,0.1423,0.1454,0.1154,0.1176,5,0.1042,0,0.1327,0.1184,5,0.1154,1,0.1351,0.1379,1.0181
24,55,1,0,2,0.1057,0.0948,0.1045,0.0946,0.1561,0.1386,0.2116,0.1953,0.1544,0.1369,0.1408,0.1439,0.2307,0.3091,0.1563,0.1591,0.1427,0.1458,0.1532,0.1295,5,0.1045,0,0.1465,0.1320,5,0.1408,0,0.1647,0.1775,1.1248
24,6,0,0,7,0.4620,0.4273,0.5349,0.4791,0.5221,0.4766,0.4668,0.4224,0.9677,0.9787,0.8979,0.8958,0.9618,0.9585,0.9290,0.9274,0.9184,0.9167,1.0446,1.0485,5,0.4620,0,0.5907,0.5568,5,0.8979,0,0.9503,0.9494,1.6088
24,7,1,0,7,0.3267,0.3000,0.3604,0.3267,0.3473,0.3131,0.3186,0.2900,0.4046,0.3680,0.6220,0.6203,0.6423,0.6327,0.6447,0.6453,0.6326,0.6321,0.7178,0.7184,5,0.3186,0,0.3515,0.3196,5,0.6220,0,0.6519,0.6498,1.8545
24,8,0,0,7,0.2725,0.2510,0.3674,0.3326,0.2938,0.2644,0.2860,0.2565,0.3519,0.3188,0.5002,0.4899,0.5607,0.5583,0.4946,0.4942,0.5469,0.5478,0.5020,0.5029,5,0.2725,0,0.3143,0.2847,5,0.4946,0,0.5209,0.5186,1.6572
24,9,1,0,7,0.2608,0.2248,0.2857,0.2534,0.2548,0.2298,0.2495,0.2252,0.3797,0.3368,0.4332,0.4339,0.5562,0.5547,0.4804,0.4805,0.4610,0.4593,0.4549,0.4445,5,0.2495,0,0.2861,0.2540,5,0.4332,0,0.4771,0.4746,1.6677
25,0,0,0,7,0.5529,0.5091,0.5640,0.5155,0.9255,0.8396,0.5669,0.5034,0.5458,0.4984,1.0423,1.0417,1.0940,1.0879,1.0341,1.0327,1.0530,1.0521,1.0146,1.0157,5,0.5458,0,0.6310,0.5732,5,1.0146,0,1.0476,1.0460,1.6602
25,1,1,0,7,0.7461,0.6917,0.7386,0.6698,0.7945,0.7273,0.7758,0.7055,1.0926,1.0016,1.3893,1.3879,1.5050,1.4980,1.3821,1.3822,1.4266,1.4254,1.4707,1.4705,5,0.7386,0,0.8295,0.7592,5,1.3821,0,1.4347,1.4328,1.7296
25,10,0,1,7,1.0295,0.9672,1.3680,1.0674,1.3003,1.1760,1.1156,1.0200,1.1716,1.0715,2.3039,2.3021,2.8400,2.7186,2.4513,2.4437,2.3543,2.3513,2.4633,2.4542,5,1.0295,0,1.1970,1.0604,5,2.3039,0,2.4826,2.4540,2.0740
25,11,1,0,7,0.1873,0.1690,0.2051,0.1826,0.2830,0.2339,0.2028,0.1815,0.1999,0.1777,0.3413,0.3419,0.2951,0.2954,0.3656,0.3632,0.3018,0.3011,0.3239,0.3220,5,0.1873,0,0.2156,0.1889,5,0.2951,0,0.3255,0.3247,1.5098
25,12,0,0,7,0.3216,0.2973,0.3320,0.3021,0.4426,0.4028,0.3465,0.3135,0.3317,0.3009,0.6101,0.6093,0.7743,0.7763,0.6553,0.6559,0.6606,0.6613,0.6563,0.6525,5,0.3216,0,0.3549,0.3233,5,0.6101,0,0.6713,0.6711,1.8917
25,13,1,0,7,0.2510,0.2312,0.2493,0.2250,0.3810,0.3463,0.2588,0.2329,0.2524,0.2273,0.4792,0.4795,0.4272,0.4274,0.4453,0.4441,0.4497,0.4484,0.5649,0.5638,5,0.2493,0,0.2785,0.2525,5,0.4272,0,0.4733,0.4726,1.6993
25,14,0,0,7,0.3920,0.3566,0.3953,0.3598,0.5625,0.5084,0.4331,0.3896,0.3988,0.3614,0.7876,0.7863,0.8991,0.8885,0.7906,0.7904,0.7954,0.7956,0.7701,0.7687,5,0.3920,0,0.4363,0.3952,5,0.7701,0,0.8086,0.8059,1.8531
25,15,1,0,7,0.4725,0.4360,0.5231,0.4941,0.7629,0.6676,0.6269,0.5649,0.4779,0.4336,0.8678,0.8676,1.0245,1.0214,0.9139,0.9143,0.9108,0.9113,0.9664,0.9479,5,0.4725,0,0.5727,0.5192,5,0.8678,0,0.9367,0.9325,1.6357
25,16,0,0,7,0.3046,0.2808,0.3168,0.2870,0.3618,0.3261,0.4704,0.4323,0.3531,0.3197,0.5996,0.6080,0.7395,0.7379,0.6090,0.6095,0.5796,0.5780,0.6426,0.6395,5,0.3046,0,0.3613,0.3292,5,0.5796,0,0.6341,0.6346,1.7547
25,17,1,0,7,0.4050,0.3747,0.4140,0.3775,0.4642,0.4229,0.6026,0.5476,0.4544,0.4123,0.8266,0.8266,0.9481,0.9465,0.8112,0.8124,0.8308,0.8301,0.9024,0.8991,5,0.4050,0,0.4680,0.4270,5,0.8112,0,0.8638,0.8629,1.8456
25,18,0,0,7,0.3476,0.3211,0.3576,0.3226,0.4052,0.3600,0.4968,0.4364,0.4164,0.3778,0.7205,0.7177,0.7809,0.7826,0.7047,0.7025,0.7237,0.7232,0.7899,0.7863,5,0.3476,0,0.4047,0.3636,5,0.7047,0,0.7439,0.7425,1.8382
25,19,1,0,7,0.3532,0.3265,0.3617,0.3283,0.4709,0.4284,0.4358,0.3995,0.3784,0.3420,0.6899,0.6890,0.6973,0.6966,0.7313,0.7305,0.7291,0.7297,0.7098,0.7106,5,0.3532,0,0.4000,0.3649,5,0.6899,0,0.7115,0.7113,1.7787
25,2,0,0,7,0.3657,0.3375,0.4121,0.3682,0.3877,0.3489,0.3591,0.3226,0.3564,0.3223,0.6037,0.6031,0.7292,0.7281,0.6399,0.6408,0.6196,0.6189,0.5980,0.5966,5,0.3564,0,0.3762,0.3399,5,0.5980,0,0.6381,0.6375,1.6961
25,20,0,0,7,0.1975,0.1809,0.2017,0.1815,0.2430,0.2203,0.2715,0.2357,0.2036,0.1828,0.3854,0.3859,0.4377,0.4386,0.3454,0.3445,0.3465,0.3456,0.4147,0.4112,5,0.1975,0,0.2235,0.2002,5,0.3454,0,0.3859,0.3852,1.7271
25,21,1,0,7,0.2024,0.1866,0.2179,0.1972,0.2528,0.2287,0.3518,0.3187,0.2605,0.2439,0.3501,0.3489,0.3538,0.3532,0.3872,0.3871,0.3472,0.3464,0.3393,0.3378,5,0.2024,0,0.2571,0.2350,5,0.3393,0,0.3555,0.3547,1.3829
25,22,0,0,7,0.1538,0.1379,0.1561,0.1370,0.1760,0.1660,0.2043,0.1747,0.1545,0.1371,0.2283,0.2274,0.2295,0.2290,0.2340,0.2338,0.2666,0.2667,0.2488,0.2488,5,0.1538,0,0.1689,0.1505,5,0.2283,0,0.2414,0.2411,1.4291
25,23,1,0,7,0.1668,0.1523,0.1695,0.1522,0.2133,0.1822,0.2238,0.2017,0.1809,0.1522,0.4358,0.4362,0.3245,0.3244,0.2820,0.2813,0.2783,0.2776,0.3500,0.3460,5,0.1668,0,0.1909,0.1681,5,0.2783,0,0.3341,0.3331,1.7506
25,24,0,0,7,0.1449,0.1354,0.1475,0.1313,0.1705,0.1489,0.1982,0.1751,0.1477,0.1317,0.2211,0.2213,0.2286,0.2281,0.2262,0.2259,0.2196,0.2182,0.2074,0.2068,5,0.1449,0,0.1618,0.1445,5,0.2074,0,0.2206,0.2201,1.3636
25,25,1,0,7,0.1614,0.1474,0.1654,0.1477,0.1900,0.1722,0.2364,0.2105,0.1817,0.1629,0.2688,0.2680,0.2840,0.2836,0.2952,0.2946,0.2845,0.2836,0.2610,0.2608,5,0.1614,0,0.1870,0.1681,5,0.2610,0,0.2787,0.2781,1.4905
25,26,0,0,7,0.1764,0.1599,0.2144,0.1836,0.1948,0.1778,0.2371,0.2136,0.1813,0.1606,0.3173,0.3156,0.3215,0.3224,0.2990,0.2984,0.3129,0.2899,0.4174,0.4149,5,0.1764,0,0.2008,0.1791,5,0.2990,0,0.3336,0.3282,1.6615
25,27,1,0,7,0.1697,0.1555,0.1974,0.1828,0.1989,0.1777,0.1867,0.1670,0.1750,0.1568,0.2781,0.2787,0.2816,0.2821,0.2824,0.2818,0.2843,0.2833,0.2739,0.2734,5,0.1697,0,0.1855,0.1680,5,0.2739,0,0.2801,0.2799,1.5094
25,28,0,0,7,0.1419,0.1293,0.1460,0.1302,0.1815,0.1586,0.1480,0.1320,0.1521,0.1354,0.2058,0.2064,0.2066,0.2067,0.2490,0.2496,0.2141,0.2133,0.2834,0.2178,5,0.1419,0,0.1539,0.1371,5,0.2058,0,0.2318,0.2188,1.5060
25,29,1,0,7,0.2167,0.2024,0.1909,0.1710,0.2374,0.2149,0.1955,0.1753,0.1902,0.1697,0.3145,0.3153,0.3420,0.3422,0.3219,0.3215,0.3630,0.3635,0.3997,0.4321,5,0.1902,0,0.2061,0.1867,5,0.3145,0,0.3482,0.3549,1.6892
25,3,1,0,7,0.4701,0.4306,0.3377,0.2972,0.2266,0.2031,0.2190,0.1974,0.2170,0.1864,0.3271,0.3253,0.3130,0.3139,0.3241,0.3233,0.3568,0.3574,0.4414,0.3874,5,0.2170,0,0.2941,0.2629,5,0.3130,0,0.3525,0.3415,1.1986
25,30,0,1,7,0.7555,0.7005,0.4573,0.4163,0.4671,0.4198,0.4768,0.4345,0.4130,0.3708,1.0125,1.0114,58.1276,1.2480,0.8855,0.8858,0.8806,0.8936,0.8654,0.8652,5,0.4130,0,0.5139,0.4684,5,0.8654,1,0.9110,0.9140,1.7726
25,31,1,0,7,0.5665,0.3073,0.1901,0.1704,0.2272,0.2040,0.2060,0.1789,0.2105,0.1894,0.3575,0.3579,0.3751,0.3731,0.3160,0.3156,0.3180,0.3171,0.3793,0.3456,5,0.1901,0,0.2801,0.2100,5,0.3160,0,0.3492,0.3419,1.2468
25,32,0,0,7,0.3308,0.2968,0.1807,0.1629,0.2170,0.1945,0.3185,0.2776,0.1768,0.1560,0.2901,0.2898,0.3680,0.3619,0.2983,0.2979,0.2853,0.2845,0.2740,0.2741,5,0.1768,0,0.2448,0.2176,5,0.2740,0,0.3031,0.3016,1.2385
25,33,1,0,7,0.2608,0.2422,0.1650,0.1471,0.2106,0.1858,0.2086,0.1895,0.1643,0.1471,0.2573,0.2566,0.3202,0.3170,0.2870,0.2871,0.2708,0.2700,0.2798,0.2784,5,0.1643,0,0.2019,0.1823,5,0.2573,0,0.2830,0.2818,1.4021
25,34,0,0,7,0.2884,0.2062,0.2184,0.1943,0.2008,0.1758,0.1908,0.1693,0.1539,0.1529,0.2617,0.2609,0.2461,0.2423,0.2376,0.2374,0.2669,0.2663,0.3012,0.3011,5,0.1539,0,0.2105,0.1797,5,0.2376,0,0.2627,0.2616,1.2482
25,35,1,0,7,0.2952,0.2687,0.2458,0.2201,0.2441,0.2132,0.2641,0.2705,0.3251,0.2853,0.2758,0.2746,0.2839,0.2837,0.2733,0.2729,0.2772,0.2765,0.2556,0.2558,5,0.2441,0,0.2749,0.2516,5,0.2556,0,0.2732,0.2727,0.9938
25,36,0,0,7,0.1701,0.1554,0.2469,0.2111,0.2806,0.2515,0.2275,0.2059,0.1676,0.1489,0.2392,0.2389,0.2592,0.2590,0.2692,0.2685,0.2515,0.2505,0.2312,0.2305,5,0.1676,0,0.2185,0.1946,5,0.2312,0,0.2501,0.2495,1.1442
25,37,1,0,7,0.2146,0.1935,0.2434,0.2160,0.2075,0.1869,0.2311,0.1988,0.1879,0.1683,0.3264,0.3262,0.3447,0.3568,0.3400,0.3395,0.3705,0.3704,0.3090,0.3063,5,0.1879,0,0.2169,0.1927,5,0.3090,0,0.3381,0.3398,1.5589
25,38,0,0,7,0.1704,0.1535,0.1898,0.1683,0.1639,0.1470,0.1867,0.1580,0.1595,0.1424,0.2561,0.2564,0.2371,0.2362,0.2278,0.2269,0.2343,0.2335,0.2672,0.2642,5,0.1595,0,0.1741,0.1538,5,0.2278,0,0.2445,0.2434,1.4047
25,39,1,0,7,0.2201,0.2020,0.2354,0.2123,0.2420,0.2144,0.2517,0.2229,0.2256,0.1968,0.3407,0.3400,0.3509,0.3507,0.3567,0.3557,0.3413,0.3408,0.3176,0.3169,5,0.2201,0,0.2350,0.2097,5,0.3176,0,0.3414,0.3408,1.4532
25,4,0,0,7,0.2898,0.2679,0.2877,0.2626,0.3542,0.3180,0.2929,0.2652,0.3513,0.3163,0.6408,0.6136,0.6120,0.6107,0.5156,0.5149,0.5121,0.5110,0.4860,0.4846,5,0.2877,0,0.3152,0.2860,5,0.4860,0,0.5533,0.5470,1.7555
25,40,0,0,6,0.1662,0.1519,0.1750,0.1564,0.2846,0.2512,0.2002,0.1780,0.2049,0.1684,0.2491,0.2482,0.2880,0.2834,0.2717,0.2711,0.2807,0.2794,0.2868,0.2737,5,0.1662,0,0.2062,0.1812,5,0.2491,0,0.2753,0.2712,1.3350
25,41,1,0,4,0.1530,0.1395,0.2327,0.1955,0.1824,0.1643,0.1684,0.1508,0.1631,0.1435,0.2563,0.2335,0.2278,0.2273,0.2246,0.2242,0.2212,0.2202,0.2810,0.2816,5,0.1530,0,0.1799,0.1587,5,0.2212,0,0.2422,0.2374,1.3460
25,42,0,0,4,0.1260,0.1120,0.1787,0.1561,0.1460,0.1279,0.1322,0.1152,0.1252,0.1109,0.1629,0.1622,0.1689,0.1687,0.1693,0.1691,0.1562,0.1560,0.1442,0.1426,5,0.1252,0,0.1416,0.1244,5,0.1442,0,0.1603,0.1597,1.1319
25,43,1,0,1,0.0971,0.0874,0.1127,0.0980,0.1076,0.0956,0.1151,0.0947,0.0988,0.0864,0.1142,0.1143,0.1084,0.1120,0.1158,0.1153,0.1073,0.1078,0.0972,0.0965,5,0.0971,0,0.1063,0.0924,5,0.0972,0,0.1086,0.1092,1.0218
25,44,0,0,3,0.1180,0.0982,0.1338,0.1119,0.1112,0.0980,0.1205,0.1048,0.1083,0.0954,0.1459,0.1458,0.1439,0.1433,0.1599,0.1581,0.1403,0.1409,0.1201,0.1195,5,0.1083,0,0.1184,0.1017,5,0.1201,0,0.1420,0.1415,1.1999
25,45,1,0,1,0.1060,0.0966,0.1105,0.0976,0.0998,0.0878,0.1009,0.0884,0.1057,0.0856,0.1056,0.1089,0.1436,0.1471,0.1206,0.1095,0.0998,0.1034,0.1112,0.1097,5,0.0998,0,0.1046,0.0912,5,0.0998,0,0.1162,0.1157,1.1107
25,46,0,0,3,0.1105,0.1090,0.1356,0.1141,0.1090,0.0960,0.1084,0.0957,0.1066,0.0942,0.1356,0.1385,0.1372,0.1401,0.1379,0.1413,0.1322,0.1360,0.1301,0.1331,5,0.1066,0,0.1140,0.1018,5,0.1301,0,0.1346,0.1378,1.1805
25,47,1,0,1,0.0964,0.0859,0.1057,0.0943,0.0989,0.0869,0.1029,0.0857,0.0964,0.0848,0.1022,0.1054,0.1017,0.1049,0.1038,0.1150,0.1449,0.1355,0.0912,0.0936,5,0.0964,0,0.1001,0.0875,5,0.0912,0,0.1088,0.1109,1.0869
25,48,0,0,3,0.1047,0.0939,0.1669,0.1359,0.1442,0.1163,0.1065,0.0941,0.1058,0.0928,0.1644,0.1679,0.1363,0.1393,0.1361,0.1391,0.1398,0.1430,0.1124,0.1151,5,0.1047,0,0.1256,0.1066,5,0.1124,0,0.1378,0.1409,1.0970
25,5,1,0,7,0.5787,0.5370,1.0529,0.9508,0.6677,0.5988,0.6646,0.5900,0.6122,0.5571,1.1798,1.1783,1.2659,1.2671,1.2005,1.1993,65.8409,65.8371,1.2301,1.2297,5,0.5787,0,0.7152,0.6467,5,1.1798,1,1.2191,1.2186,1.7045
25,6,0,0,7,0.4480,0.4153,0.4831,0.4371,0.4546,0.4192,0.4913,0.4339,0.6263,0.5706,0.8553,0.8545,0.9445,0.9431,0.8531,0.8507,2.4318,2.4305,0.8122,0.8073,5,0.4480,0,0.5007,0.4552,5,0.8122,0,1.1794,1.1772,2.3557
25,7,1,0,7,0.4388,0.4041,0.4862,0.4416,0.6026,0.5450,0.4990,0.4485,0.8574,0.7769,0.8903,0.8906,0.9611,0.9623,0.8575,0.8570,0.9182,0.9189,0.9323,0.9333,5,0.4388,0,0.5768,0.5232,5,0.8575,0,0.9119,0.9124,1.5809
25,8,0,1,7,2.0430,1.9018,2.1302,1.9500,2.3209,2.1298,2.1674,1.9760,2.2043,2.0099,63.5284,63.5283,4.7739,4.7542,63.6562,63.6339,4.5481,4.5416,63.9315,63.9173,5,2.0430,0,2.1732,1.9935,5,4.5481,3,4.6610,4.6479,2.1448
25,9,1,0,7,0.2230,0.2017,0.2273,0.2021,0.3560,0.3429,0.2406,0.2119,0.2363,0.2053,0.3148,0.3152,0.3056,0.3063,0.3248,0.3247,0.3142,0.3143,0.4308,0.4330,5,0.2230,0,0.2566,0.2328,5,0.3056,0,0.3380,0.3387,1.3172
26,0,0,0,7,0.2447,0.2248,0.2753,0.2458,0.2817,0.2446,0.2460,0.2231,0.2391,0.2113,0.4300,0.4288,0.4552,0.4539,0.4412,0.4398,0.4295,0.4277,0.4176,0.4120,5,0.2391,0,0.2574,0.2299,5,0.4176,0,0.4347,0.4324,1.6891
26,1,1,0,7,0.7303,0.6697,0.8280,0.7535,0.7544,0.6774,0.9067,0.8263,0.7586,0.6915,1.5048,1.5038,1.5078,1.5065,1.4786,1.4786,1.5094,1.5080,1.5623,1.5620,5,0.7303,0,0.7956,0.7237,5,1.4786,0,1.5126,1.5118,1.9012
26,10,0,0,7,0.3167,0.2966,0.3886,0.3415,0.3584,0.3247,0.3907,0.3499,0.3464,0.3056,0.5924,0.5931,0.5658,0.5652,0.5652,0.5633,0.6021,0.6018,0.5873,0.5883,5,0.3167,0,0.3602,0.3237,5,0.5652,0,0.5826,0.5823,1.6175
26,11,1,0,7,0.3604,0.3323,0.4115,0.3672,0.3641,0.3280,0.4056,0.3578,0.3885,0.3448,0.6668,0.6660,0.6995,0.6998,0.7034,0.7031,0.7044,0.7046,0.6780,0.6778,5,0.3604,0,0.3860,0.3460,5,0.6668,0,0.6904,0.6903,1.7886
26,12,0,0,7,0.2869,0.2651,0.8333,0.7674,0.3019,0.2741,0.3271,0.2981,0.3554,0.3190,0.5752,0.5751,0.5763,0.5773,0.5466,0.5464,0.5403,0.5393,0.6674,0.6470,5,0.2869,0,0.4209,0.3847,5,0.5403,0,0.5812,0.5770,1.3807
26,13,1,0,7,0.2538,0.2335,0.5383,0.4815,0.3187,0.2734,0.2740,0.2470,0.2749,0.2456,0.4772,0.4766,0.5844,0.5808,0.4774,0.4949,0.5099,0.5100,0.5139,0.5144,5,0.2538,0,0.3319,0.2962,5,0.4772,0,0.5126,0.5153,1.5441
26,14,0,0,7,0.2201,0.2019,0.3077,0.2754,0.2770,0.2508,0.2333,0.2096,0.2564,0.2314,0.4125,0.4124,0.5089,0.5189,0.3867,0.3860,0.3895,0.3889,0.4032,0.4033,5,0.2201,0,0.2589,0.2338,5,0.3867,0,0.4202,0.4219,1.6229
26,15,1,0,7,0.2543,0.2337,0.2927,0.2634,0.3068,0.2756,0.2873,0.2595,0.2693,0.2421,0.4679,0.4671,0.4816,0.4797,0.5121,0.5120,0.5946,0.5947,0.4540,0.4533,5,0.2543,0,0.2821,0.2549,5,0.4540,0,0.5020,0.5014,1.7798
26,16,0,0,7,0.2583,0.2266,0.2925,0.2582,0.3016,0.2722,0.2827,0.2533,0.2697,0.2442,0.4917,0.4919,0.5004,0.5004,0.4552,0.4544,0.4558,0.4551,0.4903,0.4806,5,0.2583,0,0.2810,0.2509,5,0.4552,0,0.4787,0.4765,1.7037
26,17,1,0,7,0.2149,0.1975,0.3693,0.3352,0.2594,0.2333,0.2400,0.2142,0.2336,0.2100,0.3851,0.3842,0.3912,0.3907,0.4275,0.4273,0.4275,0.4278,0.3765,0.3757,5,0.2149,0,0.2634,0.2380,5,0.3765,0,0.4016,0.4011,1.5243
26,18,0,0,7,0.2722,0.2511,0.4894,0.4443,0.3733,0.3285,0.3589,0.3264,0.2457,0.2225,0.4692,0.4697,0.4738,0.4744,0.4367,0.4359,0.4391,0.4376,0.4947,0.4939,5,0.2457,0,0.3479,0.3146,5,0.4367,0,0.4627,0.4623,1.3300
26,19,1,0,7,0.2483,0.2288,0.2738,0.2432,0.4014,0.3592,0.2901,0.2553,0.2420,0.2189,0.4395,0.4386,0.4433,0.4421,0.4778,0.4781,0.4723,0.4710,0.4617,0.4619,5,0.2420,0,0.2911,0.2611,5,0.4395,0,0.4589,0.4583,1.5764
26,2,0,0,7,0.4670,0.4324,0.6292,0.5560,0.3890,0.3490,0.4926,0.4410,0.3489,0.3161,0.6375,0.6366,0.6820,0.6828,0.6806,0.6805,0.6424,0.6412,0.7468,0.7430,5,0.3489,0,0.4653,0.4189,5,0.6375,0,0.6779,0.6768,1.4567
26,20,0,0,7,0.2693,0.2479,0.3103,0.2786,0.3873,0.3435,0.4415,0.4006,0.2583,0.2334,0.4969,0.4975,0.5054,0.5066,0.4719,0.4715,0.4679,0.4673,0.5503,0.5502,5,0.2583,0,0.3333,0.3008,5,0.4679,0,0.4985,0.4986,1.4954
26,21,1,0,7,0.2219,0.2027,0.2647,0.2388,0.2519,0.2266,0.5424,0.4700,0.2229,0.2018,0.3966,0.3956,0.3989,0.3986,0.4302,0.4305,0.4118,0.4108,0.3825,0.3823,5,0.2219,0,0.3008,0.2680,5,0.3825,0,0.4040,0.4036,1.3433
26,22,0,0,7,0.2040,0.1871,0.3555,0.3144,0.2586,0.2240,0.3454,0.3050,0.2239,0.2023,0.3694,0.3689,0.3597,0.3597,0.3650,0.3646,0.3881,0.3874,0.4000,0.4015,5,0.2040,0,0.2775,0.2466,5,0.3597,0,0.3764,0.3764,1.3566
26,23,1,0,7,0.2078,0.1905,0.2344,0.2107,0.2327,0.2056,0.3677,0.3189,0.2092,0.1902,0.3943,0.3947,0.4139,0.4143,0.3699,0.3692,0.3679,0.0604,0.3842,0.3843,5,0.2078,0,0.2504,0.2232,5,0.3679,0,0.3860,0.3246,1.5419
26,24,0,0,7,0.1888,0.1727,0.2096,0.1826,0.1963,0.1769,0.3437,0.3080,0.1902,0.1718,0.3226,0.3222,0.3274,0.3269,0.3628,0.3636,45.7066,46.0770,0.3194,0.3110,5,0.1888,0,0.2257,0.2024,5,0.3194,1,0.3331,0.3309,1.4755
26,25,1,0,7,0.1933,0.1763,0.2207,0.1971,0.1990,0.1791,0.2978,0.2651,0.3353,0.2987,0.3687,0.3677,0.3689,0.3680,0.3455,0.3451,0.4268,0.4127,0.3808,0.3814,5,0.1933,0,0.2492,0.2233,5,0.3455,0,0.3781,0.3750,1.5173
26,26,0,0,7,0.2136,0.1981,0.2527,0.2251,0.2741,0.2560,0.3258,0.2968,0.2270,0.2042,0.3835,0.3831,0.3838,0.3831,0.3953,0.3943,0.5986,0.5576,0.3853,0.3855,5,0.2136,0,0.2586,0.2360,5,0.3835,0,0.4293,0.4207,1.6598
26,27,1,0,7,0.2338,0.2133,0.2687,0.2382,0.2954,0.2545,0.2675,0.2387,0.2546,0.2305,0.4243,0.4231,0.4304,0.4296,0.4484,0.4483,0.4798,0.4653,0.4215,0.4203,5,0.2338,0,0.2640,0.2350,5,0.4215,0,0.4409,0.4373,1.6700
26,28,0,0,7,0.1978,0.1821,0.2107,0.1895,0.2565,0.2327,0.2236,0.2009,0.2031,0.1812,0.3815,0.3820,0.3912,0.3921,0.3443,0.3434,0.5099,0.4989,0.3918,0.3798,5,0.1978,0,0.2183,0.1973,5,0.3443,0,0.4037,0.3992,1.8491
26,29,1,0,7,0.3985,0.3555,0.2323,0.2095,0.2432,0.2192,0.2354,0.2119,0.2365,0.2141,0.4091,0.4080,0.4149,0.4137,0.4521,0.4521,0.4364,0.4278,0.4471,0.4391,5,0.2323,0,0.2692,0.2420,5,0.4091,0,0.4319,0.4281,1.6046
26,3,1,0,7,0.3346,0.3060,0.4098,0.3628,0.4006,0.3535,0.3738,0.3283,0.2836,0.2540,0.5290,0.5297,0.4953,0.4946,0.4920,0.4913,0.5315,0.5307,0.5587,0.5566,5,0.2836,0,0.3605,0.3209,5,0.4920,0,0.5213,0.5206,1.4461
26,30,0,0,7,0.2972,0.2736,0.2745,0.2483,0.3039,0.2740,0.2803,0.2541,0.2669,0.2419,0.5266,0.5269,0.5321,0.5329,0.5063,0.5057,0.6267,0.6179,0.5610,0.5625,5,0.2669,0,0.2846,0.2584,5,0.5063,0,0.5505,0.5492,1.9347
26,31,1,1,7,0.6399,0.5949,0.9685,0.8889,0.6995,0.6310,0.6875,0.6255,0.6509,0.5936,1.3688,1.3687,1.3885,1.3887,1.4296,1.4267,1.6362,1.6094,1.4326,1.4337,5,0.6399,0,0.7293,0.6668,5,1.3688,0,1.4511,1.4454,1.9899
26,32,0,0,7,0.2155,0.1960,0.2890,0.2606,0.2397,0.2157,0.4334,0.3890,0.2123,0.1923,0.3803,0.3798,0.4042,0.4024,58.9257,58.8671,0.3947,0.3924,55.6870,55.6920,5,0.2123,0,0.2780,0.2507,5,0.3803,2,0.3931,0.3915,1.4140
26,33,1,1,7,0.5926,0.5523,0.7701,0.7009,0.6333,0.5644,0.6665,0.6018,0.5684,0.5188,1.2693,1.0787,1.2789,1.2799,1.3680,1.3697,1.3075,1.2941,1.4400,1.4396,5,0.5684,0,0.6462,0.5876,5,1.2693,0,1.3327,1.2924,2.0625
26,34,0,0,7,0.1767,0.1613,0.2314,0.2067,0.3112,0.2788,0.2263,0.1833,0.1779,0.1598,59.2094,59.3799,0.2960,0.2954,0.3043,0.3029,0.3719,0.3650,0.3242,0.3248,5,0.1767,0,0.2247,0.1980,5,0.2960,1,0.3241,0.3220,1.4424
26,35,1,1,7,0.5254,0.4875,0.9132,0.8339,0.6645,0.6039,0.8363,0.7546,0.5224,0.4761,1.1957,1.1957,1.1552,1.1554,1.1702,1.1692,1.2466,1.2413,1.1994,1.2011,5,0.5224,0,0.6924,0.6312,5,1.1552,0,1.1934,1.1925,1.7237
26,36,0,0,6,0.1557,0.1396,0.1743,0.1552,0.2469,0.2250,0.2324,0.2040,0.1547,0.1391,0.2416,0.2410,0.2694,0.2494,0.2456,0.2447,0.2567,0.2558,0.2667,0.2668,5,0.1547,0,0.1928,0.1726,5,0.2416,0,0.2560,0.2515,1.3278
26,37,1,1,6,0.4549,0.4223,0.4931,0.4485,0.5800,0.5288,0.5816,0.5277,0.4497,0.4100,1.1119,1.1038,1.0662,1.0671,1.0040,1.0041,1.0679,1.0659,1.0753,1.0379,5,0.4497,0,0.5119,0.4675,5,1.0040,0,1.0651,1.0558,2.0808
26,38,0,0,5,0.1605,0.1459,0.1772,0.1520,0.2063,0.1771,0.2016,0.1823,0.1626,0.1460,0.2540,0.2541,0.2543,0.2543,0.2566,0.2561,0.3066,0.3052,0.2443,0.2441,5,0.1605,0,0.1816,0.1607,5,0.2443,0,0.2632,0.2628,1.4488
26,39,1,0,4,0.1476,0.1346,0.1531,0.1377,0.1710,0.1513,0.1584,0.1446,0.1486,0.1338,0.2250,0.2242,0.2284,0.2281,0.2287,0.2283,0.2339,0.2334,0.2406,0.2409,5,0.1476,0,0.1557,0.1404,5,0.2250,0,0.2313,0.2310,1.4853
26,4,0,0,7,0.5198,0.4826,0.7480,0.6855,0.5702,0.5164,0.5745,0.5243,0.5250,0.4773,1.0400,1.0401,1.0462,1.0465,1.0431,1.0425,1.0397,1.0392,1.0984,1.0969,5,0.5198,0,0.5875,0.5372,5,1.0397,0,1.0535,1.0530,1.7932
26,40,0,0,4,0.1271,0.1147,0.1292,0.1148,0.3041,0.2096,0.1340,0.1207,0.1272,0.1139,0.1789,0.1791,0.1856,0.1850,0.2002,0.1989,0.1906,0.1898,0.1645,0.1638,5,0.1271,0,0.1643,0.1347,5,0.1645,0,0.1840,0.1833,1.1195
26,41,1,0,3,0.1160,0.1046,0.1198,0.1041,0.1462,0.1344,0.1263,0.1128,0.1196,0.1052,0.1611,0.1607,0.1835,0.2010,0.1968,0.1972,0.1763,0.1753,0.1483,0.1473,5,0.1160,0,0.1256,0.1122,5,0.1483,0,0.1732,0.1763,1.3792
26,42,0,0,3,0.3278,0.3009,0.1126,0.1000,0.1202,0.1074,0.1153,0.1028,0.1153,0.1007,0.1984,0.2022,0.1692,0.1733,0.1687,0.1718,0.2028,0.1883,0.1542,0.1421,5,0.1126,0,0.1582,0.1424,5,0.1542,0,0.1787,0.1755,1.1290
26,43,1,0,3,0.1877,0.1468,0.1150,0.1017,0.1231,0.1078,0.1156,0.1029,0.1150,0.1025,0.1710,0.1741,0.1700,0.1732,0.1709,0.1737,0.1726,0.1760,0.1404,0.1430,5,0.1150,0,0.1313,0.1123,5,0.1404,0,0.1650,0.1680,1.2567
26,44,0,0,3,0.2703,0.1961,0.1113,0.0982,0.1168,0.1031,0.1487,0.1234,0.1128,0.1003,0.1640,0.1669,0.1631,0.1664,0.1638,0.1669,0.1644,0.1674,0.1426,0.1449,5,0.1113,0,0.1520,0.1242,5,0.1426,0,0.1596,0.1625,1.0500
26,45,1,0,3,0.2689,0.2224,0.1201,0.1028,0.1148,0.1022,0.2295,0.2117,0.1139,0.1014,0.1685,0.1716,0.1694,0.1729,0.1706,0.1737,0.1704,0.1733,0.1570,0.1597,5,0.1139,0,0.1694,0.1481,5,0.1570,0,0.1672,0.1702,0.9867
26,46,0,0,3,0.2057,0.1717,0.1813,0.1510,0.1121,0.0987,0.1444,0.1251,0.1121,0.0998,0.1625,0.1655,0.1638,0.1670,0.1967,0.2000,0.1641,0.1673,0.1339,0.1359,5,0.1121,0,0.1511,0.1293,5,0.1339,0,0.1642,0.1671,1.0866
26,5,1,0,7,1.2458,1.1606,1.5598,1.4251,1.2895,1.1795,1.2739,1.1636,1.4847,1.3490,2.5807,2.5796,2.7534,2.7521,2.6184,2.6143,2.6072,2.6057,2.6568,2.6569,5,1.2458,0,1.3707,1.2556,5,2.5807,0,2.6433,2.6417,1.9284
26,6,0,0,7,0.3740,0.3456,0.5011,0.4561,0.3982,0.3609,0.4053,0.3629,0.4340,0.3927,0.7359,0.7354,0.7678,0.7699,0.7357,0.7363,0.7106,0.7095,0.7792,0.7808,5,0.3740,0,0.4225,0.3836,5,0.7106,0,0.7458,0.7464,1.7652
26,7,1,0,7,0.8131,0.7401,0.8736,0.7982,0.8164,0.7292,0.8156,0.7446,0.8618,0.7854,1.5772,1.5760,1.5630,1.5629,1.5507,1.5504,1.5862,1.5850,1.6082,1.6070,5,0.8131,0,0.8361,0.7595,5,1.5507,0,1.5771,1.5763,1.8862
26,8,0,0,7,0.2727,0.2465,0.3080,0.2863,0.2931,0.2597,0.2784,0.2546,0.2675,0.2419,0.3840,0.3832,0.4464,0.4473,0.4328,0.4331,0.3997,0.3987,0.4136,0.4145,5,0.2675,0,0.2839,0.2578,5,0.3840,0,0.4153,0.4154,1.4626
26,9,1,0,7,0.5358,0.4980,0.5792,0.5266,0.5784,0.5332,0.6099,0.5494,0.5920,0.5350,1.0241,1.0241,1.0371,1.0379,1.0252,1.0253,1.0284,1.0272,1.0442,1.0447,5,0.5358,0,0.5791,0.5284,5,1.0241,0,1.0318,1.0318,1.7819
27,0,0,1,7,7.3071,6.8053,8.7336,8.0079,7.2979,6.6882,7.5322,6.8886,8.1306,7.4521,15.3974,15.3872,73.4391,73.3648,21.6920,21.6650,17.2941,17.2904,15.4550,15.4478,5,7.2979,0,7.8003,7.1684,5,15.3974,1,17.4596,17.4476,2.2383
27,1,1,0,7,0.9455,0.8768,1.1683,1.0647,0.9335,0.8519,1.1241,1.0247,0.9963,0.9097,1.9981,1.9972,1.9378,1.9380,2.0388,2.0373,2.1230,2.1225,2.0278,2.0294,5,0.9335,0,1.0335,0.9456,5,1.9378,0,2.0251,2.0249,1.9594
27,10,0,0,7,0.1500,0.1348,0.2378,0.2210,0.2047,0.1747,0.2510,0.2167,0.1549,0.1376,0.2174,0.2173,0.2534,0.2542,0.2570,0.2567,0.2275,0.2266,0.2463,0.2456,5,0.1500,0,0.1997,0.1770,5,0.2174,0,0.2403,0.2401,1.2035
27,11,1,0,7,0.3755,0.3472,10.3239,9.4810,0.5258,0.5015,0.6634,0.6030,0.3904,0.3531,0.7560,0.7557,0.7165,0.7153,0.7198,0.7187,0.7690,0.7687,0.8191,0.8162,5,0.3755,1,0.4888,0.4512,5,0.7165,0,0.7561,0.7549,1.5469
27,12,0,0,7,0.1924,0.1766,0.4290,0.3632,0.2042,0.1833,0.2159,0.1910,0.2013,0.1793,0.3089,0.3087,0.3498,0.3503,0.3530,0.3528,0.3159,0.3156,0.3196,0.3182,5,0.1924,0,0.2486,0.2187,5,0.3089,0,0.3294,0.3291,1.3254
27,13,1,0,7,0.4049,0.3752,0.7619,0.6950,0.4277,0.3890,0.4491,0.3926,0.4044,0.3678,0.7725,0.7718,0.7513,0.7515,0.7805,0.7791,0.7923,0.7929,0.8621,0.8595,5,0.4044,0,0.4896,0.4439,5,0.7513,0,0.7917,0.7910,1.6171
27,14,0,0,7,0.1585,0.1448,0.2279,0.2104,0.1649,0.1441,0.1822,0.1640,0.1485,0.1320,0.2029,0.2027,0.2264,0.2264,0.2065,0.2056,0.2135,0.2131,0.2253,0.2264,5,0.1485,0,0.1764,0.1591,5,0.2029,0,0.2149,0.2148,1.2184
27,15,1,0,7,0.2555,0.2317,0.3446,0.3185,0.2228,0.2013,0.3725,0.3208,0.2242,0.2032,0.4061,0.4066,0.3676,0.3667,0.3731,0.3720,0.4023,0.4150,0.3544,0.3538,5,0.2228,0,0.2839,0.2551,5,0.3544,0,0.3807,0.3828,1.3409
27,16,0,0,7,0.1399,0.1274,0.2151,0.1992,0.1433,0.1275,0.2786,0.2530,0.1584,0.1395,0.2074,0.2067,0.2015,0.2012,0.2027,0.2020,0.3216,0.3188,0.2513,0.2431,5,0.1399,0,0.1871,0.1693,5,0.2015,0,0.2369,0.2344,1.2664
27,17,1,0,7,0.1635,0.1492,0.2327,0.3095,0.1561,0.1392,0.2357,0.2092,0.1573,0.1387,0.2314,0.2313,0.2431,0.2599,0.2665,0.2669,0.2351,0.2347,0.2350,0.2347,5,0.1561,0,0.1891,0.1892,5,0.2314,0,0.2422,0.2455,1.2812
27,18,0,0,7,0.1782,0.1631,0.2828,0.2609,0.1832,0.1648,0.2063,0.1827,0.4459,0.2141,0.2885,0.2878,0.2845,0.2838,0.2894,0.2889,0.2953,0.2945,0.2856,0.2857,5,0.1782,0,0.2593,0.1971,5,0.2845,0,0.2887,0.2881,1.1133
27,19,1,0,7,0.1903,0.1742,0.3889,0.3725,0.1956,0.1758,0.2167,0.1936,0.2204,0.1951,0.3824,0.3820,0.3256,0.3254,0.3148,0.3139,0.3650,0.3647,0.4066,0.3961,5,0.1903,0,0.2424,0.2222,5,0.3148,0,0.3589,0.3564,1.4807
27,2,0,1,7,10.5441,9.9113,11.3406,10.4117,11.9307,10.9442,11.8881,10.9161,10.0080,9.1751,21.7254,21.6665,22.2342,22.2131,22.7880,22.7849,73.2186,73.1929,23.5722,23.5400,5,10.0080,0,11.1423,10.2717,5,21.7254,1,22.5800,22.5511,2.0265
27,20,0,0,7,0.2378,0.2188,0.3659,0.3374,0.2672,0.2401,0.3880,0.2960,0.2786,0.2481,0.4280,0.4276,0.4694,0.4704,0.4629,0.4627,0.4370,0.4366,0.4688,0.4699,5,0.2378,0,0.3075,0.2681,5,0.4280,0,0.4532,0.4534,1.4739
27,21,1,0,7,0.2064,0.1892,0.3472,0.3214,0.1803,0.1597,0.2801,0.2508,0.2804,0.2350,0.3080,0.3135,0.2746,0.2744,0.2739,0.2729,0.3062,0.3046,0.2755,0.2716,5,0.1803,0,0.2589,0.2312,5,0.2739,0,0.2876,0.2874,1.1111
27,22,0,0,7,0.1824,0.1651,0.2719,0.2519,0.1848,0.1658,0.2701,0.2422,0.2794,0.2417,0.3019,0.3010,0.3012,0.3006,0.3028,0.3018,0.3049,0.3043,0.3647,0.3654,5,0.1824,0,0.2377,0.2133,5,0.3012,0,0.3151,0.3146,1.3255
27,23,1,0,7,0.2060,0.1830,0.2711,0.2515,0.1903,0.1707,0.2748,0.2476,0.2420,0.2073,0.3083,0.3074,0.3480,0.3489,0.3471,0.3475,0.3143,0.3226,0.3491,0.3450,5,0.1903,0,0.2368,0.2120,5,0.3083,0,0.3334,0.3343,1.4075
27,24,0,0,7,0.1535,0.1389,0.1719,0.1601,0.1418,0.1272,0.2163,0.1930,0.1951,0.1721,0.1734,0.1729,0.1746,0.1745,0.1777,0.1775,0.1741,0.1737,0.1866,0.1804,5,0.1418,0,0.1757,0.1583,5,0.1734,0,0.1773,0.1758,1.0089
27,25,1,0,7,0.2450,0.2248,0.3801,0.3504,0.3432,0.3059,0.2867,0.2570,0.2540,0.2348,0.4043,0.4044,0.3648,0.3641,0.3716,0.3702,0.4086,0.4082,0.4498,0.4472,5,0.2450,0,0.3018,0.2746,5,0.3648,0,0.3998,0.3988,1.3248
27,26,0,0,7,0.1512,0.1366,0.1729,0.1554,0.1844,0.1667,0.1891,0.1609,0.1322,0.1170,0.1826,0.1821,0.1688,0.1684,0.1701,0.1694,0.1725,0.1724,0.1840,0.1825,5,0.1322,0,0.1660,0.1473,5,0.1688,0,0.1756,0.1750,1.0581
27,27,1,0,7,0.2408,0.2180,0.2950,0.2733,0.3445,0.2446,0.2392,0.2099,0.1971,0.1729,0.2908,0.2900,0.3122,0.3130,0.3130,0.3258,0.2782,0.2775,0.2823,0.2819,5,0.1971,0,0.2633,0.2237,5,0.2782,0,0.2953,0.2976,1.1214
27,28,0,0,7,0.1920,0.1722,0.2181,0.2026,0.2576,0.2286,0.2313,0.2048,0.1787,0.1552,0.2482,0.2471,0.2470,0.2468,0.2472,0.2467,0.2801,0.2560,0.2279,0.2267,5,0.1787,0,0.2155,0.1927,5,0.2279,0,0.2501,0.2447,1.1602
27,29,1,0,7,0.1582,0.1505,0.2056,0.1914,0.2680,0.2396,0.2190,0.1912,0.1676,0.1496,0.2357,0.2352,0.2359,0.2359,0.2370,0.2365,0.2306,0.2299,0.2971,0.2928,5,0.1582,0,0.2037,0.1845,5,0.2306,0,0.2473,0.2461,1.2140
27,3,1,0,7,1.1916,1.1116,1.1383,1.0382,0.9880,0.8977,0.8950,0.8140,0.8872,0.8098,1.8078,1.8254,1.8137,1.8060,47.8342,47.7812,1.9749,1.9748,1.7962,1.7933,5,0.8872,0,1.0200,0.9343,5,1.7962,1,1.8481,1.8499,1.8119
27,30,0,0,7,0.1189,0.1073,0.1656,0.1537,0.1479,0.1305,0.1621,0.1430,0.1230,0.1079,0.1650,0.1645,0.1842,0.1878,0.1867,0.1903,0.1830,0.1823,0.1741,0.1729,5,0.1189,0,0.1435,0.1285,5,0.1650,0,0.1786,0.1796,1.2446
27,31,1,0,7,0.1158,0.1046,0.1572,0.1468,0.1629,0.1356,0.1470,0.1232,0.1185,0.1047,0.1610,0.1605,0.1951,0.1808,0.2097,0.2129,0.1756,0.1787,0.1633,0.1633,5,0.1158,0,0.1403,0.1230,5,0.1610,0,0.1809,0.1792,1.2898
27,32,0,0,7,0.1184,0.1069,0.1620,0.1507,0.1605,0.1431,0.1305,0.1168,0.1216,0.1074,0.1805,0.1802,0.1856,0.1895,0.1830,0.1862,0.1856,0.1885,0.1541,0.1534,5,0.1184,0,0.1386,0.1250,5,0.1541,0,0.1778,0.1796,1.2825
27,33,1,0,7,0.1142,0.1031,0.1526,0.1425,0.1446,0.1284,0.1283,0.1123,0.1171,0.1032,0.1850,0.1882,0.1704,0.1734,0.1697,0.1727,0.1986,0.2023,0.1427,0.1420,5,0.1142,0,0.1314,0.1179,5,0.1427,0,0.1733,0.1757,1.3191
27,34,0,0,7,0.1170,0.1057,0.1578,0.1473,0.2073,0.1826,0.1223,0.1090,0.1195,0.1056,0.1994,0.2029,0.1812,0.1841,0.1813,0.1839,0.1829,0.1859,0.2453,0.2359,5,0.1170,0,0.1448,0.1300,5,0.1812,0,0.1980,0.1985,1.3677
27,35,1,0,7,0.1141,0.1024,0.3394,0.1446,0.1855,0.1654,0.1162,0.1027,0.1169,0.1025,0.1697,0.1726,0.1688,0.1720,0.1688,0.1717,0.1705,0.1735,0.1425,0.1451,5,0.1141,0,0.1744,0.1235,5,0.1425,0,0.1641,0.1670,0.9406
27,4,0,0,7,0.6569,0.6117,0.6092,0.5458,0.5838,0.5346,0.5887,0.5376,0.6181,0.5631,1.1571,1.1573,1.0840,1.0843,1.1126,1.1131,1.3799,1.3780,51.8054,51.7856,5,0.5838,0,0.6113,0.5586,5,1.0840,1,1.1834,1.1832,1.9357
27,5,1,0,7,0.8089,0.7565,0.8383,0.7642,0.8281,0.7514,0.8710,0.7917,1.3527,1.2461,53.7876,53.7876,1.6669,1.6653,1.6943,1.6929,2.2342,2.2149,1.8299,1.8297,5,0.8089,0,0.9398,0.8620,5,1.6669,1,1.8563,1.8507,1.9752
27,6,0,0,7,0.3203,0.2900,0.3438,0.3099,0.3688,0.3220,0.2910,0.2639,0.9043,0.6126,0.5586,0.5592,0.6617,0.6580,0.5063,0.5057,0.8172,0.8171,0.5292,0.5302,5,0.2910,1,0.3310,0.2964,5,0.5063,0,0.6146,0.6140,1.8569
27,7,1,0,7,0.3969,0.3667,0.6120,0.5435,0.4295,0.3876,0.4022,0.3641,0.6393,0.6001,0.7829,0.7843,0.7923,0.7932,0.7944,0.7935,0.8831,0.8806,0.8121,0.8087,5,0.3969,0,0.4960,0.4524,5,0.7829,0,0.8130,0.8121,1.6391
27,8,0,0,7,0.2937,0.2713,0.5718,0.4337,0.3255,0.2969,0.3819,0.3480,0.3115,0.2800,0.6163,0.6129,0.5616,0.5622,0.5614,0.5617,0.6498,0.6481,0.6429,0.6417,5,0.2937,0,0.3769,0.3260,5,0.5614,0,0.6064,0.6053,1.6090
27,9,1,0,7,0.3694,0.3413,0.6301,0.5766,0.4336,0.3941,0.4422,0.4005,0.3694,0.3344,0.7102,0.7105,0.6590,0.6581,0.6602,0.6594,0.8433,0.8384,0.7655,0.7632,5,0.3694,0,0.4489,0.4094,5,0.6590,0,0.7276,0.7259,1.6208
28,0,0,0,7,0.4124,0.3802,0.7344,0.6774,0.6401,0.5778,0.4806,0.4353,0.5099,0.4501,0.8940,0.8939,54.9881,54.9872,0.9038,0.9020,0.9225,0.9225,0.9189,0.9148,5,0.4124,0,0.5555,0.5042,5,0.8940,1,0.9098,0.9083,1.6379
28,1,1,0,7,2.5397,2.3655,11.9447,10.9653,3.1433,2.8719,2.7204,2.4835,2.7491,2.4835,5.4970,5.4952,5.6710,5.6639,5.6189,5.6092,5.5358,5.5314,5.8171,5.8098,5,2.5397,1,2.7881,2.5511,5,5.4970,0,5.6280,5.6219,2.0185
28,10,0,0,7,0.3527,0.3287,0.6970,0.6388,0.3586,0.3267,0.3597,0.3268,0.6006,0.5433,0.7201,0.7203,0.6832,0.6817,0.7794,0.7766,0.7747,0.7684,0.7231,0.7226,5,0.3527,0,0.4737,0.4329,5,0.6832,0,0.7361,0.7339,1.5539
28,11,1,0,7,0.2563,0.2367,0.4255,0.3791,0.2602,0.2345,0.2567,0.2319,0.2985,0.2688,0.4880,0.4866,0.4833,0.4834,0.4916,0.4929,0.5301,0.5258,0.4570,0.4558,5,0.2563,0,0.2994,0.2702,5,0.4570,0,0.4900,0.4889,1.6364
28,12,0,0,7,0.2757,0.2531,0.3985,0.3606,0.2799,0.2514,0.2780,0.2497,0.3733,0.3379,0.4986,0.4977,0.4939,0.4937,0.6411,0.6376,0.6250,0.6184,0.5402,0.5385,5,0.2757,0,0.3211,0.2905,5,0.4939,0,0.5598,0.5572,1.7434
28,13,1,0,7,0.2750,0.2547,0.3637,0.3316,0.2645,0.2393,0.4158,0.3668,0.3015,0.2727,0.5028,0.5015,0.4973,0.4952,0.5661,0.5646,0.5852,0.5864,0.4718,0.4782,5,0.2645,0,0.3241,0.2930,5,0.4718,0,0.5246,0.5252,1.6188
28,14,0,0,7,0.3483,0.3245,0.4013,0.3632,0.3445,0.3126,0.3574,0.3307,0.4023,0.3604,0.6386,0.6380,0.6298,0.6301,0.6538,0.6552,0.7789,0.7618,0.6678,0.6672,5,0.3445,0,0.3708,0.3383,5,0.6298,0,0.6738,0.6705,1.8173
28,15,1,0,7,0.2146,0.1985,0.2862,0.2602,0.2203,0.1983,0.2201,0.1982,0.4338,0.4034,0.4093,0.4103,0.4061,0.4056,0.4589,0.4568,0.3804,0.3796,0.3911,0.3894,5,0.2146,0,0.2750,0.2517,5,0.3804,0,0.4092,0.4083,1.4879
28,16,0,0,7,0.2161,0.1973,0.2879,0.2550,0.2361,0.2123,0.2282,0.2044,0.3674,0.3336,0.3701,0.3693,0.3573,0.3577,0.3704,0.3699,0.4124,0.4101,0.3717,0.3715,5,0.2161,0,0.2671,0.2405,5,0.3573,0,0.3764,0.3757,1.4089
28,17,1,0,7,0.2095,0.1939,0.2745,0.2491,0.2170,0.1937,0.2101,0.1895,0.3397,0.3069,0.3600,0.3593,0.4805,0.4706,0.4009,0.4009,0.3537,0.3540,0.3613,0.3604,5,0.2095,0,0.2502,0.2266,5,0.3537,0,0.3913,0.3890,1.5641
28,18,0,0,7,0.1867,0.1719,0.2179,0.1929,0.2275,0.2052,0.2066,0.1850,0.2414,0.2112,0.3516,0.3518,0.3385,0.3304,0.3304,0.3291,0.3699,0.3635,0.3506,0.3510,5,0.1867,0,0.2160,0.1932,5,0.3304,0,0.3482,0.3452,1.6119
28,19,1,0,7,0.2221,0.2050,0.2581,0.2294,0.2297,0.2066,0.2562,0.2226,0.2748,0.2399,0.3951,0.3944,0.3861,0.3857,0.4056,0.4039,0.4280,0.4284,0.3990,0.3981,5,0.2221,0,0.2482,0.2207,5,0.3861,0,0.4028,0.4021,1.6229
28,2,0,1,7,5.4905,5.1427,16.9666,15.5762,3.9729,3.6471,3.9314,3.5967,4.0602,3.6914,8.5299,8.5273,28.2242,28.2092,8.8075,8.8046,8.4944,8.4949,8.7369,8.7323,5,3.9314,1,4.3637,4.0195,5,8.4944,1,8.6422,8.6398,1.9804
28,20,0,0,7,0.1907,0.1755,0.3333,0.3041,0.1968,0.1769,0.2215,0.2055,0.2291,0.1984,0.3344,0.3336,0.3810,0.3710,0.3438,0.3436,0.3299,0.3266,0.3258,0.3244,5,0.1907,0,0.2343,0.2121,5,0.3258,0,0.3430,0.3398,1.4640
28,21,1,0,7,0.1703,0.1568,0.1962,0.1755,0.1740,0.1579,0.1891,0.1681,0.1958,0.1795,0.3092,0.3092,0.2861,0.2855,0.2819,0.2810,0.3117,0.2860,0.3209,0.3211,5,0.1703,0,0.1851,0.1676,5,0.2819,0,0.3020,0.2966,1.6315
28,22,0,0,7,0.2019,0.1845,0.2065,0.1860,0.2013,0.1794,0.2032,0.1814,0.2121,0.1898,0.3097,0.3088,0.3195,0.3159,0.3220,0.0793,0.3526,0.3476,0.3232,0.3226,5,0.2013,0,0.2050,0.1842,5,0.3097,0,0.3254,0.2748,1.5873
28,23,1,0,7,0.2911,0.2699,0.3987,0.3645,0.3026,0.2723,0.4393,0.4299,0.3543,0.3240,0.5754,0.5761,0.5710,0.5723,56.6552,56.9788,0.5543,0.5514,0.5558,0.5710,5,0.2911,0,0.3572,0.3321,5,0.5543,1,0.5641,0.5677,1.5793
28,24,0,0,7,0.1956,0.2057,0.2407,0.2136,0.3018,0.2675,0.2404,0.2144,0.2065,0.1855,0.3203,0.3198,0.3158,0.3158,0.3519,0.3524,0.4043,0.4014,56.0165,0.4093,5,0.1956,0,0.2370,0.2173,5,0.3158,1,0.3481,0.3473,1.4687
28,25,1,1,7,1.1855,1.0930,0.9837,0.8912,1.3806,1.2715,1.3431,1.2054,1.0200,0.9224,2.0768,2.0754,2.0679,2.0693,2.1862,2.1723,2.0936,2.0869,2.2107,2.2073,5,0.9837,0,1.1826,1.0767,5,2.0679,0,2.1270,2.1222,1.7986
28,26,0,0,7,0.4173,0.3844,0.3006,0.2720,0.4093,0.3715,0.2645,0.2408,0.2855,0.2531,56.8526,56.8533,0.4969,0.4616,0.4401,0.4396,0.4387,0.4354,0.4489,0.4421,5,0.2645,0,0.3354,0.3044,5,0.4387,1,0.4561,0.4447,1.3599
28,27,1,0,7,0.3682,0.3290,0.4815,0.4449,0.4105,0.3701,0.4304,0.3855,0.2802,0.2526,0.5276,0.5258,0.4199,0.4193,0.6208,0.6213,0.4974,0.4945,0.4699,0.4654,5,0.2802,0,0.3942,0.3564,5,0.4199,0,0.5071,0.5053,1.2866
28,28,0,0,7,0.2743,0.2538,0.2907,0.2634,0.5139,0.4664,0.2616,0.2369,0.2807,0.2533,0.4713,0.4909,0.4583,0.4603,0.4467,0.4453,0.4448,0.4376,0.4511,0.4462,5,0.2616,0,0.3242,0.2948,5,0.4448,0,0.4544,0.4561,1.4016
28,29,1,0,7,0.2569,0.2450,0.2608,0.2270,0.2731,0.2403,0.2280,0.2066,0.2580,0.2320,0.4551,0.4526,0.3840,0.3842,0.4300,0.4304,0.4201,0.4220,0.4354,0.4359,5,0.2280,0,0.2554,0.2302,5,0.3840,0,0.4249,0.4250,1.6640
28,3,1,0,7,1.1208,1.0368,1.7016,1.5928,1.0077,0.9199,0.9865,0.9052,0.9770,0.8995,2.1061,2.1035,2.1047,2.0979,2.1264,2.1248,2.1126,2.1126,2.0489,2.0462,5,0.9770,0,1.1587,1.0708,5,2.0489,0,2.0997,2.0970,1.8121
28,30,0,0,7,0.2617,0.2419,0.2508,0.2259,0.2413,0.2202,0.2539,0.2210,0.2706,0.2467,0.4012,0.4014,0.3747,0.3743,0.3757,0.3749,0.3776,0.3738,0.3758,0.3746,5,0.2413,0,0.2557,0.2311,5,0.3747,0,0.3810,0.3798,1.4903
28,31,1,0,7,0.2311,0.2137,0.2214,0.1940,0.2177,0.1937,0.2085,0.1856,0.2513,0.2263,0.3529,0.3524,0.3542,0.3546,0.3523,0.3509,0.3710,0.3572,0.3471,0.3456,5,0.2085,0,0.2260,0.2027,5,0.3471,0,0.3555,0.3521,1.5730
28,32,0,0,7,0.1957,0.1863,0.2173,0.1896,0.2731,0.1922,0.1982,0.1768,0.2060,0.1827,0.3420,0.3406,0.3005,0.3001,0.3549,0.3548,0.4099,0.4113,0.3510,0.3514,5,0.1957,0,0.2181,0.1855,5,0.3005,0,0.3517,0.3516,1.6127
28,33,1,0,7,0.2495,0.2306,0.3017,0.2727,0.5076,0.4578,0.2576,0.2346,0.2659,0.2399,0.4639,0.4634,0.4958,0.4970,0.4681,0.4664,0.4611,0.4580,0.4672,0.4663,5,0.2495,0,0.3165,0.2871,5,0.4611,0,0.4712,0.4702,1.4890
28,34,0,0,6,0.1690,0.1554,0.2188,0.1944,0.3101,0.2655,0.1794,0.1624,0.1818,0.1637,0.2698,0.2687,0.2567,0.2561,0.2995,0.2982,0.2870,0.2912,0.3030,0.3013,5,0.1690,0,0.2118,0.1883,5,0.2567,0,0.2832,0.2831,1.3370
28,35,1,0,5,0.1769,0.1600,0.2759,0.2644,0.2213,0.2028,0.1658,0.1474,0.2088,0.1882,0.2490,0.2330,0.2122,0.2117,0.2288,0.2328,0.2492,0.2491,0.2235,0.2228,5,0.1658,0,0.2097,0.1926,5,0.2122,0,0.2325,0.2299,1.1087
28,36,0,0,4,0.1438,0.1335,0.2418,0.2132,0.1871,0.1589,0.1131,0.1013,0.1333,0.1129,0.1545,0.1535,0.1421,0.1418,0.1877,0.1897,0.1406,0.1396,0.1516,0.1506,5,0.1131,0,0.1638,0.1440,5,0.1406,0,0.1553,0.1550,0.9480
28,37,1,0,4,0.1372,0.1075,0.1781,0.1532,0.3333,0.2981,0.1179,0.1057,0.1265,0.1097,0.1707,0.1699,0.1637,0.1609,0.1847,0.1886,0.1524,0.1512,0.1632,0.1625,5,0.1179,0,0.1786,0.1548,5,0.1524,0,0.1669,0.1666,0.9347
28,38,0,0,4,0.1910,0.1744,0.1664,0.1469,0.1840,0.1513,0.1363,0.1209,0.1166,0.1032,0.1668,0.1660,0.1499,0.1529,0.1587,0.1630,0.1435,0.1421,0.1550,0.1546,5,0.1166,0,0.1589,0.1393,5,0.1435,0,0.1548,0.1557,0.9743
28,39,1,0,4,0.1302,0.1182,0.1771,0.1512,0.1818,0.1593,0.1432,0.1151,0.1229,0.1075,0.1815,0.1849,0.1459,0.1484,0.2509,0.2180,0.1911,0.1939,0.1874,0.1876,5,0.1229,0,0.1510,0.1303,5,0.1459,0,0.1914,0.1866,1.2669
28,4,0,1,7,1.2836,1.2058,2.0310,1.8591,1.2900,1.1794,1.3070,1.1876,1.8593,1.7263,2.7737,2.7710,2.6660,2.6571,2.7758,2.7739,2.6741,2.6731,2.7089,2.7054,5,1.2836,0,1.5542,1.4316,5,2.6660,0,2.7197,2.7161,1.7499
28,40,0,0,4,0.1111,0.1012,0.1891,0.1530,0.1585,0.1411,0.1487,0.1377,0.2387,0.2203,0.1602,0.1633,0.1476,0.1439,0.1642,0.1682,0.1340,0.1377,0.1819,0.1855,5,0.1111,0,0.1692,0.1507,5,0.1340,0,0.1576,0.1597,0.9312
28,41,1,0,4,0.1135,0.1036,0.1710,0.1520,0.1441,0.1296,0.1252,0.1127,0.1266,0.1115,0.2020,0.2052,0.1500,0.1528,0.1785,0.1821,0.1531,0.1524,0.1801,0.1831,5,0.1135,0,0.1361,0.1219,5,0.1500,0,0.1727,0.1751,1.2694
28,5,1,0,7,0.6534,0.6048,0.9872,0.9109,0.6290,0.5708,0.6571,0.5956,0.6765,0.6175,1.2416,1.2424,1.1777,1.1799,1.2541,1.2520,1.2040,1.2041,1.2126,1.2128,5,0.6290,0,0.7206,0.6599,5,1.1777,0,1.2180,1.2182,1.6902
28,6,0,0,7,0.3132,0.2903,0.3580,0.3265,0.2826,0.2559,0.2960,0.2716,0.3349,0.3090,0.5799,0.5545,0.5454,0.5370,0.5036,0.5032,0.5133,0.5116,0.5030,0.5020,5,0.2826,0,0.3169,0.2907,5,0.5030,0,0.5290,0.5217,1.6692
28,7,1,0,7,0.3409,0.3236,1.2315,0.6668,0.3424,0.3110,0.3327,0.3020,0.3893,0.3511,0.6203,0.6191,0.6107,0.6103,0.6967,0.6936,0.6379,0.6373,0.6583,0.6571,5,0.3327,1,0.3513,0.3219,5,0.6107,0,0.6448,0.6435,1.8353
28,8,0,0,7,0.2764,0.2540,0.4295,0.3889,0.2391,0.2137,0.2318,0.2084,0.2866,0.2644,0.4262,0.4269,0.4246,0.4233,0.4215,0.3999,56.4977,0.4512,0.4085,0.4075,5,0.2318,0,0.2927,0.2659,5,0.4085,1,0.4202,0.4144,1.4357
28,9,1,0,7,0.3583,0.3317,0.5217,0.4716,0.3611,0.3283,0.3862,0.3475,0.6053,0.5499,0.6800,0.6794,0.6944,0.6871,0.7405,0.7382,0.7573,0.7561,0.7092,0.7086,5,0.3583,0,0.4465,0.4058,5,0.6800,0,0.7163,0.7139,1.6041
29,0,0,0,7,0.3869,0.3602,0.6426,0.5886,0.5153,0.4693,0.4482,0.4052,0.3910,0.3556,0.7774,0.7760,0.7597,0.7566,0.8024,0.8024,1.7630,1.7649,0.8041,0.7962,5,0.3869,0,0.4768,0.4358,5,0.7597,0,0.9813,0.9792,2.0581
29,1,1,0,7,0.4120,0.3823,0.6189,0.5691,0.6430,0.5404,0.4802,0.4313,0.4196,0.3792,0.7576,0.7717,0.7946,0.7967,0.7809,0.7823,3.1982,3.1987,0.7612,0.7601,5,0.4120,0,0.5147,0.4605,5,0.7576,1,0.7736,0.7777,1.5028
29,10,0,0,7,0.4238,0.3918,1.0461,0.9600,0.4107,0.3772,0.4195,0.3817,0.4342,0.3942,0.8197,0.8192,0.8700,0.8718,0.8957,0.8952,0.8261,0.8252,0.7974,0.7963,5,0.4107,0,0.5469,0.5010,5,0.7974,0,0.8418,0.8415,1.5393
29,11,1,0,7,0.3421,0.3168,0.5523,0.5110,0.3394,0.3084,0.3351,0.3014,0.3407,0.3069,0.8933,0.8897,0.6360,0.6359,0.6736,0.6739,0.6677,0.6681,0.6574,0.6561,5,0.3351,0,0.3819,0.3489,5,0.6360,0,0.7056,0.7047,1.8475
29,12,0,0,7,0.2685,0.2468,1.3990,1.2837,0.2709,0.2474,0.2724,0.2466,0.2702,0.2425,0.5015,0.4996,0.5079,0.5061,0.4767,0.4760,0.4817,0.4812,0.5217,0.5218,5,0.2685,1,0.2705,0.2458,5,0.4767,0,0.4979,0.4969,1.8407
29,13,1,0,7,0.2853,0.2614,0.4835,0.4425,0.2806,0.2577,0.2855,0.2574,0.2819,0.2551,0.5091,0.5083,0.5011,0.5010,0.5517,0.5517,0.5451,0.5450,0.5139,0.5123,5,0.2806,0,0.3234,0.2948,5,0.5011,0,0.5242,0.5237,1.6210
29,14,0,0,7,0.2335,0.2146,0.2831,0.2556,0.2424,0.2296,0.2330,0.2104,0.2374,0.2152,0.4229,0.4214,0.4395,0.4409,0.4717,0.4688,0.4128,0.4120,0.4485,0.4490,5,0.2330,0,0.2459,0.2251,5,0.4128,0,0.4391,0.4384,1.7857
29,15,1,0,7,0.1960,0.1792,0.2222,0.1990,0.1950,0.1758,0.1973,0.1758,0.1955,0.1741,0.3126,0.3298,0.3066,0.3067,0.3513,0.3515,0.3512,0.3516,0.3141,0.3132,5,0.1950,0,0.2012,0.1808,5,0.3066,0,0.3272,0.3306,1.6260
29,16,0,0,7,0.1978,0.1815,0.2871,0.2506,0.1985,0.1789,0.1998,0.1782,0.1973,0.1773,0.3255,0.3250,0.3327,0.3330,0.3368,0.3362,0.3318,0.3315,0.3274,0.3257,5,0.1973,0,0.2161,0.1933,5,0.3255,0,0.3308,0.3303,1.5310
29,17,1,0,7,0.1725,0.1578,0.2033,0.1835,0.1704,0.1555,0.1742,0.1567,0.1719,0.1539,0.2872,0.2859,0.2880,0.2887,0.2742,0.2730,0.2752,0.2744,0.3078,0.3081,5,0.1704,0,0.1785,0.1615,5,0.2742,0,0.2865,0.2860,1.6053
29,18,0,0,7,0.2262,0.2134,0.1978,0.1685,0.1693,0.1554,0.1777,0.1605,0.1735,0.1665,0.2963,0.2958,0.2601,0.2597,0.3013,0.3017,0.3021,0.3026,0.2699,0.2691,5,0.1693,0,0.1889,0.1729,5,0.2601,0,0.2859,0.2858,1.5137
29,19,1,1,7,0.3940,0.3645,0.4270,0.3858,0.4013,0.3668,0.3966,0.3602,0.3989,0.3638,0.8624,0.8633,0.8444,0.8458,0.8455,0.8638,0.8465,0.8451,0.8632,0.8631,5,0.3940,0,0.4036,0.3682,5,0.8444,0,0.8524,0.8562,2.1122
29,2,0,0,7,0.6485,0.5877,0.9930,0.9132,0.7728,0.7035,0.7308,0.6657,0.6723,0.6101,1.3570,1.3563,1.3194,1.3189,1.4452,1.4430,1.4156,1.4141,1.3525,1.3508,5,0.6485,0,0.7635,0.6960,5,1.3194,0,1.3779,1.3766,1.8048
29,20,0,0,7,0.3851,0.3577,0.5531,0.4993,0.4093,0.3728,0.4120,0.3607,0.3954,0.3582,0.7489,0.7480,0.7974,0.8139,0.7508,0.7503,0.7523,0.7520,0.7847,0.7831,5,0.3851,0,0.4310,0.3897,5,0.7489,0,0.7668,0.7695,1.7792
29,21,1,0,7,0.2298,0.2109,0.2625,0.2357,0.2398,0.2156,0.2777,0.2500,0.2737,0.2434,0.4478,0.4481,0.3933,0.3932,0.4410,0.4413,0.4397,0.4399,0.4079,0.4073,5,0.2298,0,0.2567,0.2311,5,0.3933,0,0.4259,0.4260,1.6593
29,22,0,0,7,0.2632,0.2406,0.2846,0.2509,0.2908,0.2657,0.2511,0.2271,0.2551,0.2283,0.4370,0.4360,0.4595,0.4584,0.4343,0.4345,0.4393,0.4385,0.4382,0.4369,5,0.2511,0,0.2690,0.2425,5,0.4343,0,0.4417,0.4409,1.6421
29,23,1,0,7,0.2934,0.2715,0.3267,0.2972,0.3361,0.2960,0.3398,0.3084,0.3032,0.2750,0.6247,0.6253,0.5242,0.5239,0.5761,0.5760,0.5764,0.5764,0.5741,0.5734,5,0.2934,0,0.3198,0.2896,5,0.5242,0,0.5751,0.5750,1.7981
29,24,0,0,7,0.2426,0.2233,0.2835,0.2545,0.2968,0.2692,0.2507,0.2243,0.2535,0.2269,0.4305,0.4302,0.4252,0.4246,2.1159,2.1142,0.4335,0.4332,0.4293,0.4279,5,0.2426,0,0.2654,0.2396,5,0.4252,1,0.4296,0.4290,1.6187
29,25,1,0,7,0.1750,0.1596,0.1886,0.1691,0.2009,0.1794,0.1762,0.1596,0.1771,0.1589,0.3221,0.3221,0.2900,0.2895,0.2829,0.2824,0.2928,0.2913,0.3220,0.3218,5,0.1750,0,0.1836,0.1653,5,0.2829,0,0.3020,0.3014,1.6450
29,26,0,0,7,0.1605,0.1487,0.1743,0.1674,0.1698,0.1516,0.1669,0.1477,0.1766,0.1620,0.2578,0.2576,0.2454,0.2450,0.2696,0.2693,0.2828,0.2818,0.2576,0.2568,5,0.1605,0,0.1696,0.1555,5,0.2454,0,0.2626,0.2621,1.5484
29,27,1,0,7,0.2008,0.1820,0.2394,0.2105,0.2082,0.1888,0.2052,0.1850,0.2045,0.1853,0.3497,0.3490,0.3252,0.3252,0.3731,0.3725,0.3416,0.3404,0.3491,0.3482,5,0.2008,0,0.2116,0.1903,5,0.3252,0,0.3477,0.3471,1.6432
29,28,0,0,7,0.1521,0.1386,0.1619,0.1449,0.1690,0.1526,0.1584,0.1417,0.1749,0.1548,0.2596,0.2637,0.2868,0.2879,0.2318,0.2304,0.2323,0.2312,0.2754,0.2755,5,0.1521,0,0.1633,0.1465,5,0.2318,0,0.2572,0.2577,1.5753
29,29,1,0,7,0.1910,0.1747,0.2754,0.2425,0.2107,0.1906,0.1926,0.1732,0.1910,0.1716,0.3151,0.3142,0.3388,0.3391,0.3142,0.3136,0.3543,0.3543,0.3194,0.3185,5,0.1910,0,0.2121,0.1905,5,0.3142,0,0.3284,0.3279,1.5478
29,3,1,0,7,0.4602,0.4152,0.7541,0.6932,0.5465,0.5002,0.5211,0.4666,0.4465,0.4062,0.8587,0.8494,0.8705,0.8717,0.9461,0.9443,0.9360,0.9331,0.8932,0.8937,5,0.4465,0,0.5457,0.4963,5,0.8587,0,0.9009,0.8984,1.6510
29,30,0,0,7,0.1445,0.1311,0.1665,0.1479,0.1505,0.1350,0.1509,0.1333,0.1520,0.1338,0.2177,0.2172,0.2094,0.2094,0.2584,0.2590,0.2262,0.2255,0.2168,0.2161,5,0.1445,0,0.1529,0.1362,5,0.2094,0,0.2257,0.2254,1.4763
29,31,1,0,7,0.2036,0.1693,0.2346,0.2117,0.1992,0.1799,0.1885,0.1708,0.1916,0.1723,0.3244,0.3239,0.3275,0.3120,0.3151,0.3148,0.3311,0.3308,0.3464,0.3448,5,0.1885,0,0.2035,0.1808,5,0.3151,0,0.3289,0.3253,1.6162
29,32,0,0,7,0.1794,0.1654,0.2593,0.2272,0.2090,0.1875,0.1853,0.1666,0.1985,0.1854,0.3246,0.3245,0.3249,0.3109,0.2959,0.2952,0.3391,0.3390,0.2996,0.2992,5,0.1794,0,0.2063,0.1864,5,0.2959,0,0.3168,0.3138,1.5357
29,33,1,1,7,0.6952,0.6467,1.1525,1.0498,0.6608,0.6021,0.6631,0.6145,0.6540,0.5935,1.4241,1.4242,1.4123,1.4060,1.4563,1.4552,1.4402,1.4407,1.4206,1.4202,5,0.6540,0,0.7651,0.7013,5,1.4123,0,1.4307,1.4293,1.8699
29,34,0,0,7,0.3299,0.3015,0.3624,0.3315,0.3435,0.3123,0.3274,0.2964,0.9886,0.7573,0.7331,0.7335,0.6325,0.6340,0.6161,0.6152,0.6580,0.6583,0.6554,0.6553,5,0.3274,1,0.3408,0.3104,5,0.6161,0,0.6590,0.6593,1.9337
29,35,1,0,7,0.2191,0.1818,0.2295,0.2093,0.2432,0.2038,0.2160,0.1949,0.4187,0.3630,0.3645,0.3646,0.3548,0.3530,0.3992,0.3986,0.3644,0.3637,0.3633,0.3621,5,0.2160,0,0.2653,0.2306,5,0.3548,0,0.3692,0.3684,1.3918
29,36,0,0,5,0.2892,0.2651,0.2075,0.1845,0.4629,0.3734,0.1821,0.1635,0.2228,0.1965,0.3377,0.3381,0.3244,0.3263,0.3028,0.3021,0.3068,0.3061,0.3463,0.3465,5,0.1821,0,0.2729,0.2366,5,0.3028,0,0.3236,0.3238,1.1858
29,37,1,0,5,0.3088,0.2835,0.2174,0.2011,0.3229,0.2833,0.1987,0.1786,0.2263,0.2023,0.3408,0.3404,0.3743,0.3291,0.3315,0.3306,0.3610,0.3609,0.3431,0.3421,5,0.1987,0,0.2548,0.2298,5,0.3315,0,0.3501,0.3406,1.3741
29,38,0,0,3,0.1592,0.1438,0.1603,0.1457,0.2351,0.2104,0.1516,0.1353,0.1612,0.1445,0.2264,0.2258,0.2176,0.2179,0.2604,0.2603,0.2252,0.2248,0.2257,0.2248,5,0.1516,0,0.1735,0.1559,5,0.2176,0,0.2311,0.2307,1.3319
29,39,1,0,4,0.1561,0.1405,0.1626,0.1460,0.2157,0.1944,0.1634,0.1456,0.1597,0.1427,0.2434,0.2424,0.2318,0.2307,0.2321,0.2317,0.2296,0.2287,0.2433,0.2418,5,0.1561,0,0.1715,0.1538,5,0.2296,0,0.2360,0.2351,1.3763
29,4,0,0,7,0.3303,0.3071,0.5883,0.5364,0.3916,0.3598,0.3972,0.3614,0.3429,0.3089,0.6572,0.6373,0.6547,0.6538,0.6735,0.6741,0.7115,0.7066,0.6426,0.6413,5,0.3303,0,0.4101,0.3747,5,0.6426,0,0.6679,0.6626,1.6288
29,40,0,0,1,0.1000,0.0895,0.1076,0.0935,0.1338,0.1176,0.5404,0.2208,0.1177,0.1037,0.1174,0.1176,0.1255,0.1258,0.1161,0.1154,0.1133,0.1130,0.1349,0.1347,5,0.1000,1,0.1148,0.1011,5,0.1133,0,0.1214,0.1213,1.0581
29,41,1,0,3,0.1474,0.1328,0.1591,0.1401,0.1851,0.1654,0.2158,0.1968,0.1495,0.1309,0.1986,0.1982,0.1782,0.1783,0.2054,0.2045,0.2408,0.2442,0.1984,0.1973,5,0.1474,0,0.1714,0.1532,5,0.1782,0,0.2043,0.2045,1.1920
29,42,0,0,1,0.1029,0.0930,0.1130,0.1050,0.1307,0.1150,0.2094,0.1845,0.1059,0.0929,0.1167,0.1202,0.1008,0.1029,0.1119,0.1150,0.1142,0.1182,0.1162,0.1194,5,0.1029,0,0.1324,0.1181,5,0.1008,0,0.1120,0.1151,0.8457
29,43,1,0,2,0.1316,0.1189,0.1329,0.1185,0.2106,0.1701,0.2288,0.1894,0.1304,0.1161,0.1940,0.1932,0.1647,0.1642,0.2278,0.2311,0.1939,0.1929,0.1944,0.1933,5,0.1304,0,0.1669,0.1426,5,0.1647,0,0.1950,0.1949,1.1684
29,44,0,0,1,0.0994,0.0889,0.1009,0.0887,0.1389,0.1225,0.2144,0.1879,0.1044,0.0891,0.1184,0.1217,0.1023,0.1045,0.1144,0.1177,0.1171,0.1203,0.1192,0.1225,5,0.0994,0,0.1316,0.1154,5,0.1023,0,0.1143,0.1173,0.8684
29,45,1,0,1,0.1235,0.1094,0.1371,0.1181,0.1781,0.1584,0.1951,0.1593,0.1229,0.1088,0.1796,0.1759,0.1337,0.1363,0.1595,0.1624,0.1616,0.1643,0.1694,0.1723,5,0.1229,0,0.1513,0.1308,5,0.1337,0,0.1608,0.1622,1.0622
29,5,1,0,7,0.3931,0.3661,0.6890,0.6288,0.4408,0.3909,0.4699,0.4274,0.4097,0.3712,0.8136,0.8135,0.7673,0.7680,0.8697,0.8664,0.8527,0.8501,0.8220,0.8217,5,0.3931,0,0.4805,0.4369,5,0.7673,0,0.8251,0.8239,1.7171
29,6,0,0,7,0.2987,0.2766,0.5288,0.4804,0.3819,0.3371,0.3266,0.2976,0.3123,0.2833,0.5857,0.6017,0.5975,0.5966,0.6306,0.6287,0.5606,0.5571,0.6127,0.6132,5,0.2987,0,0.3697,0.3350,5,0.5606,0,0.5974,0.5995,1.6161
29,7,1,0,7,1.3655,0.7202,0.7702,0.7050,0.5266,0.4760,0.4964,0.4484,0.4854,0.4415,0.9463,0.9547,0.9682,0.9666,1.0434,1.0412,1.1697,1.1683,0.9881,0.9882,5,0.4854,0,0.7288,0.5582,5,0.9463,0,1.0231,1.0238,1.4038
29,8,0,0,7,0.3085,0.2901,0.3709,0.3355,0.2492,0.2228,0.2334,0.2111,0.4059,0.3668,0.4132,0.4127,0.4065,0.4070,0.4578,0.4578,0.4268,0.4258,0.4161,0.4147,5,0.2334,0,0.3136,0.2853,5,0.4065,0,0.4241,0.4236,1.3524
29,9,1,0,7,0.2471,0.2219,0.3216,0.2973,0.2214,0.2018,0.2594,0.2344,0.3581,0.3292,0.3659,0.3651,49.5016,49.5017,0.5358,0.5323,0.3697,0.3687,0.4076,0.4081,5,0.2214,0,0.2815,0.2569,5,0.3659,1,0.4198,0.4185,1.4910
3,0,0,0,7,0.3117,0.3005,0.3388,0.3064,0.3036,0.3022,0.3388,0.2854,0.2945,0.2666,0.5240,0.5175,0.6637,0.6645,0.6396,0.6362,0.5852,0.5838,0.5901,0.5869,5,0.2945,0,0.3175,0.2922,5,0.5240,0,0.6005,0.5978,1.8915
3,1,1,0,7,1.5926,1.4626,1.0360,0.9458,1.1808,1.0984,2.1967,1.8679,1.0579,0.9608,2.0689,2.0694,2.2275,2.2278,2.2240,2.2217,2.1064,2.0946,2.4433,2.4365,5,1.0360,0,1.4128,1.2671,5,2.0689,0,2.2140,2.2100,1.5671
3,10,0,0,7,0.2331,0.2144,0.2514,0.2226,0.4219,0.3850,0.2405,0.2152,0.2706,0.2444,0.4511,0.4439,0.5599,0.5609,0.5997,0.6102,0.5228,0.5200,0.5141,0.5129,5,0.2331,0,0.2835,0.2563,5,0.4511,0,0.5295,0.5296,1.8678
3,11,1,0,7,0.2132,0.1966,0.2610,0.2358,0.3953,0.3490,0.2140,0.1927,0.2532,0.2281,0.3503,0.3502,0.3502,0.3493,0.4468,0.4426,0.3905,0.3867,0.3664,0.3653,5,0.2132,0,0.2673,0.2404,5,0.3502,0,0.3808,0.3788,1.4246
3,12,0,0,7,0.2921,0.2696,0.3023,0.2734,0.3669,0.3270,0.2994,0.2702,0.3355,0.3034,0.6755,0.5850,0.6840,0.6853,0.7323,0.7303,0.6378,0.6356,0.5948,0.5946,5,0.2921,0,0.3192,0.2887,5,0.5948,0,0.6649,0.6462,2.0827
3,13,1,0,7,0.2082,0.2012,0.2123,0.1908,0.2850,0.2561,0.2082,0.1871,0.2445,0.2498,0.3458,0.3386,0.3332,0.3323,1.8536,1.8464,0.4723,0.4687,0.3525,0.3515,5,0.2082,0,0.2316,0.2170,5,0.3332,1,0.3760,0.3728,1.6230
3,14,0,0,7,0.2696,0.2469,0.2764,0.2478,0.3873,0.3449,0.2734,0.2472,0.2805,0.2517,0.5267,0.5280,0.6307,0.6311,0.6809,0.7174,0.6184,0.6160,0.5433,0.5430,5,0.2696,0,0.2974,0.2677,5,0.5267,0,0.6000,0.6071,2.0172
3,15,1,1,7,0.9199,0.8558,0.9499,0.8663,1.2644,1.1564,0.9757,0.8860,0.9537,0.8719,2.0047,2.0046,2.2293,2.2289,2.4063,2.3579,2.1270,2.1213,2.0700,2.0669,5,0.9199,0,1.0127,0.9273,5,2.0047,0,2.1675,2.1559,2.1402
3,16,0,0,7,0.2597,0.2360,0.2565,0.2313,0.3400,0.3086,0.2923,0.2641,0.2597,0.2319,0.4475,0.4471,0.6609,0.5755,0.5524,0.5418,0.5255,0.5198,0.4682,0.4679,5,0.2565,0,0.2816,0.2544,5,0.4475,0,0.5309,0.5104,1.8850
3,17,1,0,7,0.1987,0.1822,0.2045,0.1818,0.3679,0.3385,0.2364,0.2128,0.2029,0.1828,0.3627,0.3637,0.4462,0.4126,0.5283,0.5121,0.4186,0.4078,0.3884,0.3881,5,0.1987,0,0.2421,0.2196,5,0.3627,0,0.4288,0.4169,1.7715
3,18,0,1,7,1.6372,1.5214,1.5875,1.4530,1.6847,1.5358,1.5917,1.4620,1.5725,1.4393,3.3824,3.3821,3.6628,3.6938,3.9203,3.9070,3.7726,3.7621,3.4728,3.4697,5,1.5725,0,1.6147,1.4823,5,3.3824,0,3.6422,3.6429,2.2556
3,19,1,0,7,0.3343,0.3065,0.3043,0.2742,0.3664,0.3308,0.3262,0.2951,0.4349,0.3951,0.5881,0.5477,0.5272,0.5233,0.6023,0.5994,0.6720,0.6655,0.5828,0.5823,5,0.3043,0,0.3532,0.3203,5,0.5272,0,0.5945,0.5836,1.6830
3,2,0,0,7,0.8934,0.8313,0.8797,0.8013,1.1544,1.0442,1.0235,0.9209,1.4662,1.3560,1.7815,1.7818,1.9495,1.9298,1.7821,1.7793,1.8127,1.8009,1.7809,1.7757,5,0.8797,0,1.0834,0.9907,5,1.7809,0,1.8213,1.8135,1.6811
3,20,0,0,7,0.3481,0.3216,0.3605,0.3267,0.3273,0.2959,0.3235,0.2928,0.6612,0.5958,0.5341,0.5350,50.7285,0.7317,0.6327,0.6306,0.6648,0.6492,0.5268,0.5253,5,0.3235,0,0.4041,0.3666,5,0.5268,1,0.5896,0.5850,1.4590
3,21,1,0,7,0.2775,0.2538,0.4003,0.3590,0.2748,0.2543,0.2783,0.2510,0.3329,0.2935,0.5275,0.5290,0.6523,0.6467,0.5381,0.4882,0.5084,0.5060,0.6022,0.5940,5,0.2748,0,0.3128,0.2823,5,0.5084,0,0.5657,0.5528,1.8087
3,22,0,0,7,0.2150,0.2032,0.2188,0.1904,0.2068,0.1851,0.2648,0.2392,0.4129,0.3645,0.3849,0.3417,0.3914,0.3493,0.3923,0.3772,0.4182,0.4146,0.3526,0.3519,5,0.2068,0,0.2637,0.2365,5,0.3526,0,0.3879,0.3669,1.4711
3,23,1,0,7,0.2333,0.2123,0.2404,0.2147,0.2353,0.2116,0.4611,0.4289,0.4052,0.3656,0.4362,0.4315,0.8457,0.8375,0.5028,0.5000,0.4970,0.4892,0.4701,0.4698,5,0.2333,0,0.3151,0.2866,5,0.4362,0,0.5504,0.5456,1.7468
3,24,0,0,7,0.1859,0.1703,0.1898,0.1708,0.1866,0.1675,0.2931,0.2635,0.3004,0.2701,0.3155,0.2967,0.4004,0.3818,0.4533,0.4512,0.3643,0.3473,0.4415,0.4384,5,0.1859,0,0.2312,0.2084,5,0.3155,0,0.3950,0.3831,1.7088
3,25,1,0,7,0.1897,0.1736,0.2050,0.1840,0.1910,0.1715,0.2976,0.2676,0.3260,0.2916,0.3504,0.3499,0.4180,0.4160,0.3974,0.3932,0.3738,0.3636,0.3797,0.3805,5,0.1897,0,0.2419,0.2177,5,0.3504,0,0.3839,0.3806,1.5871
3,26,0,0,7,0.1673,0.1540,0.1713,0.1535,0.1698,0.1522,0.2677,0.2411,0.2929,0.2576,0.2628,0.2624,0.2778,0.2773,0.3433,0.3418,0.3418,0.3398,0.2799,0.2788,5,0.1673,0,0.2138,0.1917,5,0.2628,0,0.3011,0.3000,1.4084
3,27,1,0,7,0.1384,0.1240,0.1403,0.1250,0.1530,0.1367,0.1644,0.1344,0.1435,0.1277,0.2201,0.2208,0.2892,0.2875,0.2453,0.2415,0.2561,0.2434,0.2200,0.2187,5,0.1384,0,0.1479,0.1296,5,0.2200,0,0.2461,0.2424,1.6640
3,28,0,0,7,0.1743,0.1595,0.1927,0.1730,0.2108,0.1886,0.1773,0.1592,0.1853,0.1640,0.2875,0.2871,0.3789,0.3774,0.4045,0.3863,0.3992,0.3775,0.3352,0.3338,5,0.1743,0,0.1881,0.1689,5,0.2875,0,0.3611,0.3524,1.9197
3,29,1,0,7,0.1286,0.1143,0.1387,0.1193,0.1274,0.1127,0.1294,0.1147,0.1327,0.1177,0.2076,0.2169,0.1860,0.1861,0.2591,0.2521,0.2550,0.2533,0.1869,0.1864,5,0.1274,0,0.1314,0.1157,5,0.1860,0,0.2189,0.2190,1.6666
3,3,1,0,7,0.7010,0.6515,0.8034,0.7289,1.1034,1.0031,0.7402,0.6732,1.0114,0.9207,1.4739,1.4739,1.6913,1.6799,1.6552,1.6538,1.6040,1.5936,1.4773,1.4724,5,0.7010,0,0.8719,0.7955,5,1.4739,0,1.5803,1.5747,1.8126
3,30,0,0,7,0.1615,0.1473,0.1641,0.1469,0.1627,0.1460,0.1668,0.1492,0.1678,0.1499,0.2888,0.2815,0.2747,0.2743,0.3417,0.3117,0.3322,0.3080,0.2761,0.2751,5,0.1615,0,0.1646,0.1479,5,0.2747,0,0.3027,0.2901,1.8392
3,31,1,0,7,0.1252,0.1132,0.1288,0.1140,0.1254,0.1113,0.1286,0.1145,0.1380,0.1227,0.1949,0.1956,0.2798,0.2807,0.2503,0.2467,0.2178,0.2137,0.1822,0.1816,5,0.1252,0,0.1292,0.1151,5,0.1822,0,0.2250,0.2237,1.7415
3,32,0,0,7,0.1607,0.1463,0.1702,0.1521,0.1611,0.1441,0.1640,0.1470,0.1671,0.1492,0.2650,0.2644,0.2905,0.2896,0.4398,0.4350,0.3537,0.3493,0.3112,0.3094,5,0.1607,0,0.1646,0.1477,5,0.2650,0,0.3320,0.3295,2.0170
3,33,1,0,7,0.1421,0.1330,0.1277,0.1132,0.1258,0.1118,0.1284,0.1137,0.1326,0.1161,0.1798,0.1787,0.1816,0.1815,0.2303,0.2201,0.2377,0.2345,0.1843,0.1841,5,0.1258,0,0.1313,0.1176,5,0.1798,0,0.2027,0.1998,1.5439
3,34,0,0,7,0.1607,0.1462,0.1633,0.1458,0.1587,0.1428,0.1628,0.1453,0.1659,0.1485,0.3122,0.3122,0.2713,0.2710,0.3381,0.3347,0.3347,0.3298,0.2736,0.2728,5,0.1587,0,0.1623,0.1457,5,0.2713,0,0.3060,0.3041,1.8855
3,4,0,0,7,0.6969,0.6604,0.7100,0.6520,0.7410,0.6792,0.7365,0.6682,1.2153,1.0956,1.5125,1.5150,1.5160,1.5487,1.5655,1.5580,2.0179,2.0090,1.4842,1.4825,5,0.6969,0,0.8199,0.7511,5,1.4842,0,1.6192,1.6226,1.9748
3,5,1,0,7,0.6744,0.6222,0.6854,0.6321,0.6743,0.6160,0.8854,0.7917,0.8326,0.7530,57.0748,57.0753,1.5949,1.5949,1.5478,1.5439,1.5881,1.5819,1.4276,1.4286,5,0.6743,0,0.7504,0.6830,5,1.4276,1,1.5396,1.5373,2.0517
3,6,0,0,7,0.4453,0.4107,0.6792,0.6179,0.4495,0.4051,0.4623,0.4199,0.4974,0.4477,0.9706,0.9866,0.9836,0.9846,0.9407,0.8976,0.9960,0.9924,0.8989,0.8985,5,0.4453,0,0.5067,0.4603,5,0.8989,0,0.9580,0.9519,1.8904
3,7,1,0,7,0.3752,0.3446,0.3962,0.3575,0.6589,0.4297,0.4065,0.3673,0.5218,0.4846,0.7375,0.7379,0.7362,0.7372,0.7819,0.7773,0.8853,0.8821,0.7389,0.7385,5,0.3752,0,0.4717,0.3967,5,0.7362,0,0.7760,0.7746,1.6450
3,8,0,0,7,0.4164,0.3858,0.4438,0.4031,0.5373,0.4871,0.4319,0.3900,0.6882,0.6204,0.8817,0.8825,1.0535,1.0440,1.0457,1.0430,0.8685,0.8660,0.9878,0.9847,5,0.4164,0,0.5035,0.4573,5,0.8685,0,0.9674,0.9640,1.9214
3,9,1,0,7,0.3268,0.2999,0.3302,0.2949,0.4851,0.4288,0.3307,0.2925,0.4181,0.3589,0.5527,0.5254,0.5642,0.5605,52.7865,52.7609,0.5750,0.5637,0.5431,0.5439,5,0.3268,0,0.3782,0.3350,5,0.5431,1,0.5587,0.5484,1.4775
4,0,0,0,7,0.3380,0.3127,0.2592,0.2340,0.2748,0.2479,0.2621,0.2385,0.5060,0.4555,0.4746,0.4748,0.4865,0.4818,0.6522,0.6466,0.5417,0.5396,0.4970,0.4767,5,0.2592,0,0.3280,0.2977,5,0.4746,0,0.5304,0.5239,1.6170
4,1,1,0,7,0.3227,0.2956,0.3204,0.2852,0.4092,0.3403,0.3122,0.2832,0.4201,0.3678,0.5804,0.5787,0.6009,0.5803,0.7092,0.6867,0.5965,0.5924,0.5685,0.5674,5,0.3122,0,0.3569,0.3144,5,0.5685,0,0.6111,0.6011,1.7121
4,10,0,0,7,0.5509,0.5112,0.3902,0.3496,0.3749,0.3413,0.3749,0.3411,0.3838,0.3668,0.6349,0.6348,0.7716,0.7695,0.8032,0.7914,0.7191,0.7096,0.6355,0.0721,5,0.3749,0,0.4149,0.3820,5,0.6349,0,0.7129,0.5955,1.7180
4,11,1,0,7,0.4436,0.4067,0.2777,0.2514,0.2802,0.2544,0.2787,0.2569,0.3061,0.2767,0.5381,0.5388,0.5358,0.5314,0.5725,0.5621,0.5671,0.5540,54.8479,55.4064,5,0.2777,0,0.3173,0.2892,5,0.5358,1,0.5534,0.5466,1.7442
4,12,0,0,7,0.3260,0.2928,0.2615,0.2361,0.2630,0.2384,0.3027,0.2755,0.2958,0.2670,0.4527,0.4521,0.5192,0.5154,0.5511,0.5376,0.5881,0.5901,0.5993,0.5978,5,0.2615,0,0.2898,0.2620,5,0.4527,0,0.5421,0.5386,1.8705
4,13,1,0,7,0.2870,0.2653,0.2568,0.2331,0.2665,0.2338,0.2638,0.2271,0.3640,0.3408,0.4517,0.4302,0.4867,0.4836,0.5455,0.5429,0.4355,0.4353,0.4568,0.4559,5,0.2568,0,0.2876,0.2600,5,0.4355,0,0.4752,0.4696,1.6523
4,14,0,0,7,0.2504,0.2214,0.2111,0.1879,0.2053,0.1829,0.2017,0.1832,0.3157,0.2824,0.3351,0.3365,0.3683,0.3658,0.4209,0.4140,0.5234,0.3833,0.4424,0.4429,5,0.2017,0,0.2368,0.2116,5,0.3351,0,0.4180,0.3885,1.7650
4,15,1,0,7,0.4365,0.3678,0.2459,0.2200,0.2908,0.2630,0.2353,0.2135,0.3735,0.3375,0.4048,0.4047,0.4900,0.4912,0.4735,0.4715,0.4186,0.4194,0.4317,0.4308,5,0.2353,0,0.3164,0.2804,5,0.4048,0,0.4437,0.4435,1.4024
4,16,0,0,7,0.2478,0.2167,0.1825,0.1638,0.2233,0.1964,0.1756,0.1584,0.2638,0.2370,0.3766,0.3776,0.3906,0.4084,0.3280,0.3181,0.3210,0.3197,0.2868,0.2943,5,0.1756,0,0.2186,0.1945,5,0.2868,0,0.3406,0.3436,1.5581
4,17,1,0,7,0.1946,0.1798,0.1859,0.1666,0.1924,0.1736,0.1990,0.1789,0.2115,0.1798,0.2982,0.2977,0.3008,0.2995,0.3762,0.3728,0.3883,0.3883,0.3922,0.3925,5,0.1859,0,0.1967,0.1757,5,0.2982,0,0.3511,0.3502,1.7853
4,18,0,0,7,0.1652,0.1532,0.1650,0.1492,0.1683,0.1504,0.1612,0.1455,0.1777,0.1593,0.2480,0.2472,0.2960,0.2963,0.3140,0.3101,0.2714,0.2539,0.2606,0.2601,5,0.1612,0,0.1675,0.1515,5,0.2480,0,0.2780,0.2735,1.6599
4,19,1,0,7,0.1472,0.1348,0.1537,0.1369,0.1535,0.1368,0.1533,0.1360,0.1842,0.1655,0.2738,0.2547,0.2962,0.2977,0.2646,0.2555,0.2224,0.2223,0.2328,0.2316,5,0.1472,0,0.1584,0.1420,5,0.2224,0,0.2580,0.2524,1.6287
4,2,0,1,7,1.3023,1.2015,1.0412,0.9517,1.2929,1.1881,1.0131,0.9242,1.2184,1.1031,2.1162,2.1155,2.1665,2.1655,2.4459,2.4054,2.3191,2.2812,2.1752,2.1723,5,1.0131,0,1.1736,1.0737,5,2.1162,0,2.2446,2.2280,1.9126
4,20,0,0,7,0.1285,0.1173,0.1375,0.1196,0.1596,0.1262,0.1319,0.1183,0.1360,0.1211,0.1854,0.1855,0.1824,0.1825,0.2689,0.2648,0.2083,0.2041,0.2804,0.2855,5,0.1285,0,0.1387,0.1205,5,0.1824,0,0.2251,0.2245,1.6228
4,21,1,0,7,0.1322,0.1205,0.2057,0.1835,0.1825,0.1417,0.1452,0.1306,0.2616,0.2164,0.1930,0.1925,0.1958,0.1949,56.2988,0.3086,0.2477,0.2505,0.2112,0.2099,5,0.1322,0,0.1854,0.1585,5,0.1930,1,0.2119,0.2119,1.1428
4,22,0,0,7,0.1290,0.1157,0.2024,0.1728,0.1615,0.1262,0.1291,0.1156,0.1516,0.1338,0.1787,0.1781,0.1822,0.1819,0.2859,0.2663,0.1729,0.1753,0.2058,0.2049,5,0.1290,0,0.1547,0.1328,5,0.1729,0,0.2051,0.2013,1.3256
4,23,1,0,7,0.1303,0.1288,0.2039,0.1789,0.1463,0.3000,0.1327,0.1188,0.1412,0.1236,0.1857,0.1877,0.2407,0.2128,0.2796,0.2711,0.1839,0.1860,0.2394,0.2388,5,0.1303,0,0.1509,0.1700,5,0.1839,0,0.2259,0.2193,1.4970
4,24,0,0,7,0.1258,0.1151,0.1964,0.1711,0.1335,0.1187,0.1266,0.1147,0.1313,0.1167,0.2241,0.2046,0.1994,0.2030,0.2218,0.2125,0.1707,0.1729,0.2582,0.2618,5,0.1258,0,0.1427,0.1273,5,0.1707,0,0.2148,0.2110,1.5053
4,25,1,0,7,0.1303,0.1191,0.2561,0.1736,0.1365,0.1214,0.1441,0.1185,0.1363,0.1211,0.1872,0.1903,0.1873,0.1899,0.3344,0.2827,0.2160,0.2008,0.2358,0.2389,5,0.1303,0,0.1607,0.1307,5,0.1872,0,0.2321,0.2205,1.4449
4,3,1,0,7,1.0767,0.9986,0.9534,0.8662,0.9979,0.9145,0.9358,0.8542,1.0888,0.9949,1.9706,1.9704,2.0944,2.0863,2.3213,2.3145,59.2186,59.2189,2.0900,2.0820,5,0.9358,0,1.0105,0.9257,5,1.9706,1,2.1191,2.1133,2.0970
4,4,0,1,7,2.7224,2.5245,2.0705,1.8947,2.0873,1.9039,2.3397,2.1403,2.2079,2.0211,4.4490,4.4460,4.5257,4.5233,4.9833,4.9482,4.5286,4.5176,4.6781,4.6692,5,2.0705,0,2.2856,2.0969,5,4.4490,0,4.6329,4.6209,2.0270
4,5,1,0,7,0.6501,0.6052,0.5766,0.5168,0.5788,0.5246,0.5787,0.5266,0.6285,0.5669,1.0612,1.0632,1.1969,1.2392,1.2498,1.2383,1.2849,1.2684,1.0995,1.0999,5,0.5766,0,0.6025,0.5480,5,1.0612,0,1.1785,1.1818,1.9558
4,6,0,0,7,0.2910,0.2690,0.2896,0.2612,0.2882,0.2601,0.2972,0.2689,0.2704,0.2447,0.4633,0.4654,0.5206,0.5183,0.5673,0.5619,0.4836,0.4786,0.4922,0.4922,5,0.2704,0,0.2873,0.2608,5,0.4633,0,0.5054,0.5033,1.7593
4,7,1,0,7,0.4957,0.4659,0.4900,0.4448,0.4854,0.4435,0.5516,0.4965,0.4652,0.4233,0.9213,0.8698,1.0102,1.0085,1.0635,1.0602,0.9411,0.9358,0.9292,0.9301,5,0.4652,0,0.4976,0.4548,5,0.9213,0,0.9731,0.9609,1.9556
4,8,0,1,7,1.9850,1.8536,2.4353,2.2299,2.8264,2.5964,2.0722,1.8882,2.0402,1.8606,4.2414,4.2405,5.0953,5.0284,5.1185,5.1113,4.8135,4.7987,4.3319,4.3283,5,1.9850,0,2.2718,2.0857,5,4.2414,0,4.7201,4.7014,2.0777
4,9,1,0,7,0.5110,0.4743,0.6401,0.6232,0.4756,0.4242,0.3844,0.3486,0.4026,0.3802,0.6467,0.6334,0.8330,0.8375,0.7846,0.7783,0.7800,0.7785,0.6800,0.6807,5,0.3844,0,0.4827,0.4501,5,0.6467,0,0.7449,0.7417,1.5430
5,0,0,0,7,0.2194,0.2022,0.2898,0.2528,0.2272,0.2048,0.2169,0.1944,0.2211,0.1979,0.3471,0.3466,0.3635,0.3642,0.4662,0.4572,0.3719,0.3694,0.4169,0.4154,5,0.2169,0,0.2349,0.2104,5,0.3471,0,0.3931,0.3906,1.6737
5,1,1,0,7,0.4082,0.3791,0.4889,0.4358,0.4459,0.4088,0.4068,0.3690,0.4257,0.3924,57.4959,0.8136,0.8197,0.8121,6.0935,6.0168,0.8873,0.8877,0.8275,0.8272,5,0.4068,0,0.4351,0.3970,5,0.8197,2,0.8448,0.8423,1.9417
5,10,0,0,7,0.3528,0.3242,0.3757,0.3394,0.6487,0.5786,0.5205,0.4711,0.3592,0.3234,0.6938,0.6914,0.7719,0.7703,0.6654,0.6641,0.7187,0.7198,0.7045,0.7051,5,0.3528,0,0.4514,0.4073,5,0.6654,0,0.7109,0.7101,1.5749
5,11,1,0,7,0.3110,0.2866,0.3500,0.3167,0.6599,0.5827,0.3548,0.3201,0.3427,0.3028,0.5811,0.5794,0.6876,0.6853,0.6256,0.6255,0.6448,0.6094,0.6389,0.6368,5,0.3110,0,0.4037,0.3618,5,0.5811,0,0.6356,0.6273,1.5745
5,12,0,1,7,3.2055,2.9846,3.7198,3.4295,4.2477,3.8801,2.9052,2.6525,2.8885,2.6327,6.2213,6.2185,6.7830,6.7795,6.3245,6.3153,59.1709,59.1653,6.6404,6.6325,5,2.8885,0,3.3933,3.1159,5,6.2213,1,6.4923,6.4864,1.9132
5,13,1,0,7,0.3921,0.3578,0.3780,0.3401,0.4230,0.3837,0.3801,0.3423,0.3881,0.3493,0.6574,0.6750,0.7462,0.7671,0.6787,0.6791,0.7358,0.7315,0.6709,0.6720,5,0.3780,0,0.3923,0.3546,5,0.6574,0,0.6978,0.7049,1.7789
5,14,0,0,7,0.4096,0.3775,0.3760,0.3716,0.4475,0.4153,0.3493,0.3188,0.3826,0.3464,0.6941,0.6945,0.7360,0.7341,0.6821,0.6829,0.7289,0.7278,0.6588,0.6577,5,0.3493,0,0.3930,0.3659,5,0.6588,0,0.7000,0.6994,1.7811
5,15,1,0,7,0.4835,0.4500,0.4716,0.4289,0.5330,0.4530,0.4669,0.4130,0.5115,0.3818,0.9333,0.9336,1.0058,1.0042,0.9118,0.9104,1.0381,1.0087,0.9439,0.9439,5,0.4669,0,0.4933,0.4253,5,0.9118,0,0.9666,0.9602,1.9594
5,16,0,0,7,0.4111,0.3752,0.3594,0.3231,0.3456,0.3128,0.3383,0.3027,0.4027,0.3709,0.6445,0.6434,0.7983,0.7952,0.6667,0.6663,0.6905,0.6867,0.6863,0.6859,5,0.3383,0,0.3714,0.3369,5,0.6445,0,0.6973,0.6955,1.8773
5,17,1,0,7,0.3770,0.3588,0.3727,0.3397,0.4382,0.3874,0.3625,0.3303,0.3890,0.3521,0.7619,0.7614,0.7795,0.7802,0.7629,0.7631,0.8406,0.8239,0.8607,0.8574,5,0.3625,0,0.3879,0.3537,5,0.7619,0,0.8011,0.7972,2.0654
5,18,0,0,7,0.3592,0.3234,0.3381,0.3059,0.3584,0.3270,0.3320,0.3010,0.3455,0.3087,0.6841,0.6843,0.7045,0.7054,0.6856,0.6863,0.6635,0.6604,0.6670,0.6655,5,0.3320,0,0.3466,0.3132,5,0.6635,0,0.6809,0.6804,1.9644
5,19,1,0,7,0.3760,0.3468,0.3578,0.3255,0.3561,0.3229,0.3949,0.3592,0.3981,0.3523,0.7057,0.7046,0.6871,0.6867,0.6759,0.6749,0.7178,0.7047,0.6965,0.6962,5,0.3561,0,0.3766,0.3413,5,0.6759,0,0.6966,0.6934,1.8498
5,2,0,0,7,3.1616,2.9454,2.9772,2.7210,3.0662,2.8030,3.0638,2.8018,3.0696,2.8075,6.9898,6.9765,6.5548,6.5528,7.2678,7.2295,7.0827,7.0793,7.9837,7.9790,5,2.9772,0,3.0677,2.8157,5,6.5548,0,7.1758,7.1634,2.3391
5,20,0,0,7,0.3294,0.2880,0.2972,0.2655,0.3142,0.2799,0.2934,0.2756,0.3420,0.3101,0.5536,0.5527,0.5997,0.5997,0.6029,0.6026,0.5779,0.5790,0.5930,0.5931,5,0.2934,0,0.3152,0.2838,5,0.5536,0,0.5854,0.5854,1.8571
5,21,1,0,7,0.2629,0.2417,0.2340,0.2114,0.2681,0.2419,0.2505,0.2203,0.3092,0.2794,0.4558,0.4566,0.4260,0.4255,0.4222,0.4208,0.4202,0.4167,0.4210,0.4202,5,0.2340,0,0.2649,0.2389,5,0.4202,0,0.4290,0.4280,1.6194
5,22,0,0,7,0.2867,0.2638,0.2593,0.2343,0.2987,0.2679,0.2906,0.2625,0.2944,0.2648,0.4776,0.4769,0.5235,0.5235,0.5183,0.5174,0.4818,0.4962,0.5232,0.5226,5,0.2593,0,0.2859,0.2587,5,0.4776,0,0.5049,0.5073,1.7657
5,23,1,0,7,0.2449,0.2259,0.2157,0.1943,0.2975,0.2682,0.2582,0.2396,0.2459,0.2216,0.3788,0.3780,0.4600,0.4570,0.3694,0.3687,0.3551,0.3550,0.4941,0.4909,5,0.2157,0,0.2524,0.2299,5,0.3551,0,0.4115,0.4099,1.6300
5,24,0,0,7,0.2340,0.2151,0.2041,0.1846,0.2557,0.2298,0.2519,0.2285,0.2398,0.2154,0.3623,0.3625,0.4675,0.4680,0.3719,0.3726,0.3357,0.3319,0.3829,0.3843,5,0.2041,0,0.2371,0.2147,5,0.3357,0,0.3841,0.3839,1.6198
5,25,1,0,7,0.2822,0.2640,0.2824,0.2527,0.6092,0.5506,0.3172,0.2813,0.3109,0.2811,0.4971,0.4960,0.5884,0.5867,0.5144,0.5131,0.5220,0.5227,0.5084,0.5076,5,0.2822,0,0.3604,0.3259,5,0.4971,0,0.5261,0.5252,1.4597
5,26,0,0,7,0.1777,0.1623,0.1833,0.1647,0.3381,0.3056,0.2155,0.1938,0.2143,0.1921,0.3401,0.3410,0.3324,0.3328,0.3079,0.3067,0.3110,0.2985,0.3877,0.3613,5,0.1777,0,0.2258,0.2037,5,0.3079,0,0.3358,0.3281,1.4874
5,27,1,0,7,0.1953,0.1793,0.2029,0.1821,0.3679,0.3332,0.2347,0.2109,0.2333,0.2099,0.3506,0.3500,0.5425,0.5395,0.3728,0.3726,0.3526,0.3511,53.0215,0.3845,5,0.1953,0,0.2468,0.2231,5,0.3506,1,0.4046,0.4033,1.6394
5,28,0,0,7,0.3042,0.2797,0.1834,0.1649,0.2049,0.1733,0.2061,0.1751,0.2004,0.1799,0.2659,0.2656,0.3168,0.3179,0.2672,0.2669,0.2735,0.2778,0.3364,0.3343,5,0.1834,0,0.2198,0.1946,5,0.2659,0,0.2920,0.2925,1.3283
5,29,1,0,7,0.3080,0.2840,0.2715,0.2381,0.3205,0.2879,0.4925,0.4307,0.2989,0.2698,0.5138,0.5135,0.4867,0.4863,0.5122,0.5130,0.4757,0.4715,0.6133,0.5914,5,0.2715,0,0.3383,0.3021,5,0.4757,0,0.5203,0.5151,1.5382
5,3,1,0,7,1.9872,1.8550,1.6481,1.5076,2.6718,2.4578,1.5711,1.4276,1.5533,1.4188,3.3472,3.3429,3.3005,3.2853,3.5445,3.5195,3.5088,3.5246,3.7612,3.7590,5,1.5533,0,1.8863,1.7334,5,3.3005,0,3.4924,3.4863,1.8515
5,30,0,0,7,0.2028,0.1845,0.2030,0.1806,0.2307,0.2040,0.3725,0.3412,0.2333,0.2095,0.3352,0.3346,0.3674,0.3662,0.3606,0.4022,0.3578,0.3574,0.3536,0.3497,5,0.2028,0,0.2485,0.2240,5,0.3352,0,0.3549,0.3620,1.4285
5,31,1,1,6,0.4144,0.3840,0.4212,0.3815,0.4436,0.3998,0.5753,0.4842,0.4770,0.4304,0.8873,0.8870,0.9396,0.9383,1.0508,1.0488,0.8639,0.8586,0.9108,0.9105,5,0.4144,0,0.4663,0.4160,5,0.8639,0,0.9305,0.9286,1.9955
5,32,0,0,6,0.2849,0.2001,0.1496,0.1342,0.1586,0.1400,0.1864,0.1702,0.1962,0.1850,0.2206,0.2202,0.2332,0.2515,0.2198,0.2195,0.2408,0.2392,0.2224,0.2216,5,0.1496,0,0.1951,0.1659,5,0.2198,0,0.2274,0.2304,1.1651
5,33,1,0,5,0.2436,0.2268,0.1743,0.1562,0.1731,0.1551,0.2698,0.2316,0.2480,0.2166,0.2900,0.2944,0.2613,0.2606,0.2784,0.2817,0.2538,0.2509,0.2636,0.2629,5,0.1731,0,0.2218,0.1973,5,0.2538,0,0.2694,0.2701,1.2149
5,34,0,0,6,0.1734,0.1697,0.1438,0.1278,0.1516,0.1319,0.1565,0.1379,0.2132,0.1898,0.2225,0.2211,0.3122,0.3087,0.2596,0.2565,0.2177,0.2183,0.2586,0.2586,5,0.1438,0,0.1677,0.1514,5,0.2177,0,0.2541,0.2526,1.5153
5,35,1,0,4,0.2114,0.1950,0.1618,0.1444,0.1684,0.1509,0.1939,0.1697,0.2383,0.2088,0.2559,0.2554,0.3529,0.3515,0.2400,0.2404,0.2590,0.2571,0.4376,0.4341,5,0.1618,0,0.1948,0.1738,5,0.2400,0,0.3091,0.3077,1.5870
5,36,0,0,6,0.2333,0.2118,0.1675,0.1481,0.2327,0.1974,0.1703,0.1504,0.2575,0.2568,0.2727,0.2722,0.2668,0.2665,0.2437,0.2432,0.2536,0.2573,0.2624,0.2616,5,0.1675,0,0.2123,0.1929,5,0.2437,0,0.2598,0.2602,1.2242
5,37,1,0,3,0.1866,0.1707,0.1477,0.1318,0.2827,0.2668,0.1496,0.1337,0.2168,0.1864,0.2734,0.2772,0.2254,0.2253,51.3953,51.3986,0.1955,0.1979,0.2345,0.2327,5,0.1477,0,0.1967,0.1779,5,0.1955,1,0.2322,0.2333,1.1806
5,38,0,0,5,0.2295,0.2062,0.1860,0.1669,0.2118,0.1897,0.2299,0.2058,0.2401,0.2098,0.3055,0.3040,0.2969,0.2964,0.5193,0.5216,0.2549,0.2534,0.2716,0.2703,5,0.1860,0,0.2195,0.1957,5,0.2549,0,0.3296,0.3291,1.5021
5,39,1,0,1,0.1673,0.1476,0.1169,0.1012,0.1227,0.1088,0.1219,0.1064,0.1124,0.0990,0.1305,0.1297,0.1503,0.1303,0.5631,0.1492,0.1164,0.1188,0.1408,0.1402,5,0.1124,0,0.1282,0.1126,5,0.1164,1,0.1345,0.1298,1.0488
5,4,0,0,7,2.5880,2.4191,1.4413,1.3150,1.5408,1.3926,1.9152,1.7224,1.4460,1.3151,3.1652,3.0560,3.0356,2.5771,3.3708,3.4613,3.2375,3.2319,3.3819,3.3451,5,1.4413,0,1.7863,1.6328,5,3.0356,0,3.2382,3.1343,1.8128
5,5,1,0,7,1.5247,1.4362,0.9917,0.9042,1.0419,0.9480,1.0138,0.9032,1.6389,1.4998,2.0387,2.0383,57.8609,58.3924,2.1861,2.1780,2.1976,2.1976,2.4675,2.4647,5,0.9917,0,1.2422,1.1383,5,2.0387,1,2.2225,2.2197,1.7891
5,6,0,0,7,1.1757,1.0991,0.9619,0.8776,1.0274,0.9381,0.9712,0.8846,1.0244,0.9290,1.9995,1.9880,2.3111,2.3115,2.0069,2.0052,2.1354,2.1228,2.2768,2.2742,5,0.9619,0,1.0321,0.9457,5,1.9995,0,2.1459,2.1403,2.0792
5,7,1,0,7,0.9047,0.8460,0.8493,0.7810,0.9261,0.8411,0.9987,0.9163,0.8905,0.8075,1.7997,1.7968,2.1675,2.1646,1.8118,1.8106,1.9100,1.9103,1.9088,1.9073,5,0.8493,0,0.9139,0.8384,5,1.7997,0,1.9196,1.9179,2.1005
5,8,0,0,7,0.6543,0.6063,0.5764,0.5249,0.6420,0.5864,0.6735,0.6158,0.6696,0.5997,1.2076,1.2079,1.4434,1.4425,1.3322,1.3325,1.3000,1.3004,1.2715,1.2692,5,0.5764,0,0.6432,0.5866,5,1.2076,0,1.3109,1.3105,2.0383
5,9,1,0,7,0.3528,0.3224,0.3329,0.3001,0.4895,0.4563,0.3644,0.3281,0.5926,0.5371,0.6663,0.6663,0.7121,0.7321,0.6420,0.6560,0.6853,0.6859,0.7259,0.7241,5,0.3329,0,0.4264,0.3888,5,0.6420,0,0.6863,0.6929,1.6094
6,0,0,0,7,0.1504,0.1319,0.1150,0.1035,0.1177,0.1041,0.1186,0.1048,0.1141,0.1008,0.1403,0.1399,0.1415,0.1410,0.3241,0.3210,0.1340,0.1365,0.1532,0.1523,5,0.1141,0,0.1232,0.1090,5,0.1340,0,0.1786,0.1781,1.4503
6,1,1,0,7,0.8166,0.7614,0.8112,0.7405,0.8097,0.7401,0.8322,0.7578,0.7874,0.7204,1.6077,1.6060,1.6077,1.6084,1.6406,1.6399,1.5768,1.5491,1.7386,1.7298,5,0.7874,0,0.8114,0.7440,5,1.5768,0,1.6343,1.6266,2.0141
6,10,0,0,7,0.2529,0.2350,0.2681,0.2415,0.3162,0.2818,0.3907,0.3481,0.2318,0.2086,0.4281,0.4292,0.4175,0.4169,0.4254,0.4245,0.4258,0.4260,0.4365,0.4143,5,0.2318,0,0.2919,0.2630,5,0.4175,0,0.4267,0.4222,1.4615
6,11,1,0,7,0.1858,0.1703,0.2221,0.2014,0.2348,0.2138,0.2166,0.1897,0.1875,0.1681,0.3150,0.3404,0.3345,0.3349,0.3070,0.3064,0.2971,0.2964,0.3632,0.3604,5,0.1858,0,0.2094,0.1887,5,0.2971,0,0.3234,0.3277,1.5445
6,12,0,0,7,0.2134,0.1941,0.2138,0.1925,0.3876,0.3480,0.2700,0.2425,0.2131,0.1914,0.3709,0.3695,0.3685,0.3677,0.4141,0.4139,0.3752,0.3630,0.3708,0.3699,5,0.2131,0,0.2596,0.2337,5,0.3685,0,0.3799,0.3768,1.4635
6,13,1,0,7,0.2841,0.2675,0.1857,0.1652,0.3048,0.2750,0.2208,0.1949,0.1842,0.1649,0.3131,0.3130,0.3123,0.3112,0.3042,0.3036,0.3119,0.3116,0.3535,0.3533,5,0.1842,0,0.2359,0.2135,5,0.3042,0,0.3190,0.3185,1.3522
6,14,0,0,7,0.2552,0.2337,0.1657,0.1465,0.3211,0.2890,0.1682,0.1507,0.1769,0.1576,0.3997,0.3981,0.2725,0.2726,0.2543,0.2536,0.2431,0.2432,0.2587,0.2582,5,0.1657,0,0.2174,0.1955,5,0.2431,0,0.2857,0.2851,1.3139
6,15,1,0,7,0.2161,0.1911,0.1756,0.1575,0.2709,0.2340,0.1799,0.1608,0.1792,0.1593,0.3026,0.3013,0.2831,0.2827,0.3118,0.3104,0.2942,0.2844,0.2889,0.2877,5,0.1756,0,0.2043,0.1805,5,0.2831,0,0.2961,0.2933,1.4492
6,16,0,0,7,0.1738,0.1589,0.3038,0.5594,0.1898,0.1684,0.1758,0.1570,0.1716,0.1536,0.2650,0.2647,0.2774,0.2770,0.2810,0.2803,0.3008,0.3024,0.3056,0.3043,5,0.1716,0,0.2030,0.2395,5,0.2650,0,0.2860,0.2857,1.4089
6,17,1,0,7,0.2100,0.1934,0.4275,0.3657,0.2057,0.1794,0.1750,0.1567,0.1742,0.1561,0.2756,0.2751,0.3833,0.3844,0.2865,0.2859,0.2767,0.2758,0.2861,0.2854,5,0.1742,0,0.2385,0.2103,5,0.2756,0,0.3016,0.3013,1.2648
6,18,0,0,7,0.1684,0.1485,0.3263,0.2823,0.2146,0.1948,0.1522,0.1358,0.1507,0.1346,0.2295,0.2259,0.2351,0.2354,0.2284,0.2274,0.2200,0.2184,0.2267,0.2260,5,0.1507,0,0.2024,0.1792,5,0.2200,0,0.2279,0.2266,1.1260
6,19,1,0,7,0.2022,0.1849,0.3266,0.2501,0.2645,0.2361,0.1972,0.1807,0.2466,0.2318,0.3415,0.3420,0.3299,0.3295,0.3654,0.3654,0.3627,0.3271,0.3191,0.3181,5,0.1972,0,0.2474,0.2167,5,0.3191,0,0.3437,0.3364,1.3892
6,2,0,0,7,0.7167,0.6628,0.6426,0.5836,0.6407,0.5819,0.6398,0.5814,0.6636,0.6024,1.2930,1.2931,1.4035,1.4001,1.3890,1.3880,1.2848,1.2839,1.3833,1.3836,5,0.6398,0,0.6607,0.6024,5,1.2848,0,1.3507,1.3497,2.0444
6,20,0,0,7,0.1775,0.1626,0.2456,0.2258,0.2259,0.2027,0.1861,0.1629,0.1779,0.1595,0.2717,0.2712,55.2799,0.4622,0.2985,0.2972,0.2776,0.2771,0.3969,0.3935,5,0.1775,0,0.2026,0.1827,5,0.2717,1,0.3112,0.3098,1.5359
6,21,1,0,7,0.1803,0.1647,0.2516,0.2293,0.2022,0.1879,0.1837,0.1650,0.2127,0.1905,0.3240,0.3235,0.3556,0.3540,0.2948,0.2939,0.2829,0.2815,0.2958,0.2949,5,0.1803,0,0.2061,0.1875,5,0.2829,0,0.3106,0.3096,1.5071
6,22,0,0,7,0.1800,0.1646,0.2036,0.1833,0.2493,0.2260,0.1857,0.1665,0.1836,0.1625,0.3277,0.3277,0.3947,0.3885,0.3453,0.3455,0.2899,0.2889,0.3016,0.3006,5,0.1800,0,0.2004,0.1806,5,0.2899,0,0.3318,0.3302,1.6556
6,23,1,0,7,0.1770,0.1617,0.1892,0.1695,0.2341,0.1458,0.1812,0.1627,0.1775,0.1592,0.2810,0.2805,0.3620,0.3588,0.2991,0.2981,0.3169,0.3178,0.3212,0.3207,5,0.1770,0,0.1918,0.1598,5,0.2810,0,0.3160,0.3152,1.6478
6,24,0,0,7,0.2259,0.2053,0.2825,0.2517,0.2695,0.1786,0.2010,0.1806,0.2206,0.1982,0.3501,0.3499,0.3440,0.3405,0.3226,0.3217,0.3081,0.3077,0.3283,0.3273,5,0.2010,0,0.2399,0.2029,5,0.3081,0,0.3306,0.3294,1.3782
6,25,1,0,7,0.2166,0.1910,0.4261,0.1921,0.1923,0.1727,0.1880,0.1686,0.1889,0.1692,0.3300,0.3306,0.3900,0.3736,0.3549,0.3551,0.2980,0.2971,0.3128,0.3121,5,0.1880,0,0.2424,0.1787,5,0.2980,0,0.3371,0.3337,1.3910
6,26,0,0,7,0.2597,0.2372,0.4022,0.3616,0.2649,0.2395,0.2600,0.2326,0.2559,0.2311,0.4375,0.4374,0.4684,0.4786,0.4603,0.4591,0.4696,0.4702,0.4934,0.4928,5,0.2559,0,0.2885,0.2604,5,0.4375,0,0.4658,0.4676,1.6145
6,27,1,0,7,0.1748,0.1617,0.2231,0.1953,0.1761,0.1600,0.1757,0.1578,0.1743,0.1574,0.3195,0.3190,0.3000,0.2885,0.2940,0.2936,0.2734,0.2732,0.2742,0.2750,5,0.1743,0,0.1848,0.1664,5,0.2734,0,0.2922,0.2899,1.5813
6,28,0,0,7,0.1711,0.1565,0.1889,0.1723,0.1763,0.1576,0.1742,0.1563,0.1741,0.1544,0.2955,0.2963,0.3141,0.3152,0.3046,0.3046,0.2635,0.2621,0.2858,0.2847,5,0.1711,0,0.1769,0.1594,5,0.2635,0,0.2927,0.2926,1.6544
6,29,1,0,7,0.2361,0.2171,0.2668,0.2352,0.2087,0.1874,0.2067,0.1861,0.2072,0.1863,0.3443,0.3437,0.3656,0.3647,0.3642,0.3637,0.3779,0.3791,0.5436,0.3970,5,0.2067,0,0.2251,0.2024,5,0.3443,0,0.3991,0.3696,1.7731
6,3,1,0,7,0.7301,0.6757,0.7794,0.7064,0.6753,0.6171,0.6816,0.6213,0.9112,0.8163,1.3940,1.3920,1.5165,1.5155,1.5476,1.5404,7.6579,7.6552,1.4180,1.4165,5,0.6753,0,0.7555,0.6874,5,1.3940,1,1.4690,1.4661,1.9444
6,30,0,0,7,0.2371,0.2169,0.2572,0.2310,0.2415,0.2157,0.2358,0.2129,0.2345,0.2112,0.4418,0.4435,0.4066,0.4060,0.4210,0.4196,0.3826,0.3830,0.4129,0.4116,5,0.2345,0,0.2412,0.2175,5,0.3826,0,0.4130,0.4127,1.7120
6,31,1,0,7,0.3100,0.2843,0.3692,0.3293,0.3652,0.3317,0.3673,0.3311,0.3141,0.2843,0.5831,0.5832,0.6230,0.6233,0.5840,0.5827,0.5951,0.5964,0.6033,0.6026,5,0.3100,0,0.3452,0.3121,5,0.5831,0,0.5977,0.5976,1.7317
6,32,0,0,7,0.2382,0.2233,0.3560,0.3231,0.2521,0.2277,0.2494,0.2233,0.3134,0.2281,0.4813,0.4805,0.4375,0.4370,0.4566,0.4570,0.4088,0.4082,0.4518,0.4503,5,0.2382,0,0.2818,0.2451,5,0.4088,0,0.4472,0.4466,1.5868
6,33,1,0,7,0.3141,0.2858,0.4031,0.3545,0.2685,0.2436,0.2734,0.2475,0.3819,0.3275,0.4626,0.4624,0.5166,0.5122,0.4809,0.4793,0.4917,0.4927,0.4763,0.4758,5,0.2685,0,0.3282,0.2918,5,0.4626,0,0.4856,0.4845,1.4796
6,34,0,0,7,0.4597,0.4262,0.6038,0.5544,0.4693,0.4255,0.4720,0.4298,0.5382,0.4911,0.9605,0.9616,0.9595,0.9601,0.9569,0.9561,0.9644,0.9340,0.9448,0.9391,5,0.4597,0,0.5086,0.4654,5,0.9448,0,0.9572,0.9502,1.8821
6,35,1,0,7,0.7496,0.6859,0.8699,0.7862,0.7689,0.7030,0.7374,0.6639,0.7224,0.6606,1.4538,1.4550,1.4115,1.4120,1.4263,1.4304,1.3839,1.3859,1.5591,1.5514,5,0.7224,0,0.7696,0.6999,5,1.3839,0,1.4469,1.4469,1.8800
6,36,0,0,7,0.4775,0.4364,0.4930,0.4472,0.6377,0.5753,0.4665,0.4219,0.4322,0.3902,0.8916,0.8897,0.8880,0.8879,0.8356,0.8334,0.8378,0.8386,0.8331,0.8325,5,0.4322,0,0.5014,0.4542,5,0.8331,0,0.8572,0.8564,1.7097
6,37,1,1,7,3.3876,3.1611,3.2405,2.9689,3.6765,3.3571,3.2720,2.9978,3.2052,2.9271,7.4829,7.4814,7.3097,7.2979,7.1948,7.1622,58.2314,58.2230,8.5581,8.5576,5,3.2052,0,3.3564,3.0824,5,7.1948,1,7.6364,7.6248,2.2752
6,38,0,1,7,1.7185,1.6076,1.1651,1.0860,1.3219,1.2140,1.1586,1.0568,1.1153,1.0170,2.4530,2.4547,2.4645,2.4666,2.4278,2.4262,2.4636,2.4620,2.5862,2.5848,5,1.1153,0,1.2959,1.1963,5,2.4278,0,2.4790,2.4789,1.9130
6,39,1,0,6,0.6050,0.5111,0.3362,0.3012,0.3878,0.3492,0.3350,0.3009,0.3407,0.3113,0.5967,0.5983,0.5957,0.5956,0.5833,0.5835,0.5713,0.5726,0.5468,0.5463,5,0.3350,0,0.4009,0.3547,5,0.5468,0,0.5788,0.5793,1.4435
6,4,0,0,7,1.2380,1.1518,1.2748,1.1629,1.3162,1.1934,1.3057,1.1919,1.3895,1.2436,56.8839,56.8850,2.9596,2.9558,3.0268,3.0233,2.6695,2.6719,2.6756,2.6750,5,1.2380,0,1.3048,1.1887,5,2.6695,1,2.8329,2.8315,2.1711
6,40,0,0,5,0.4195,0.3886,0.2391,0.2134,0.2369,0.2075,0.2308,0.2057,0.2268,0.2020,0.2995,0.2988,0.3178,0.3168,0.3131,0.3128,0.3208,0.3202,0.3818,0.3785,5,0.2268,0,0.2706,0.2434,5,0.2995,0,0.3266,0.3254,1.2069
6,41,1,0,5,0.3043,0.2815,0.3246,0.2939,0.3333,0.3014,0.3241,0.2931,0.3238,0.2931,0.5849,0.5864,0.5628,0.5606,0.5411,0.5401,0.5363,0.5372,0.5500,0.5297,5,0.3043,0,0.3220,0.2926,5,0.5363,0,0.5550,0.5508,1.7236
6,42,0,0,4,0.1851,0.1687,0.3089,0.2811,0.2028,0.1788,0.2171,0.1949,0.2241,0.1979,0.2848,0.2840,0.3002,0.3001,0.3271,0.3268,0.3237,0.3234,0.2966,0.2961,5,0.1851,0,0.2276,0.2043,5,0.2848,0,0.3065,0.3061,1.3466
6,43,1,0,2,0.1365,0.1240,0.1449,0.1293,0.1537,0.1354,0.2238,0.2190,0.1532,0.1424,0.1760,0.1756,0.1883,0.1880,0.1865,0.1862,0.2060,0.1920,0.2158,0.2143,5,0.1365,0,0.1624,0.1500,5,0.1760,0,0.1945,0.1912,1.1976
6,44,0,0,2,0.1372,0.1242,0.1418,0.1244,0.1632,0.1468,0.1364,0.1202,0.1372,0.1321,0.2473,0.2466,0.1927,0.1926,0.1926,0.1922,0.1820,0.1821,0.1918,0.1914,5,0.1364,0,0.1432,0.1295,5,0.1820,0,0.2013,0.2010,1.4060
6,45,1,0,1,0.1505,0.1310,0.1214,0.1061,0.1298,0.1135,0.1336,0.1222,0.1179,0.1041,0.1709,0.1716,0.1471,0.1470,0.1459,0.1454,0.1341,0.1331,0.1451,0.1443,5,0.1179,0,0.1306,0.1154,5,0.1341,0,0.1486,0.1483,1.1376
6,5,1,0,7,0.3806,0.3513,0.4157,0.3758,0.5186,0.4572,0.3830,0.3454,0.4362,0.4257,0.8172,0.8321,0.7894,0.7917,0.7791,0.7812,0.7066,0.7067,0.7510,0.7503,5,0.3806,0,0.4268,0.3911,5,0.7066,0,0.7687,0.7724,1.8009
6,6,0,0,7,0.3440,0.3199,0.3463,0.3138,0.5382,0.3320,0.3552,0.3143,0.3500,0.3164,0.7479,0.7691,0.6126,0.6137,0.5759,0.5752,0.6007,0.5926,0.6131,0.6130,5,0.3440,0,0.3867,0.3193,5,0.5759,0,0.6300,0.6327,1.6291
6,7,1,0,7,0.2666,0.2427,0.2539,0.2307,0.5208,0.4693,0.3404,0.3044,0.2352,0.2178,0.3770,0.3765,0.3804,0.3804,0.4170,0.4168,0.4041,0.3704,0.3670,0.3661,5,0.2352,0,0.3234,0.2930,5,0.3670,0,0.3891,0.3820,1.2032
6,8,0,0,7,0.3203,0.2970,0.3218,0.2883,0.4345,0.3941,0.5536,0.4945,0.2847,0.2566,0.5066,0.5067,0.5436,0.5444,0.5104,0.5091,0.5180,0.5181,0.5388,0.5390,5,0.2847,0,0.3830,0.3461,5,0.5066,0,0.5235,0.5235,1.3669
6,9,1,0,7,0.2614,0.2367,0.2558,0.2288,0.2903,0.2620,0.4013,0.3732,0.1904,0.1715,0.3602,0.3519,0.3060,0.3055,0.3170,0.3159,0.3912,0.3875,0.3845,0.3809,5,0.1904,0,0.2798,0.2544,5,0.3060,0,0.3518,0.3483,1.2571
7,0,0,0,7,0.6009,0.5529,0.4847,0.4415,0.4813,0.4376,0.9896,0.6980,0.4892,0.4430,0.9887,0.9914,0.9753,0.9746,0.9897,0.9893,0.9442,0.9448,0.9788,0.9787,5,0.4813,0,0.6091,0.5146,5,0.9442,0,0.9753,0.9758,1.6012
7,1,1,0,7,1.2628,1.1813,1.0132,0.9231,1.0260,0.9303,0.9764,0.9024,0.9947,0.9097,2.0928,2.0933,2.0839,2.0816,2.0636,2.0796,2.0125,2.0088,2.0491,2.0478,5,0.9764,0,1.0546,0.9694,5,2.0125,0,2.0604,2.0622,1.9537
7,10,0,0,7,0.2614,0.2340,0.2581,0.2292,0.2687,0.2435,0.2725,0.2399,0.2558,0.2288,0.5326,0.5321,0.4639,0.4635,0.4927,0.4938,0.4834,0.4808,0.4897,0.4908,5,0.2558,0,0.2633,0.2351,5,0.4639,0,0.4925,0.4922,1.8703
7,11,1,0,7,0.2201,0.1970,0.2132,0.1927,0.2257,0.2046,0.3455,0.3248,0.2128,0.1927,0.3620,0.3613,0.3782,0.3583,0.3630,0.3623,0.3834,0.3832,0.4871,0.4861,5,0.2128,0,0.2435,0.2224,5,0.3620,0,0.3947,0.3902,1.6214
7,12,0,0,7,0.2285,0.2118,0.2334,0.2100,0.2447,0.2190,0.2924,0.2644,0.2315,0.2088,0.4438,0.4441,0.3930,0.3921,0.3956,0.3948,0.4792,0.4773,0.4263,0.4249,5,0.2285,0,0.2461,0.2228,5,0.3930,0,0.4276,0.4266,1.7374
7,13,1,0,7,0.3559,0.3306,0.3698,0.3361,0.3674,0.3340,0.4062,0.3701,0.3593,0.3260,0.7147,0.6931,0.8420,0.8387,0.7286,0.7282,0.7019,0.7020,0.7816,0.7743,5,0.3559,0,0.3717,0.3394,5,0.7019,0,0.7538,0.7473,2.0278
7,14,0,0,7,0.3123,0.2905,0.3196,0.2895,0.2887,0.2615,0.3305,0.2933,0.2843,0.2641,0.5181,0.0585,0.5610,0.5622,0.5638,0.5643,0.5732,0.5642,0.5660,0.5663,5,0.2843,0,0.3071,0.2798,5,0.5181,0,0.5564,0.4631,1.8120
7,15,1,0,7,0.2848,0.2606,0.3176,0.2684,0.4392,0.3870,0.3246,0.2946,0.2843,0.2578,59.0235,117.9356,0.5154,0.5147,0.5166,0.5160,0.5648,0.5481,0.5198,0.5192,5,0.2843,0,0.3301,0.2937,5,0.5154,1,0.5292,0.5245,1.6030
7,16,0,0,7,0.3250,0.3017,0.7633,0.6899,0.3537,0.3180,0.3724,0.3376,0.3517,0.3119,0.7526,0.7507,0.6626,0.6629,0.6734,0.6729,0.6440,0.6444,0.6566,0.6557,5,0.3250,0,0.4332,0.3918,5,0.6440,0,0.6778,0.6773,1.5647
7,17,1,0,7,0.2041,0.1873,0.3779,0.3423,0.2229,0.1985,0.2480,0.2233,0.2440,0.2197,0.3538,0.3526,0.3453,0.3447,0.3480,0.3473,0.3548,0.3555,0.3691,0.3681,5,0.2041,0,0.2594,0.2342,5,0.3453,0,0.3542,0.3536,1.3656
7,18,0,0,7,0.1932,0.1770,0.3267,0.2902,0.2056,0.1855,0.2385,0.2111,0.2303,0.2069,0.3627,0.3636,0.3548,0.3536,0.3615,0.3621,0.3153,0.3147,0.3420,0.3206,5,0.1932,0,0.2389,0.2141,5,0.3153,0,0.3473,0.3429,1.4538
7,19,1,0,7,0.1841,0.1687,0.2982,0.2630,0.1965,0.1750,0.2228,0.2012,0.3202,0.2981,0.4469,0.4441,0.3077,0.3071,0.3118,0.3109,0.3085,0.3077,0.3095,0.3085,5,0.1841,0,0.2444,0.2212,5,0.3077,0,0.3369,0.3357,1.3786
7,2,0,0,7,0.9507,0.8811,0.9707,0.8776,1.2363,1.1080,0.9290,0.8376,0.9976,0.8933,1.9224,1.9218,1.8514,1.8514,1.8412,1.8395,1.9465,1.9441,1.8802,1.8784,5,0.9290,0,1.0169,0.9195,5,1.8412,0,1.8883,1.8870,1.8570
7,20,0,0,7,0.1957,0.1751,0.2730,0.2465,0.1960,0.1761,0.2293,0.2065,0.2441,0.2180,0.3344,0.3341,0.3284,0.3279,0.3285,0.3278,0.3325,0.3428,0.3403,0.3386,5,0.1957,0,0.2276,0.2044,5,0.3284,0,0.3328,0.3342,1.4622
7,21,1,0,7,0.1874,0.1735,0.2296,0.2047,0.1942,0.1742,0.2249,0.2021,0.2372,0.2177,0.3667,0.3665,0.3550,0.3561,0.3531,0.3533,0.3397,0.3225,0.3352,0.3355,5,0.1874,0,0.2147,0.1944,5,0.3352,0,0.3499,0.3468,1.6302
7,22,0,0,7,0.1738,0.1588,0.2015,0.1797,0.1780,0.1844,0.2095,0.1891,0.2391,0.2108,0.2957,0.2946,0.3537,0.3505,0.2936,0.2933,0.3027,0.3021,0.2898,0.2894,5,0.1738,0,0.2004,0.1846,5,0.2898,0,0.3071,0.3060,1.5326
7,23,1,0,7,0.1860,0.1702,0.2015,0.1816,0.2138,0.1933,0.2436,0.2453,0.2238,0.1852,0.3178,0.3170,0.3202,0.3199,0.3153,0.3143,0.3468,0.3228,0.3235,0.3223,5,0.1860,0,0.2137,0.1951,5,0.3153,0,0.3247,0.3193,1.5192
7,24,0,0,7,0.1812,0.1657,0.1893,0.1700,0.1872,0.1678,0.3217,0.3012,0.2231,0.1979,0.3446,0.3446,0.3469,0.3480,0.3481,0.3486,0.3416,0.3190,0.3328,0.3326,5,0.1812,0,0.2205,0.2005,5,0.3328,0,0.3428,0.3386,1.5546
7,25,1,0,7,0.3285,0.3034,0.3548,0.3192,0.3600,0.3262,0.5751,0.5227,0.5882,0.5201,0.6292,0.6283,0.6312,0.6305,0.6251,0.6254,0.6702,0.6594,0.6402,0.6395,5,0.3285,0,0.4413,0.3983,5,0.6251,0,0.6392,0.6366,1.4483
7,26,0,1,7,2.0980,1.9566,1.8914,1.7218,1.8618,1.7016,3.1649,2.8862,1.8322,1.6852,4.1678,4.1590,4.0417,4.0389,4.1054,4.1027,4.2001,4.2049,4.1086,4.0979,5,1.8322,0,2.1697,1.9903,5,4.0417,0,4.1247,4.1207,1.9011
7,27,1,1,7,2.4511,2.3272,3.1267,2.8603,2.5492,2.3331,2.5435,2.3341,2.4529,2.2406,5.4707,5.3638,57.8351,57.8175,5.4455,5.4441,5.5584,5.5574,5.4082,5.4054,5,2.4511,0,2.6247,2.4191,5,5.4082,1,5.4707,5.4427,2.0843
7,28,0,0,7,0.3859,0.3471,0.2694,0.2413,0.2498,0.2243,0.2496,0.2226,0.2725,0.2439,0.3619,0.3618,0.4345,0.4319,0.3675,0.3659,0.3464,0.3469,0.3618,0.3610,5,0.2496,0,0.2854,0.2558,5,0.3464,0,0.3744,0.3735,1.3117
7,29,1,0,7,0.3509,0.3202,0.2405,0.2166,0.2365,0.2124,0.2400,0.2167,0.2402,0.2162,0.3920,0.3922,0.3660,0.3617,0.3923,0.3896,0.3825,0.3819,0.3998,0.3998,5,0.2365,0,0.2616,0.2364,5,0.3660,0,0.3865,0.3850,1.4774
7,3,1,0,7,0.4955,0.4595,0.5145,0.4651,0.7744,0.7067,1.4052,1.2747,0.5388,0.4712,0.9298,0.9291,2.5415,2.5392,0.9573,0.9555,0.9841,0.9816,55.1882,55.1865,5,0.4955,0,0.7457,0.6754,5,0.9298,1,1.3532,1.3514,1.8147
7,30,0,0,7,0.3169,0.3083,0.2280,0.2072,0.2255,0.2040,0.2297,0.2062,0.2321,0.2084,0.3220,0.3213,0.3352,0.3306,0.3281,0.3263,0.3457,0.3458,0.3287,0.3279,5,0.2255,0,0.2464,0.2268,5,0.3220,0,0.3319,0.3304,1.3469
7,31,1,0,7,0.2490,0.2274,0.2256,0.2089,0.2579,0.2254,0.2565,0.2311,0.2491,0.2308,0.3959,0.3946,0.4188,0.4196,0.3657,0.3640,0.3528,0.3526,0.3835,0.3825,5,0.2256,0,0.2476,0.2247,5,0.3528,0,0.3833,0.3827,1.5481
7,32,0,0,7,0.2396,0.2111,0.1717,0.1519,0.2078,0.1831,0.2051,0.1808,0.1683,0.1502,0.2631,0.2625,0.2709,0.2705,0.3046,0.3053,0.2900,0.2899,0.2760,0.2744,5,0.1683,0,0.1985,0.1754,5,0.2631,0,0.2809,0.2805,1.4152
7,33,1,0,7,0.2579,0.2343,0.2061,0.1846,0.2399,0.2156,0.2715,0.2551,0.2079,0.1852,0.3427,0.3421,0.3578,0.3571,0.3501,0.3497,0.3621,0.3623,0.3454,0.3446,5,0.2061,0,0.2367,0.2150,5,0.3427,0,0.3516,0.3512,1.4858
7,34,0,0,7,0.2136,0.1955,0.1713,0.1537,0.2216,0.1988,0.3116,0.2814,0.1751,0.1577,0.2854,0.2845,0.3236,0.3244,0.2748,0.2742,0.2608,0.2604,0.2749,0.2739,5,0.1713,0,0.2186,0.1974,5,0.2608,0,0.2839,0.2835,1.2985
7,35,1,0,7,0.2427,0.2231,0.2599,0.2339,0.2553,0.2301,0.7830,0.7012,0.2225,0.2011,0.4099,0.4093,0.3901,0.3893,0.4244,0.4243,0.4125,0.4127,0.5356,0.5321,5,0.2225,1,0.2451,0.2220,5,0.3901,0,0.4345,0.4335,1.7727
7,36,0,0,7,0.1975,0.1815,0.1948,0.1751,0.2270,0.2040,0.2356,0.2122,0.1955,0.1756,0.3267,0.3266,0.3459,0.3455,0.3339,0.3330,0.3491,0.3491,0.3349,0.3344,5,0.1948,0,0.2101,0.1897,5,0.3267,0,0.3381,0.3377,1.6094
7,37,1,0,7,0.1902,0.1751,0.1907,0.1712,0.2027,0.1864,0.2041,0.1837,0.1892,0.1697,0.3353,0.3337,0.3432,0.3189,0.3151,0.3148,0.3022,0.3020,0.3540,0.3544,5,0.1892,0,0.1954,0.1772,5,0.3022,0,0.3300,0.3248,1.6888
7,38,0,0,7,0.2500,0.2308,0.2386,0.2133,0.2423,0.2172,0.2823,0.2436,0.2740,0.2474,0.4163,0.4151,0.4224,0.4211,0.4598,0.4597,0.4587,0.4579,0.4184,0.4173,5,0.2386,0,0.2574,0.2305,5,0.4163,0,0.4351,0.4342,1.6902
7,39,1,0,7,0.2391,0.2158,0.1914,0.1717,0.2046,0.1843,0.2242,0.1960,0.1912,0.1711,0.3126,0.3117,0.3597,0.3606,0.3156,0.3150,0.3015,0.3016,0.3150,0.3144,5,0.1912,0,0.2101,0.1878,5,0.3015,0,0.3209,0.3207,1.5273
7,4,0,0,7,0.4444,0.4105,0.5888,0.5418,0.6434,0.5910,0.6125,0.5523,0.4594,0.4153,0.8448,0.8402,1.0154,1.0137,0.8635,0.8628,0.8908,0.8882,0.9644,0.9635,5,0.4444,0,0.5497,0.5022,5,0.8448,0,0.9158,0.9137,1.6660
7,40,0,0,7,0.2092,0.1855,0.2034,0.1737,0.2046,0.1846,0.2523,0.2188,0.1933,0.1741,0.3736,0.3740,0.3345,0.3340,0.3370,0.3363,0.3143,0.3140,0.3648,0.3652,5,0.1933,0,0.2126,0.1873,5,0.3143,0,0.3448,0.3447,1.6223
7,41,1,0,6,0.2050,0.1883,0.2050,0.1846,0.2046,0.1852,0.4505,0.3860,0.1995,0.1794,0.3344,0.3334,0.3320,0.3312,0.3546,0.3537,0.3795,0.3567,0.3359,0.3351,5,0.1995,0,0.2529,0.2247,5,0.3320,0,0.3473,0.3420,1.3731
7,42,0,0,6,0.2535,0.2335,0.1789,0.1603,0.1776,0.1590,0.2717,0.2435,0.1789,0.1602,0.2885,0.2878,0.3325,0.3331,0.2905,0.2897,0.2790,0.2783,0.2901,0.2889,5,0.1776,0,0.2121,0.1913,5,0.2790,0,0.2961,0.2956,1.3960
7,43,1,0,3,0.2271,0.2048,0.1419,0.1277,0.1451,0.1277,0.1722,0.1548,0.1435,0.1278,0.2341,0.2326,0.2108,0.2107,0.2025,0.2020,0.1912,0.1908,0.2443,0.2429,5,0.1419,0,0.1660,0.1486,5,0.1912,0,0.2166,0.2158,1.3050
7,44,0,0,5,0.1905,0.1742,0.1752,0.1571,0.1746,0.1560,0.1972,0.1767,0.1753,0.1567,0.3711,0.3679,0.2919,0.2917,0.3229,0.3234,0.3046,0.3047,0.2845,0.2838,5,0.1746,0,0.1826,0.1641,5,0.2845,0,0.3150,0.3143,1.7255
7,45,1,0,2,0.1118,0.0984,0.1187,0.1029,0.3012,0.0988,0.1319,0.1115,0.1105,0.0982,0.1359,0.1356,0.1314,0.1311,0.1391,0.1386,0.1348,0.1330,0.1284,0.1277,5,0.1105,0,0.1548,0.1020,5,0.1284,0,0.1339,0.1332,0.8650
7,46,0,0,3,0.1507,0.1353,0.1504,0.1332,0.3754,0.3218,0.2591,0.2273,0.1529,0.1350,0.2213,0.2209,0.2536,0.2523,0.2381,0.2374,0.2257,0.2258,0.2825,0.2805,5,0.1504,0,0.2177,0.1905,5,0.2213,0,0.2442,0.2434,1.1219
7,47,1,0,2,0.1058,0.0949,0.1076,0.0954,0.2430,0.1915,0.1561,0.1394,0.1076,0.0948,0.1386,0.1384,0.1326,0.1319,0.1340,0.1371,0.1189,0.1181,0.1614,0.1603,5,0.1058,0,0.1440,0.1232,5,0.1189,0,0.1371,0.1372,0.9520
7,48,0,0,2,0.1085,0.0975,0.1102,0.0972,0.2139,0.1754,0.1363,0.1148,0.1103,0.0972,0.1612,0.1605,0.1424,0.1419,0.1402,0.1429,58.6327,0.1361,0.1336,0.1333,5,0.1085,0,0.1358,0.1164,5,0.1336,1,0.1444,0.1447,1.0626
7,49,1,0,2,0.1042,0.0933,0.1061,0.0935,0.1492,0.1191,0.1117,0.0987,0.1068,0.0940,0.1606,0.1388,0.1404,0.1406,0.1418,0.1443,0.1663,0.1653,0.1263,0.1258,5,0.1042,0,0.1156,0.0997,5,0.1263,0,0.1471,0.1430,1.2723
7,5,1,0,7,0.3626,0.3361,0.3491,0.3163,0.8509,0.7755,0.4251,0.3846,0.3626,0.3307,0.6630,0.6643,0.6734,0.6745,0.6700,0.6697,0.6177,0.6182,0.7626,0.7594,5,0.3491,0,0.4701,0.4286,5,0.6177,0,0.6773,0.6772,1.4410
7,50,0,0,2,0.1073,0.0963,0.1082,0.0955,0.1488,0.1137,0.1272,0.1045,0.1099,0.0967,0.9695,0.1630,0.1427,0.1461,0.1619,0.1656,0.1340,0.1299,0.1372,0.1368,5,0.1073,0,0.1203,0.1013,5,0.1340,1,0.1439,0.1446,1.1968
7,51,1,0,2,0.1031,0.0945,0.1048,0.0925,0.1215,0.1034,0.1500,0.1308,0.1067,0.0937,0.7745,0.1577,0.1305,0.1336,0.1289,0.1315,0.2665,0.2603,0.1386,0.1381,5,0.1031,0,0.1172,0.1030,5,0.1289,1,0.1661,0.1659,1.4172
7,52,0,0,2,0.1068,0.0958,0.2324,0.1961,0.1195,0.1099,0.1201,0.1055,0.1092,0.0962,0.3141,0.1387,0.1398,0.1428,0.1382,0.1412,0.1371,0.1329,0.1406,0.1437,5,0.1068,0,0.1376,0.1207,5,0.1371,0,0.1740,0.1399,1.2642
7,6,0,0,7,0.4137,0.3828,0.4236,0.3855,0.5390,0.4673,0.5163,0.4690,0.4226,0.3838,0.8775,0.8757,0.9004,0.8974,0.8449,0.8458,0.8736,0.8703,0.8512,0.8529,5,0.4137,0,0.4630,0.4177,5,0.8449,0,0.8695,0.8684,1.8779
7,7,1,0,7,0.3689,0.3396,0.3761,0.3397,1.0074,0.8730,0.4414,0.4105,0.3930,0.3432,0.7828,0.7845,0.7760,0.7740,0.7108,0.0618,0.7792,0.7767,0.7735,0.7734,5,0.3689,0,0.5174,0.4612,5,0.7108,0,0.7645,0.6341,1.4776
7,8,0,0,7,0.5142,0.4785,0.5149,0.4667,0.5395,0.4820,0.5188,0.4747,0.5349,0.4870,1.0362,1.0363,1.0763,1.0742,55.2157,55.9308,1.0450,1.0426,1.0841,1.0603,5,0.5142,0,0.5245,0.4778,5,1.0362,1,1.0604,1.0534,2.0219
7,9,1,0,7,0.2583,0.2414,0.2737,0.2444,0.2760,0.2494,0.3061,0.2712,0.2643,0.2385,0.4887,0.4623,0.5581,0.5562,0.4864,0.4867,0.4867,0.4882,0.5353,0.5329,5,0.2583,0,0.2757,0.2490,5,0.4864,0,0.5110,0.5053,1.8537
8,0,0,0,7,0.4566,0.4192,0.4646,0.4263,0.4335,0.3922,0.5466,0.5003,0.4346,0.3960,0.8331,0.8300,0.8041,0.8147,0.8230,0.8224,0.8692,0.8625,0.8689,0.8687,5,0.4335,0,0.4672,0.4268,5,0.8041,0,0.8397,0.8397,1.7973
8,1,1,0,7,1.1157,1.0362,1.0875,0.9939,1.1851,1.0818,1.1523,1.0427,1.1590,1.0405,2.2439,2.2388,2.2706,2.2470,2.2453,2.2424,2.4275,2.4194,2.2601,2.2586,5,1.0875,0,1.1399,1.0390,5,2.2439,0,2.2895,2.2812,2.0085
8,10,0,0,7,0.3780,0.3699,0.3168,0.2845,0.5437,0.4877,0.3290,0.3040,0.3258,0.2999,57.8148,58.5630,0.6252,0.6257,0.6568,0.6527,0.6957,0.6968,0.6271,0.6182,5,0.3168,0,0.3787,0.3492,5,0.6252,1,0.6512,0.6483,1.7197
8,11,1,0,7,0.2700,0.2450,0.2205,0.1988,0.4357,0.3860,0.2228,0.1992,0.2342,0.2122,0.5037,0.4993,0.3790,0.3785,0.3792,0.3784,0.3619,0.3621,0.4508,0.4419,5,0.2205,0,0.2766,0.2482,5,0.3619,0,0.4149,0.4120,1.4999
8,12,0,0,7,0.1950,0.1759,0.1712,0.1543,0.2028,0.1791,0.1719,0.1545,0.1744,0.1554,0.2751,0.2741,0.2690,0.2691,0.3931,0.3932,0.2556,0.2550,0.2773,0.2708,5,0.1712,0,0.1831,0.1638,5,0.2556,0,0.2940,0.2924,1.6061
8,13,1,0,7,0.2634,0.2458,0.2599,0.2346,0.3929,0.3570,0.3222,0.3039,0.3011,0.2741,0.4823,0.4804,0.4953,0.4961,0.4529,0.4513,0.5446,0.5192,0.4817,0.4801,5,0.2599,0,0.3079,0.2831,5,0.4529,0,0.4914,0.4854,1.5958
8,14,0,0,7,0.2842,0.2575,0.2712,0.2454,0.3523,0.3117,0.2666,0.2410,0.2683,0.2421,0.5813,0.5623,0.4798,0.4794,0.5225,0.5224,0.5041,0.5047,0.4859,0.4804,5,0.2666,0,0.2885,0.2595,5,0.4798,0,0.5147,0.5098,1.7840
8,15,1,0,7,0.3118,0.2815,0.2954,0.2652,0.3151,0.2867,0.2947,0.2670,0.2943,0.2638,0.5783,0.5797,0.5704,0.5709,0.5381,0.5375,0.5877,0.5569,0.5666,0.5647,5,0.2943,0,0.3023,0.2728,5,0.5381,0,0.5682,0.5619,1.8799
8,16,0,0,7,0.2247,0.2000,0.1734,0.1549,0.1852,0.1635,0.1731,0.1537,0.2126,0.1749,0.2757,0.2751,0.2694,0.2703,0.3189,0.3194,0.2605,0.2605,0.2772,0.2716,5,0.1731,0,0.1938,0.1694,5,0.2605,0,0.2803,0.2794,1.4465
8,17,1,0,7,0.5675,0.3553,0.2779,0.2615,0.2770,0.2504,0.4675,0.4066,0.2898,0.2611,0.4786,0.4769,0.6123,0.5383,0.4921,0.4903,0.5765,0.5777,0.4902,0.4913,5,0.2770,0,0.3759,0.3070,5,0.4786,0,0.5299,0.5149,1.4096
8,18,0,0,7,0.3089,0.2852,0.1873,0.1682,0.2850,0.2548,0.3066,0.2818,0.1920,0.1728,0.3429,0.3432,0.3151,0.3130,0.3181,0.3173,0.2890,0.2890,0.3344,0.2974,5,0.1873,0,0.2560,0.2326,5,0.2890,0,0.3199,0.3120,1.2498
8,19,1,0,7,0.2983,0.2722,0.2415,0.2178,0.2638,0.2348,0.3405,0.2736,0.2432,0.2198,0.4246,0.4237,0.5127,0.5144,0.4515,0.4515,0.4885,0.4986,0.4224,0.4161,5,0.2415,0,0.2775,0.2436,5,0.4224,0,0.4599,0.4609,1.6577
8,2,0,1,7,4.8072,4.4919,4.8317,4.4024,4.8436,4.4333,4.6206,4.2318,4.5496,4.1452,9.7065,9.6999,9.7582,9.7452,9.8350,9.8322,10.3860,10.3838,9.9612,9.9568,5,4.5496,0,4.7305,4.3409,5,9.7065,0,9.9294,9.9236,2.0990
8,20,0,0,7,0.1749,0.1573,0.1492,0.1312,0.1513,0.1353,0.1855,0.1483,0.1561,0.1371,0.2103,0.2097,0.2175,0.2173,0.2143,0.2133,0.2064,0.2062,0.2222,0.2091,5,0.1492,0,0.1634,0.1418,5,0.2064,0,0.2141,0.2111,1.3105
8,21,1,0,7,0.2197,0.1907,0.1918,0.1708,0.1881,0.1689,0.2075,0.1817,0.1883,0.1686,0.3391,0.3394,0.3064,0.3058,0.3128,0.3120,0.2888,0.2882,0.3153,0.2910,5,0.1881,0,0.1991,0.1761,5,0.2888,0,0.3125,0.3073,1.5696
8,22,0,0,7,0.1817,0.1655,0.1934,0.1424,0.1609,0.1439,0.1666,0.1511,0.1599,0.1535,0.2525,0.2522,0.3186,0.3165,0.2713,0.2713,0.3239,0.2431,0.2425,0.2381,5,0.1599,0,0.1725,0.1513,5,0.2425,0,0.2818,0.2642,1.6334
8,23,1,0,7,0.1794,0.1565,0.1669,0.1495,0.1695,0.1518,0.1725,0.1550,0.1711,0.1510,0.2860,0.2854,0.2917,0.2910,0.2720,0.2714,0.2989,0.2953,0.2622,0.2589,5,0.1669,0,0.1719,0.1528,5,0.2622,0,0.2822,0.2804,1.6416
8,24,0,0,7,0.1493,0.1362,0.1462,0.1303,0.1671,0.1400,0.1499,0.1348,0.1794,0.1610,0.2471,0.2459,0.2147,0.2144,0.2249,0.2236,0.1974,0.1967,0.2389,0.2344,5,0.1462,0,0.1584,0.1405,5,0.1974,0,0.2246,0.2230,1.4181
8,25,1,0,7,0.2018,0.1823,0.1868,0.1675,0.2060,0.1852,0.1922,0.1738,0.1904,0.1709,0.3078,0.3072,0.3192,0.3185,0.3518,0.3496,0.2907,0.2894,0.3017,0.2970,5,0.1868,0,0.1954,0.1759,5,0.2907,0,0.3142,0.3123,1.6079
8,26,0,0,7,0.2173,0.1990,0.2090,0.1940,0.2212,0.1987,0.2712,0.2296,0.2089,0.1880,0.3406,0.3393,0.3840,0.3845,0.3459,0.3457,0.4140,0.4153,0.3416,0.3358,5,0.2089,0,0.2255,0.2019,5,0.3406,0,0.3652,0.3641,1.6195
8,27,1,0,7,0.2123,0.1948,0.1973,0.1764,0.2014,0.1810,0.2214,0.1971,0.1984,0.1775,0.3387,0.3372,0.3256,0.3249,0.3253,0.3237,0.2974,0.2973,0.3455,0.3406,5,0.1973,0,0.2062,0.1854,5,0.2974,0,0.3265,0.3247,1.5837
8,28,0,0,7,0.2742,0.2501,0.2762,0.2479,0.2634,0.2379,0.3205,0.2904,0.2830,0.2519,0.4540,0.4532,0.4907,0.4898,0.5005,0.5007,0.4737,0.4695,0.4535,0.4491,5,0.2634,0,0.2835,0.2556,5,0.4535,0,0.4745,0.4725,1.6739
8,29,1,1,7,0.9623,0.8836,0.9115,0.8340,0.9491,0.8676,1.2762,1.1652,0.9277,0.8446,2.0721,2.0680,2.0069,2.0062,2.1394,2.1319,2.0491,2.0062,2.0212,2.0085,5,0.9115,0,1.0054,0.9190,5,2.0069,0,2.0577,2.0442,2.0468
8,3,1,0,7,0.6054,0.5623,0.6659,0.6135,0.6207,0.5648,0.6198,0.5632,0.9674,0.8955,1.1475,1.1429,1.1550,1.1566,1.1353,1.1350,1.1829,1.1853,1.3004,1.2928,5,0.6054,0,0.6958,0.6399,5,1.1353,0,1.1842,1.1825,1.7019
8,30,0,0,7,0.3308,0.3056,0.2888,0.2585,0.2993,0.2646,0.4207,0.3805,0.3488,0.3211,0.5529,0.5539,0.5173,0.5169,0.5373,0.5363,0.5278,0.5197,0.5415,0.5401,5,0.2888,0,0.3377,0.3061,5,0.5173,0,0.5354,0.5334,1.5854
8,31,1,0,7,0.2722,0.2461,0.2127,0.1922,0.4426,0.2945,0.2953,0.2664,0.2165,0.1932,0.3606,0.3596,0.3772,0.3762,0.3875,0.3600,0.3442,0.3430,0.3658,0.3602,5,0.2127,0,0.2879,0.2385,5,0.3442,0,0.3671,0.3598,1.2751
8,32,0,0,6,0.2203,0.2116,0.1837,0.1647,0.2806,0.2496,0.2517,0.2137,0.1838,0.1647,0.2952,0.2947,0.3248,0.3248,0.2848,0.2854,0.3588,0.3595,0.2973,0.2922,5,0.1837,0,0.2240,0.2009,5,0.2848,0,0.3122,0.3113,1.3935
8,33,1,0,5,0.1865,0.1703,0.1532,0.1368,0.1806,0.1617,0.2308,0.2031,0.1549,0.1384,0.2667,0.2674,0.2264,0.2257,0.2184,0.2184,0.2144,0.2122,0.2791,0.2655,5,0.1532,0,0.1812,0.1621,5,0.2144,0,0.2410,0.2378,1.3300
8,34,0,0,5,0.1552,0.1400,0.1616,0.1461,0.2018,0.1743,0.2135,0.1943,0.1546,0.1378,0.2302,0.2295,0.2283,0.2280,0.3725,0.2822,0.2122,0.2119,0.2359,0.2278,5,0.1546,0,0.1773,0.1585,5,0.2122,0,0.2558,0.2359,1.4425
8,35,1,0,4,0.1664,0.1523,0.1543,0.1377,0.1857,0.1639,0.2595,0.2332,0.1581,0.1411,0.2351,0.2346,0.2650,0.2643,0.2416,0.2399,0.2103,0.2100,0.2213,0.2167,5,0.1543,0,0.1848,0.1656,5,0.2103,0,0.2347,0.2331,1.2698
8,36,0,0,3,0.1205,0.1090,0.1246,0.1084,0.1589,0.1422,0.1510,0.1422,0.1240,0.1094,0.1754,0.1750,59.0376,0.2047,0.1655,0.1651,0.1673,0.1670,0.1448,0.1438,5,0.1205,0,0.1358,0.1222,5,0.1448,1,0.1633,0.1627,1.2021
8,37,1,0,3,0.1282,0.1150,0.1295,0.1136,0.1713,0.1520,0.2017,0.1766,0.1417,0.1257,0.2027,0.2058,0.2233,0.2224,0.1912,0.1907,0.1562,0.1592,0.1475,0.1508,5,0.1282,0,0.1545,0.1366,5,0.1475,0,0.1842,0.1858,1.1923
8,38,0,0,2,0.1146,0.1027,0.1140,0.1011,0.1583,0.1386,0.1656,0.1492,0.1168,0.1014,0.1530,0.1567,0.1468,0.1428,0.1680,0.1714,0.1146,0.1168,0.1190,0.1221,5,0.1140,0,0.1339,0.1186,5,0.1146,0,0.1403,0.1420,1.0480
8,39,1,0,1,0.0934,0.0830,0.0954,0.0836,0.1263,0.1095,0.1320,0.1186,0.0966,0.0848,0.0942,0.0974,0.1046,0.1010,0.0945,0.0979,0.0823,0.0847,0.2222,0.1177,5,0.0934,0,0.1087,0.0959,5,0.0823,0,0.1196,0.0997,1.0995
8,4,0,0,7,0.2795,0.2566,0.3012,0.2676,0.2965,0.2741,0.3245,0.2960,0.4787,0.4359,0.4900,0.4890,0.5109,0.5108,0.5126,0.5130,0.5754,0.5661,0.4915,0.0674,5,0.2795,0,0.3361,0.3060,5,0.4900,0,0.5161,0.4293,1.5356
8,40,0,0,1,0.1584,0.0833,0.0961,0.0846,0.1254,0.1092,0.1809,0.1465,0.0960,0.0840,0.0939,0.0968,0.0996,0.0996,0.0941,0.0971,0.0835,0.0854,0.0886,0.0909,5,0.0960,0,0.1314,0.1015,5,0.0835,0,0.0919,0.0940,0.6999
8,41,1,0,1,0.0928,0.0827,0.1254,0.1117,0.1269,0.1074,0.2170,0.2000,0.1101,0.0848,0.0913,0.0943,0.0899,0.0932,0.0907,0.0933,0.0812,0.0831,0.0804,0.0828,5,0.0928,0,0.1344,0.1173,5,0.0804,0,0.0867,0.0893,0.6449
8,42,0,0,1,0.1228,0.1005,0.0948,0.0831,0.1279,0.1151,0.1437,0.1241,0.0982,0.0858,0.0930,0.0959,0.1025,0.1056,0.0932,0.0959,0.0819,0.0841,0.0816,0.0838,5,0.0948,0,0.1175,0.1017,5,0.0816,0,0.0904,0.0931,0.7698
8,43,1,0,1,0.1224,0.1127,0.2159,0.0569,0.1189,0.1040,0.1756,0.1398,0.1015,0.0891,0.0908,0.0939,0.1103,0.1140,0.0898,0.0925,0.0797,0.0818,0.0803,0.0826,5,0.1015,0,0.1469,0.1005,5,0.0797,0,0.0902,0.0930,0.6141
8,44,0,0,1,0.0935,0.0836,0.1777,0.3266,0.0971,0.0858,0.1219,0.1120,0.0962,0.0842,0.0931,0.0960,0.0919,0.0950,0.0923,0.0954,0.0819,0.0844,0.0818,0.0843,5,0.0935,0,0.1173,0.1384,5,0.0818,0,0.0882,0.0910,0.7520
8,5,1,0,7,0.9922,0.8452,0.6299,0.5735,0.6354,0.5796,0.7372,0.6811,0.7856,0.7032,1.2941,1.2929,1.2785,1.2784,1.2742,1.2741,1.3325,1.3346,68.3934,56.3839,5,0.6299,0,0.7561,0.6765,5,1.2742,1,1.2948,1.2950,1.7126
8,6,0,0,7,0.7591,0.7012,0.7241,0.6588,0.7359,0.6651,1.0888,1.0067,0.6819,0.6247,1.4207,1.4207,1.4471,1.4457,1.5368,1.5264,1.5762,1.5724,1.5493,1.5413,5,0.6819,0,0.7980,0.7313,5,1.4207,0,1.5060,1.5013,1.8873
8,7,1,0,7,0.4348,0.3998,0.4130,0.3720,0.4306,0.3916,0.5233,0.4613,0.3801,0.3385,0.6870,0.6871,0.6488,0.6482,57.2387,0.7411,0.6321,0.6328,0.7434,0.7331,5,0.3801,0,0.4364,0.3926,5,0.6321,1,0.6778,0.6753,1.5534
8,8,0,0,7,0.6147,0.5705,0.3985,0.3642,0.4256,0.3859,0.4352,0.3938,0.4759,0.4347,0.7956,0.7968,0.8004,0.8000,0.8769,0.8446,0.8098,0.7929,0.8142,0.8062,5,0.3985,0,0.4700,0.4298,5,0.7956,0,0.8194,0.8081,1.7434
8,9,1,0,7,0.4180,0.3818,0.3878,0.3516,0.4552,0.4100,0.4514,0.3828,0.4312,0.3935,0.7470,0.0618,0.7854,0.7857,0.7588,0.7581,0.8436,0.8432,0.9965,0.9790,5,0.3878,0,0.4287,0.3839,5,0.7470,0,0.8263,0.6856,1.9273
9,0,0,0,7,0.1560,0.1421,0.1853,0.1622,0.1748,0.1557,0.1695,0.1517,0.1561,0.1394,0.2893,0.2935,0.2572,0.2518,0.2810,0.2798,0.2797,0.2832,0.2200,0.2169,5,0.1560,0,0.1683,0.1502,5,0.2200,0,0.2654,0.2650,1.5768
9,1,1,0,7,0.3361,0.3099,0.3485,0.3143,0.3827,0.3469,0.3819,0.3462,0.3528,0.3209,0.6633,0.6627,0.7149,0.7151,0.6781,0.6900,0.5999,0.5991,0.6601,0.6520,5,0.3361,0,0.3604,0.3276,5,0.5999,0,0.6633,0.6638,1.8403
9,10,0,0,7,0.2370,0.2163,0.2597,0.2284,0.2310,0.2056,0.2012,0.1741,0.2406,0.2139,0.3170,0.3173,0.3157,0.3154,0.2924,0.2917,0.3621,0.3585,0.3272,0.3214,5,0.2012,0,0.2339,0.2077,5,0.2924,0,0.3229,0.3209,1.3804
9,11,1,0,7,0.2526,0.2317,0.2685,0.2427,0.2854,0.2588,0.4760,0.2220,0.2586,0.2326,0.4545,0.4737,0.4425,0.4397,0.4264,0.4258,0.3792,0.3785,0.5828,0.5021,5,0.2526,0,0.3082,0.2376,5,0.3792,0,0.4571,0.4440,1.4830
9,12,0,0,7,0.2404,0.2204,0.2401,0.2056,0.2446,0.2169,0.2353,0.2161,0.2299,0.2068,0.3267,0.3267,0.3614,0.3625,0.3313,0.3308,0.3469,0.3459,0.3713,0.3634,5,0.2299,0,0.2381,0.2132,5,0.3267,0,0.3475,0.3459,1.4598
9,13,1,0,7,0.2106,0.1913,0.2473,0.2148,0.2221,0.1998,0.2476,0.2013,0.2520,0.2274,0.3340,0.3350,0.3072,0.3068,0.2956,0.2955,0.3338,0.3316,0.3505,0.3439,5,0.2106,0,0.2359,0.2069,5,0.2956,0,0.3242,0.3226,1.3743
9,14,0,0,7,0.3889,0.3427,0.2377,0.2138,0.2690,0.2433,0.3870,0.3574,0.2704,0.2428,0.4534,0.4511,0.3898,0.3892,0.4353,0.4352,0.3806,0.3797,0.4275,0.4276,5,0.2377,0,0.3106,0.2800,5,0.3806,0,0.4173,0.4166,1.3436
9,15,1,0,7,0.2390,0.2134,0.2778,0.2440,0.2627,0.2352,0.2598,0.2253,0.2320,0.2134,0.3857,0.3857,0.4154,0.4163,0.3769,0.3755,0.5005,0.4982,0.3999,0.3825,5,0.2320,0,0.2543,0.2263,5,0.3769,0,0.4157,0.4116,1.6349
9,16,0,0,7,0.2646,0.2452,0.2929,0.2629,0.3468,0.3147,0.5370,0.4880,0.2665,0.2412,0.5553,0.5526,0.4734,0.4728,0.5075,0.5077,0.4688,0.4662,0.6216,0.5302,5,0.2646,0,0.3416,0.3104,5,0.4688,0,0.5253,0.5059,1.5380
9,17,1,0,7,0.2126,0.1951,0.2151,0.1937,0.2689,0.2383,0.3580,0.3205,0.2132,0.1918,0.3677,0.3667,0.4008,0.4019,0.3707,0.3697,0.4133,0.4111,0.4762,0.4733,5,0.2126,0,0.2536,0.2279,5,0.3677,0,0.4057,0.4045,1.6002
9,18,0,0,7,0.3403,0.3028,0.3080,0.2794,0.3441,0.3135,0.3747,0.3415,0.3064,0.2775,0.6790,0.6763,0.5747,0.5745,0.6113,0.6109,0.5609,0.5610,0.6737,0.6670,5,0.3064,0,0.3347,0.3029,5,0.5609,0,0.6199,0.6179,1.8522
9,19,1,0,7,0.2446,0.2303,0.2224,0.2017,0.2609,0.2333,0.3029,0.2675,0.2289,0.1999,0.3972,0.3960,0.4159,0.4166,0.3868,0.3863,0.4098,0.4099,0.4396,0.4394,5,0.2224,0,0.2519,0.2265,5,0.3868,0,0.4099,0.4096,1.6268
9,2,0,0,7,0.5939,0.5518,0.6114,0.5553,0.6131,0.5572,0.6145,0.5507,0.6281,0.5728,1.2027,1.2019,1.2181,1.2189,1.7770,1.7730,1.2673,1.2666,1.2006,1.1939,5,0.5939,0,0.6122,0.5576,5,1.2006,0,1.3331,1.3309,2.1776
9,20,0,1,7,0.8286,0.7739,0.8062,0.7347,0.7916,0.7285,0.8432,0.7703,0.7815,0.7117,1.8444,1.8421,1.7295,1.7297,1.7632,1.7598,1.7228,1.7236,2.1230,2.1188,5,0.7815,0,0.8102,0.7438,5,1.7228,0,1.8366,1.8348,2.2668
9,21,1,0,7,0.5344,0.4542,0.2840,0.2480,0.2110,0.1902,0.2320,0.2048,0.2461,0.2222,0.4084,0.4087,0.3972,0.4003,0.3639,0.3634,0.3713,0.3717,0.3735,0.3710,5,0.2110,0,0.3015,0.2639,5,0.3639,0,0.3829,0.3830,1.2699
9,22,0,0,7,0.5209,0.4959,0.2320,0.2087,0.1973,0.1758,0.2027,0.1798,0.1945,0.1758,0.4008,0.3984,0.3311,0.3307,0.3754,0.3751,0.3217,0.3215,0.3645,0.3647,5,0.1945,0,0.2695,0.2472,5,0.3217,0,0.3587,0.3581,1.3311
9,23,1,0,7,0.2056,0.1825,0.1930,0.1724,0.1565,0.1404,0.1612,0.1444,0.1604,0.1413,0.2429,0.2425,0.2385,0.2381,0.2495,0.2489,0.2327,0.2320,0.2677,0.2694,5,0.1565,0,0.1753,0.1562,5,0.2327,0,0.2463,0.2462,1.4045
9,24,0,0,7,0.4107,0.3802,0.2691,0.2426,0.2294,0.2070,0.2429,0.2188,0.2297,0.2069,0.4356,0.4357,0.4374,0.4379,0.4061,0.4051,0.4519,0.4460,48.5932,0.4501,5,0.2294,0,0.2764,0.2511,5,0.4061,1,0.4328,0.4312,1.5659
9,25,1,0,7,0.2936,0.2704,0.2318,0.2060,0.1864,0.1676,0.1896,0.1698,0.1823,0.1636,0.3518,0.3489,0.2892,0.2885,0.3312,0.3316,0.2933,0.2908,0.4317,0.4185,5,0.1823,0,0.2167,0.1955,5,0.2892,0,0.3394,0.3357,1.5661
9,26,0,0,7,0.2044,0.1850,0.1946,0.1844,0.2067,0.1845,0.2135,0.1767,0.1674,0.1496,0.3042,0.3032,0.2642,0.2638,0.2746,0.2742,0.2774,0.2743,0.3427,0.3357,5,0.1674,0,0.1973,0.1760,5,0.2642,0,0.2926,0.2902,1.4830
9,27,1,0,7,0.3602,0.3277,0.3296,0.2975,0.2155,0.1943,0.2846,0.2518,0.2161,0.1944,0.3736,0.3733,0.4096,0.4210,0.3712,0.3707,0.3912,0.3855,0.4757,0.4020,5,0.2155,0,0.2812,0.2531,5,0.3712,0,0.4043,0.3905,1.4376
9,28,0,0,7,0.3325,0.3045,0.2885,0.2594,0.1943,0.1727,0.3138,0.2744,0.1986,0.1725,0.3217,0.3279,0.3175,0.3167,0.3577,0.3580,0.3159,0.3133,0.3403,0.3396,5,0.1943,0,0.2655,0.2367,5,0.3159,0,0.3306,0.3311,1.2451
9,29,1,0,7,0.2366,0.2122,0.3586,0.3240,0.2109,0.1901,0.3134,0.2869,0.2392,0.1981,0.3980,0.3986,0.3962,0.3949,0.3716,0.3711,0.3964,0.3918,0.4754,0.4530,5,0.2109,0,0.2717,0.2423,5,0.3716,0,0.4075,0.4019,1.4997
9,3,1,0,7,0.1970,0.1796,0.1754,0.1554,0.2151,0.1929,0.2075,0.1864,0.2602,0.2038,0.2911,0.2671,0.2691,0.2681,0.2748,0.2739,0.2943,0.2944,0.2886,0.2873,5,0.1754,0,0.2110,0.1836,5,0.2691,0,0.2836,0.2782,1.3437
9,30,0,0,7,0.2167,0.1937,0.3109,0.2612,0.1974,0.1774,0.2492,0.2237,0.2127,0.1904,0.3346,0.3344,0.3324,0.3317,0.3352,0.3342,0.3375,0.3316,0.3602,0.3607,5,0.1974,0,0.2374,0.2093,5,0.3324,0,0.3400,0.3385,1.4322
9,31,1,0,7,0.2705,0.2492,0.2967,0.2686,0.2632,0.2400,0.3331,0.2982,0.2702,0.2439,0.4776,0.4794,0.4674,0.4661,0.5117,0.5106,0.4768,0.4627,0.5798,0.5795,5,0.2632,0,0.2867,0.2600,5,0.4674,0,0.5027,0.4997,1.7530
9,32,0,0,7,0.2253,0.2069,0.2585,0.2330,0.2269,0.2151,0.3603,0.3321,0.2280,0.2053,0.4156,0.4152,0.4349,0.4356,0.4028,0.4016,0.4318,0.4273,0.4196,0.4197,5,0.2253,0,0.2598,0.2385,5,0.4028,0,0.4209,0.4199,1.6202
9,33,1,0,7,0.2679,0.2461,0.2934,0.2664,0.2751,0.2493,0.3913,0.3514,0.2600,0.2346,0.4596,0.4589,0.4569,0.4565,0.5050,0.5046,0.4610,0.4587,0.5659,0.5659,5,0.2600,0,0.2975,0.2696,5,0.4569,0,0.4897,0.4889,1.6458
9,34,0,0,7,0.2221,0.2018,0.2582,0.2310,0.2235,0.1994,0.2377,0.2141,0.2928,0.2577,0.4330,0.4330,0.4241,0.4251,0.3954,0.3951,0.4182,0.4168,0.5513,0.5526,5,0.2221,0,0.2469,0.2208,5,0.3954,0,0.4444,0.4445,1.8002
9,35,1,0,7,0.2924,0.2709,0.3492,0.3197,0.2817,0.2562,0.3309,0.2980,0.3193,0.2811,0.5176,0.5168,0.5208,0.5200,0.5611,0.5615,0.5161,0.5138,0.6491,0.6488,5,0.2817,0,0.3147,0.2852,5,0.5161,0,0.5529,0.5522,1.7570
9,36,0,0,7,0.2763,0.2544,0.2876,0.2602,0.2781,0.2517,0.2993,0.2644,0.3187,0.2881,59.2467,0.6089,0.5539,0.5543,58.2601,58.2605,0.5370,0.5350,0.5578,0.5479,5,0.2763,0,0.2920,0.2638,5,0.5370,2,0.5496,0.5457,1.8821
9,37,1,0,6,0.2988,0.2756,0.2992,0.2705,0.4877,0.4411,0.3063,0.2788,0.4023,0.3649,0.6571,0.6521,0.5593,0.5592,0.6276,0.6279,0.5357,0.5342,0.6485,0.6496,5,0.2988,0,0.3589,0.3262,5,0.5357,0,0.6056,0.6046,1.6877
9,38,0,0,4,0.1717,0.1561,0.1775,0.1574,0.2457,0.2153,0.1762,0.1576,0.2151,0.1905,0.3280,0.3256,0.3166,0.3176,0.2924,0.2911,0.3052,0.3047,0.3213,0.3134,5,0.1717,0,0.1972,0.1754,5,0.2924,0,0.3127,0.3105,1.5854
9,39,1,0,4,0.2189,0.2011,0.2229,0.2020,0.3904,0.3134,0.2264,0.2042,0.3318,0.3105,0.4681,0.4608,0.3977,0.3972,0.3970,0.3960,0.3863,0.3827,0.5073,0.5028,5,0.2189,0,0.2781,0.2462,5,0.3863,0,0.4313,0.4279,1.5509
9,4,0,0,7,0.2916,0.2676,0.2604,0.2353,0.4154,0.3807,0.3101,0.2800,0.3221,0.2805,0.4579,0.4570,0.5521,0.5502,0.4978,0.4983,0.4388,0.4378,0.5310,0.4608,5,0.2604,0,0.3199,0.2888,5,0.4388,0,0.4955,0.4808,1.5489
9,40,0,0,3,0.1406,0.1275,0.1447,0.1278,0.1967,0.1572,0.1451,0.1295,0.2493,0.2230,0.2177,0.2135,0.2037,0.2035,0.2531,0.2533,0.2016,0.1990,0.1959,0.1952,5,0.1406,0,0.1753,0.1530,5,0.1959,0,0.2144,0.2129,1.2232
9,41,1,0,2,0.1358,0.1228,0.4145,0.1735,0.1859,0.1347,0.1416,0.1248,0.2139,0.1908,0.2303,0.2290,0.2088,0.2077,0.2028,0.2021,0.1881,0.1953,0.2134,0.1987,5,0.1358,1,0.1693,0.1433,5,0.1881,0,0.2087,0.2066,1.2326
9,42,0,0,2,0.1202,0.1085,0.1821,0.1527,0.1594,0.1245,0.1338,0.1175,0.1770,0.1566,0.1636,0.1626,0.1778,0.1777,0.1664,0.1663,0.1743,0.1734,0.3121,0.2515,5,0.1202,0,0.1545,0.1320,5,0.1636,0,0.1988,0.1863,1.2870
9,43,1,0,1,0.1209,0.1090,0.1522,0.1315,0.1390,0.1190,0.1230,0.1090,0.1773,0.1524,0.1678,0.1725,0.1632,0.1628,0.1744,0.1741,0.1437,0.1463,0.1681,0.1671,5,0.1209,0,0.1425,0.1242,5,0.1437,0,0.1634,0.1646,1.1471
9,5,1,0,7,0.2332,0.2135,0.2044,0.1837,0.4436,0.3780,0.2365,0.2132,0.3751,0.3033,0.4167,0.4184,0.3230,0.3227,0.3234,0.3226,0.3357,0.3363,0.3321,0.3284,5,0.2044,0,0.2986,0.2583,5,0.3230,0,0.3462,0.3457,1.1595
9,6,0,0,7,0.2611,0.2398,0.2276,0.2052,0.3474,0.3027,0.2700,0.2417,0.2587,0.2340,0.3848,0.3842,0.3936,0.3809,0.3916,0.3909,0.3748,0.3698,0.5068,0.5008,5,0.2276,0,0.2730,0.2447,5,0.3748,0,0.4103,0.4053,1.5032
9,7,1,0,7,0.3241,0.2901,0.3451,0.3238,0.3776,0.2741,0.3248,0.2907,0.2886,0.2612,0.5987,0.6005,0.5802,0.5786,0.5263,0.5263,0.5513,0.5498,0.5106,0.5061,5,0.2886,0,0.3320,0.2880,5,0.5106,0,0.5534,0.5523,1.6667
9,8,0,0,7,0.2378,0.2183,0.2083,0.1857,0.2210,0.1987,0.2453,0.2238,0.2102,0.1890,0.3478,0.3472,0.3564,0.3561,0.3394,0.3387,0.3628,0.3634,0.4808,0.4503,5,0.2083,0,0.2245,0.2031,5,0.3394,0,0.3774,0.3711,1.6811
9,9,1,1,7,5.2593,4.9148,5.2051,4.7828,4.9556,4.5349,5.0153,4.6036,5.3499,4.8990,11.1347,11.1307,11.0500,11.0341,10.6616,10.6573,65.4779,65.4769,13.7434,13.7237,5,4.9556,0,5.1570,4.7470,5,10.6616,1,11.6474,11.6364,2.2585
